denomination_eth,address,num_wallets,wallets_and_hitcounts
0.1,0x8aa4485468573ea404d6cc48da4745479b96fe3f,2,0xb421a98ca7825ad2951eaf6516bea4a9f08ffbfd(1x);0xf666057b3200c2af14534217ded1b8275dca53eb(1x)
0.1,0x9874af43d0d44dfa457556605b807a50e4962d75,2,0xb421a98ca7825ad2951eaf6516bea4a9f08ffbfd(1x);0xf666057b3200c2af14534217ded1b8275dca53eb(1x)
0.1,0x1ea553b863adb38a2e29e1959e67ccdef6df4d21,2,0xb421a98ca7825ad2951eaf6516bea4a9f08ffbfd(1x);0xf666057b3200c2af14534217ded1b8275dca53eb(1x)
0.1,0x12a1e0bc61fac3f317a999b6ac279fbe245a7fc1,2,0xb421a98ca7825ad2951eaf6516bea4a9f08ffbfd(1x);0xf666057b3200c2af14534217ded1b8275dca53eb(1x)
0.1,0xccbe82cd543b842573f73852f58afb5524ccea02,2,0xb421a98ca7825ad2951eaf6516bea4a9f08ffbfd(1x);0xf666057b3200c2af14534217ded1b8275dca53eb(1x)
0.1,0xa375ad088995265d55cff2f2b461b93d019b53f1,2,0xb421a98ca7825ad2951eaf6516bea4a9f08ffbfd(1x);0xf666057b3200c2af14534217ded1b8275dca53eb(1x)
0.1,0xca231931981546681e5012fa51077d528d176f43,2,0xb421a98ca7825ad2951eaf6516bea4a9f08ffbfd(1x);0xf666057b3200c2af14534217ded1b8275dca53eb(1x)
0.1,0x1c3f5e7a496b1220070028c7f678d0de66877cae,2,0xb421a98ca7825ad2951eaf6516bea4a9f08ffbfd(1x);0xf666057b3200c2af14534217ded1b8275dca53eb(1x)
0.1,0x85c7cdd21778fffb2447209e5e7f566b97467615,2,0xb421a98ca7825ad2951eaf6516bea4a9f08ffbfd(1x);0xf666057b3200c2af14534217ded1b8275dca53eb(1x)
0.1,0x8ec9889d3e64f8bb9a9d727ec1efba9c94b878b0,2,0xb421a98ca7825ad2951eaf6516bea4a9f08ffbfd(1x);0xf666057b3200c2af14534217ded1b8275dca53eb(1x)
0.1,0x05733ebc617f1e94a4c901adb12aff470d8d2bcc,2,0xb421a98ca7825ad2951eaf6516bea4a9f08ffbfd(1x);0xf666057b3200c2af14534217ded1b8275dca53eb(1x)
0.1,0x00861bbe4a6196719a0db35e0ca755452d5472d3,2,0xb421a98ca7825ad2951eaf6516bea4a9f08ffbfd(1x);0xf666057b3200c2af14534217ded1b8275dca53eb(1x)
0.1,0x3bcb8cee5a5278f7e3f1298687384d0908342fd7,2,0xb421a98ca7825ad2951eaf6516bea4a9f08ffbfd(1x);0xf666057b3200c2af14534217ded1b8275dca53eb(1x)
0.1,0xc0308c4b4d425bc1bb3a53497483439b616feafa,2,0xb421a98ca7825ad2951eaf6516bea4a9f08ffbfd(1x);0xf666057b3200c2af14534217ded1b8275dca53eb(1x)
0.1,0xe16378f8e1b779135e9ebac6ade2edcbe6c7aa44,2,0xb421a98ca7825ad2951eaf6516bea4a9f08ffbfd(2x);0xf666057b3200c2af14534217ded1b8275dca53eb(2x)
0.1,0xa875a1bb429cd218a578d0aba26d315d88786303,2,0xb421a98ca7825ad2951eaf6516bea4a9f08ffbfd(1x);0xf666057b3200c2af14534217ded1b8275dca53eb(1x)
0.1,0xfecab73881cc94214cd81886c386e728ef0e283b,2,0xb421a98ca7825ad2951eaf6516bea4a9f08ffbfd(4x);0xf666057b3200c2af14534217ded1b8275dca53eb(4x)
0.1,0x8d3ef46fd438b8cfb46c2dbe735314c9bde4ebcd,2,0xb421a98ca7825ad2951eaf6516bea4a9f08ffbfd(5x);0xf666057b3200c2af14534217ded1b8275dca53eb(5x)
0.1,0x7e0490cf47644d0f5452a7787ed572b98f386bc6,2,0xb421a98ca7825ad2951eaf6516bea4a9f08ffbfd(2x);0xf666057b3200c2af14534217ded1b8275dca53eb(1x)
0.1,0x918fd2f7589b6272ab116e834101f9b4bc2c0766,2,0xb421a98ca7825ad2951eaf6516bea4a9f08ffbfd(5x);0xf666057b3200c2af14534217ded1b8275dca53eb(5x)
0.1,0xb74b22d36dbcb595bf84dc80643bec89b3d44191,2,0xb421a98ca7825ad2951eaf6516bea4a9f08ffbfd(1x);0xf666057b3200c2af14534217ded1b8275dca53eb(1x)
0.1,0xb5f009b5bbf5e2c952308f3e65761f01626fa8a1,2,0xb421a98ca7825ad2951eaf6516bea4a9f08ffbfd(1x);0xf666057b3200c2af14534217ded1b8275dca53eb(1x)
0.1,0x4e806acd3f0b8be66e38fab30df55e7cdf2bbaf9,2,0xb421a98ca7825ad2951eaf6516bea4a9f08ffbfd(1x);0xf666057b3200c2af14534217ded1b8275dca53eb(1x)
0.1,0x6fa9eee7bd20c5416fcc1af5374de2cfe4a5575e,2,0xb421a98ca7825ad2951eaf6516bea4a9f08ffbfd(1x);0xf666057b3200c2af14534217ded1b8275dca53eb(1x)
0.1,0x5e4328984e0534b321eae2e0886018051cac1c36,2,0xb421a98ca7825ad2951eaf6516bea4a9f08ffbfd(1x);0xf666057b3200c2af14534217ded1b8275dca53eb(1x)
0.1,0xb6d3253d94760c5f6a0ccc7a43110c15dc301f9f,2,0xb421a98ca7825ad2951eaf6516bea4a9f08ffbfd(3x);0xf666057b3200c2af14534217ded1b8275dca53eb(3x)
0.1,0xdef78f59cdf50eab293a39008fe57248dd998d66,2,0xb421a98ca7825ad2951eaf6516bea4a9f08ffbfd(1x);0xf666057b3200c2af14534217ded1b8275dca53eb(1x)
0.1,0xae4788c2275e70381b48ec289b40145e3fd33961,2,0xb421a98ca7825ad2951eaf6516bea4a9f08ffbfd(1x);0xf666057b3200c2af14534217ded1b8275dca53eb(1x)
0.1,0x40358403804a9d8e941cf2b696df7f79ba0f93ae,2,0xb421a98ca7825ad2951eaf6516bea4a9f08ffbfd(1x);0xf666057b3200c2af14534217ded1b8275dca53eb(1x)
0.1,0x9c3eb250b1b4fc066c93db188fd48647b6894844,2,0xb421a98ca7825ad2951eaf6516bea4a9f08ffbfd(1x);0xf666057b3200c2af14534217ded1b8275dca53eb(1x)
0.1,0x1eb5c471cb3c87071cb73132857ef62dcbb0b573,2,0xb421a98ca7825ad2951eaf6516bea4a9f08ffbfd(1x);0xf666057b3200c2af14534217ded1b8275dca53eb(1x)
0.1,0x5ec4888fd5f4ec25a17c71e399e8e5cd553b606f,2,0xb421a98ca7825ad2951eaf6516bea4a9f08ffbfd(1x);0xf666057b3200c2af14534217ded1b8275dca53eb(1x)
0.1,0xd4d42d96e1564b62517bdf11f4802730d36a72a2,2,0xb421a98ca7825ad2951eaf6516bea4a9f08ffbfd(1x);0xf666057b3200c2af14534217ded1b8275dca53eb(1x)
0.1,0x817536999b2e27a0a204f411d462ea46e4c5d738,2,0xb421a98ca7825ad2951eaf6516bea4a9f08ffbfd(1x);0xf666057b3200c2af14534217ded1b8275dca53eb(1x)
0.1,0xb241c46ce401288f8a2d181733b820f58385143e,2,0xb421a98ca7825ad2951eaf6516bea4a9f08ffbfd(1x);0xf666057b3200c2af14534217ded1b8275dca53eb(1x)
0.1,0x0860d1bfde6f4b1ac3c472fb48bf0b3edbd6ce4c,2,0xb421a98ca7825ad2951eaf6516bea4a9f08ffbfd(1x);0xf666057b3200c2af14534217ded1b8275dca53eb(1x)
0.1,0xd8d2e360fde45691986aa1f287ffb5efc8957a17,2,0xb421a98ca7825ad2951eaf6516bea4a9f08ffbfd(1x);0xf666057b3200c2af14534217ded1b8275dca53eb(1x)
0.1,0xa261195c7bf546bc7d42d7526e373acff37f1fea,2,0xb421a98ca7825ad2951eaf6516bea4a9f08ffbfd(1x);0xf666057b3200c2af14534217ded1b8275dca53eb(1x)
0.1,0xaaf4ec9b08c466d399807c4d1938bbe628b83eaa,2,0xb421a98ca7825ad2951eaf6516bea4a9f08ffbfd(1x);0xf666057b3200c2af14534217ded1b8275dca53eb(1x)
0.1,0xb945030165bd7b8e8434bb4f283e0216a972e5bd,2,0xb421a98ca7825ad2951eaf6516bea4a9f08ffbfd(1x);0xf666057b3200c2af14534217ded1b8275dca53eb(1x)
0.1,0xc8d50c0766e6ad317e250977c20cdd84b0033f1b,2,0xb421a98ca7825ad2951eaf6516bea4a9f08ffbfd(1x);0xf666057b3200c2af14534217ded1b8275dca53eb(1x)
0.1,0x5989df0aa1e71d4aa508aa7f979adf2db2585503,2,0xb421a98ca7825ad2951eaf6516bea4a9f08ffbfd(1x);0xf666057b3200c2af14534217ded1b8275dca53eb(1x)
0.1,0x891b79301b0e86489075c24e58a04fefb4a19a1b,2,0xb421a98ca7825ad2951eaf6516bea4a9f08ffbfd(4x);0xf666057b3200c2af14534217ded1b8275dca53eb(4x)
0.1,0xa21a80549ce4b778c314af41399edd6e49b19168,2,0xb421a98ca7825ad2951eaf6516bea4a9f08ffbfd(3x);0xf666057b3200c2af14534217ded1b8275dca53eb(3x)
0.1,0x44dab0c50d9cf0c9868d0bc97bbc8b5c98872728,2,0xb421a98ca7825ad2951eaf6516bea4a9f08ffbfd(1x);0xf666057b3200c2af14534217ded1b8275dca53eb(1x)
0.1,0xae81d4c5890d8c9b9666af6c33edf9d2e2e3e192,2,0xb421a98ca7825ad2951eaf6516bea4a9f08ffbfd(1x);0xf666057b3200c2af14534217ded1b8275dca53eb(1x)
0.1,0x4ce9f9631547ac840f1e4ae314a543b561738a58,2,0xb421a98ca7825ad2951eaf6516bea4a9f08ffbfd(1x);0xf666057b3200c2af14534217ded1b8275dca53eb(1x)
0.1,0x3d20dcd805e00318b30941c7c20ef3cf5059f7b1,2,0xb421a98ca7825ad2951eaf6516bea4a9f08ffbfd(1x);0xf666057b3200c2af14534217ded1b8275dca53eb(1x)
0.1,0x06e7afe3bdf5e621ef219b5bfce9185ec8f92a60,2,0xb421a98ca7825ad2951eaf6516bea4a9f08ffbfd(1x);0xf666057b3200c2af14534217ded1b8275dca53eb(1x)
0.1,0x0ed3f8e5a0d1a86bf8b812ae6ca4752c6b41d3a9,2,0xb421a98ca7825ad2951eaf6516bea4a9f08ffbfd(1x);0xf666057b3200c2af14534217ded1b8275dca53eb(1x)
0.1,0x2aa2948bb84dd18ff333578c3b1cf94203358363,2,0xb421a98ca7825ad2951eaf6516bea4a9f08ffbfd(1x);0xf666057b3200c2af14534217ded1b8275dca53eb(1x)
0.1,0x28b0406ad40b88f27cbe97f85f93dbbef8373e04,2,0xb421a98ca7825ad2951eaf6516bea4a9f08ffbfd(1x);0xf666057b3200c2af14534217ded1b8275dca53eb(1x)
0.1,0x46e23192b9da883d37f4425fc3c314fed73db503,2,0xb421a98ca7825ad2951eaf6516bea4a9f08ffbfd(1x);0xf666057b3200c2af14534217ded1b8275dca53eb(1x)
0.1,0xa12898bd600e247490960a42e50dd88eecdb7230,2,0xb421a98ca7825ad2951eaf6516bea4a9f08ffbfd(1x);0xf666057b3200c2af14534217ded1b8275dca53eb(1x)
0.1,0xc5a3eb3d524ff74c95687b5e665fbbf152cf3dd3,2,0xb421a98ca7825ad2951eaf6516bea4a9f08ffbfd(1x);0xf666057b3200c2af14534217ded1b8275dca53eb(1x)
0.1,0x2ec223b709f6aebfdfe4c496d9acf2b4ace67163,2,0xb421a98ca7825ad2951eaf6516bea4a9f08ffbfd(1x);0xf666057b3200c2af14534217ded1b8275dca53eb(1x)
0.1,0x1d8f5f4215222eeadf102363af89f51546d535be,2,0xb421a98ca7825ad2951eaf6516bea4a9f08ffbfd(1x);0xf666057b3200c2af14534217ded1b8275dca53eb(1x)
0.1,0xf829454b2332041eb72bf7da5529f1d6246ac653,2,0xb421a98ca7825ad2951eaf6516bea4a9f08ffbfd(1x);0xf666057b3200c2af14534217ded1b8275dca53eb(1x)
0.1,0xf11ad406998833ceafa0d9c6a6d68e923c4b4c35,2,0xb421a98ca7825ad2951eaf6516bea4a9f08ffbfd(1x);0xf666057b3200c2af14534217ded1b8275dca53eb(1x)
0.1,0xe647edb42eebecfcdbb5633e21d2cd4d64185cbb,2,0xb421a98ca7825ad2951eaf6516bea4a9f08ffbfd(1x);0xf666057b3200c2af14534217ded1b8275dca53eb(1x)
0.1,0x874512860825d8ad54bd97e9a01c653718e275e0,2,0xb421a98ca7825ad2951eaf6516bea4a9f08ffbfd(1x);0xf666057b3200c2af14534217ded1b8275dca53eb(1x)
0.1,0x8360fbb979983bda1b1563dc70ef2ec47fdeb681,2,0xb421a98ca7825ad2951eaf6516bea4a9f08ffbfd(1x);0xf666057b3200c2af14534217ded1b8275dca53eb(1x)
0.1,0x868b1fc2edca98e2c4ddc93e90ae0e8aebeaaee4,2,0xb421a98ca7825ad2951eaf6516bea4a9f08ffbfd(1x);0xf666057b3200c2af14534217ded1b8275dca53eb(1x)
0.1,0x618c79dee2cb57698c44f9cab9775c9c54d8fee9,2,0xb421a98ca7825ad2951eaf6516bea4a9f08ffbfd(1x);0xf666057b3200c2af14534217ded1b8275dca53eb(1x)
0.1,0xbe1d86434d103ff3c36b71d635e51a5d0ad2c793,2,0xb421a98ca7825ad2951eaf6516bea4a9f08ffbfd(4x);0xf666057b3200c2af14534217ded1b8275dca53eb(4x)
0.1,0x2f6a4aa5066a2d9633accb7b0298b6a39dc790d5,2,0xb421a98ca7825ad2951eaf6516bea4a9f08ffbfd(2x);0xf666057b3200c2af14534217ded1b8275dca53eb(2x)
0.1,0x40172b378e37d087e09551bcf94b36b4ea2c1efa,2,0xb421a98ca7825ad2951eaf6516bea4a9f08ffbfd(4x);0xf666057b3200c2af14534217ded1b8275dca53eb(4x)
0.1,0xe1b2356fc5ce22b63e4aabc07f1223fc4a8e0f04,2,0xb421a98ca7825ad2951eaf6516bea4a9f08ffbfd(6x);0xf666057b3200c2af14534217ded1b8275dca53eb(6x)
0.1,0x532cd1d88ba7e59521301c91df2ae79327281f70,2,0xb421a98ca7825ad2951eaf6516bea4a9f08ffbfd(7x);0xf666057b3200c2af14534217ded1b8275dca53eb(7x)
0.1,0x7b4269bf3f318abf81e55e0a230522b551e63446,2,0xb421a98ca7825ad2951eaf6516bea4a9f08ffbfd(1x);0xf666057b3200c2af14534217ded1b8275dca53eb(1x)
0.1,0xff07ff012b34f3be004e603ba2242ad25814193b,2,0xb421a98ca7825ad2951eaf6516bea4a9f08ffbfd(1x);0xf666057b3200c2af14534217ded1b8275dca53eb(1x)
0.1,0x9b38588a8106113cec81eebdda27212ea237a0f0,2,0xb421a98ca7825ad2951eaf6516bea4a9f08ffbfd(1x);0xf666057b3200c2af14534217ded1b8275dca53eb(1x)
0.1,0xe4343f3aa618e20bb5c5c0032f797d3b60411314,2,0xb421a98ca7825ad2951eaf6516bea4a9f08ffbfd(1x);0xf666057b3200c2af14534217ded1b8275dca53eb(1x)
0.1,0x3fa3fdb388a03eb35fd39a33bc60a2d5ad677ca4,2,0xb421a98ca7825ad2951eaf6516bea4a9f08ffbfd(1x);0xf666057b3200c2af14534217ded1b8275dca53eb(1x)
0.1,0x530e163a0640ed2c327ba3eb54138c700efef5bc,2,0xb421a98ca7825ad2951eaf6516bea4a9f08ffbfd(1x);0xf666057b3200c2af14534217ded1b8275dca53eb(1x)
0.1,0xf14f8042a123ba36777d700da0b086394a4940cd,2,0xb421a98ca7825ad2951eaf6516bea4a9f08ffbfd(1x);0xf666057b3200c2af14534217ded1b8275dca53eb(1x)
0.1,0x0baed646fea43ff92e80cdf6d3d5968f52322807,2,0xb421a98ca7825ad2951eaf6516bea4a9f08ffbfd(1x);0xf666057b3200c2af14534217ded1b8275dca53eb(1x)
0.1,0x07b55772b111dd2eaba97a8f74c0dd21d807ab01,2,0xb421a98ca7825ad2951eaf6516bea4a9f08ffbfd(1x);0xf666057b3200c2af14534217ded1b8275dca53eb(1x)
0.1,0x17006c4b2fb6a137ed40d8a3fe2b1d51f432beb4,2,0xb421a98ca7825ad2951eaf6516bea4a9f08ffbfd(1x);0xf666057b3200c2af14534217ded1b8275dca53eb(1x)
0.1,0x9abf44c9fcfd4bfdd468af942a17e38154b09012,2,0xb421a98ca7825ad2951eaf6516bea4a9f08ffbfd(1x);0xf666057b3200c2af14534217ded1b8275dca53eb(1x)
0.1,0xdcca048232efe725113b58892e66a2255837f02d,2,0xb421a98ca7825ad2951eaf6516bea4a9f08ffbfd(1x);0xf666057b3200c2af14534217ded1b8275dca53eb(1x)
0.1,0xfe880c8dc1271682e9e7fc629920359e76fea737,2,0xb421a98ca7825ad2951eaf6516bea4a9f08ffbfd(1x);0xf666057b3200c2af14534217ded1b8275dca53eb(1x)
0.1,0x21c8f89a5c58a3b0d3f3cd23c99bc5cc7cfcc576,2,0xb421a98ca7825ad2951eaf6516bea4a9f08ffbfd(1x);0xf666057b3200c2af14534217ded1b8275dca53eb(1x)
0.1,0x6017fff175a8604af5c7b232efa0f827d304ac05,2,0xb421a98ca7825ad2951eaf6516bea4a9f08ffbfd(1x);0xf666057b3200c2af14534217ded1b8275dca53eb(1x)
0.1,0xf926089b29909a8f3c979604a6ff1ec35acf65d5,2,0xb421a98ca7825ad2951eaf6516bea4a9f08ffbfd(1x);0xf666057b3200c2af14534217ded1b8275dca53eb(1x)
0.1,0x792b2061d13f6ddb682c1d8760f7b08e01efe73c,2,0xb421a98ca7825ad2951eaf6516bea4a9f08ffbfd(1x);0xf666057b3200c2af14534217ded1b8275dca53eb(1x)
0.1,0x1faeca3f64396f88a8c0f0d15525df40176643f9,2,0xb421a98ca7825ad2951eaf6516bea4a9f08ffbfd(1x);0xf666057b3200c2af14534217ded1b8275dca53eb(1x)
0.1,0x16c283844c5bdd6edfab364a1ca6481cba3513d7,2,0xb421a98ca7825ad2951eaf6516bea4a9f08ffbfd(1x);0xf666057b3200c2af14534217ded1b8275dca53eb(1x)
0.1,0x73a9a42dd5b2aea9bd8119ffd78b28782762d433,2,0xb421a98ca7825ad2951eaf6516bea4a9f08ffbfd(1x);0xf666057b3200c2af14534217ded1b8275dca53eb(1x)
0.1,0x6c4a1769bb05afa4a1be438cacc826fb309801b7,2,0xb421a98ca7825ad2951eaf6516bea4a9f08ffbfd(1x);0xf666057b3200c2af14534217ded1b8275dca53eb(1x)
0.1,0xe450a2668c7f7b0464a1dfff1c6c1e73f957540e,2,0xb421a98ca7825ad2951eaf6516bea4a9f08ffbfd(1x);0xf666057b3200c2af14534217ded1b8275dca53eb(1x)
0.1,0x7fd2e60c9c44422e4568ca376605b39bf827bc79,2,0xb421a98ca7825ad2951eaf6516bea4a9f08ffbfd(1x);0xf666057b3200c2af14534217ded1b8275dca53eb(1x)
0.1,0x3e38c0568bb46aa76aa7b5ad67562442ee93dafc,2,0xb421a98ca7825ad2951eaf6516bea4a9f08ffbfd(3x);0xf666057b3200c2af14534217ded1b8275dca53eb(3x)
0.1,0xefecd734ca709f75d3eba49f451c5261dfe7955c,2,0xb421a98ca7825ad2951eaf6516bea4a9f08ffbfd(1x);0xf666057b3200c2af14534217ded1b8275dca53eb(1x)
0.1,0x3207f7de87f692d5878fb5c278a004e893558b1c,2,0xb421a98ca7825ad2951eaf6516bea4a9f08ffbfd(1x);0xf666057b3200c2af14534217ded1b8275dca53eb(1x)
0.1,0xe0589166ee5c8c6ff6f0b15cd0d5e1dafd9ba63c,2,0xb421a98ca7825ad2951eaf6516bea4a9f08ffbfd(1x);0xf666057b3200c2af14534217ded1b8275dca53eb(1x)
0.1,0xc461cdfc5f5ce1f5cc7c4fad66fedce8c561efb6,2,0xb421a98ca7825ad2951eaf6516bea4a9f08ffbfd(1x);0xf666057b3200c2af14534217ded1b8275dca53eb(1x)
0.1,0x2b5a72a540fb430b2c04043e51776964f8ebc3d7,2,0xb421a98ca7825ad2951eaf6516bea4a9f08ffbfd(1x);0xf666057b3200c2af14534217ded1b8275dca53eb(1x)
0.1,0xb6d12e36b9f22db55faeae0b4f83e9415ce79555,2,0xb421a98ca7825ad2951eaf6516bea4a9f08ffbfd(1x);0xf666057b3200c2af14534217ded1b8275dca53eb(1x)
0.1,0x44a5f4464d0189f6c3b884dffb2b2a6303af5d11,2,0xb421a98ca7825ad2951eaf6516bea4a9f08ffbfd(1x);0xf666057b3200c2af14534217ded1b8275dca53eb(1x)
0.1,0x3015975a05d2aededed1c569da2d2184343706ff,2,0xb421a98ca7825ad2951eaf6516bea4a9f08ffbfd(1x);0xf666057b3200c2af14534217ded1b8275dca53eb(1x)
0.1,0xbcc82b824de34d0a2b40703be6fe7981d48ad162,2,0xb421a98ca7825ad2951eaf6516bea4a9f08ffbfd(1x);0xf666057b3200c2af14534217ded1b8275dca53eb(1x)
0.1,0xa93039fb8f4f87f62f8a06e1dd8bbb75dcae98c5,2,0xb421a98ca7825ad2951eaf6516bea4a9f08ffbfd(1x);0xf666057b3200c2af14534217ded1b8275dca53eb(1x)
0.1,0x3d96683106316f559ffb70a53cdab1b4d79bd05f,2,0xb421a98ca7825ad2951eaf6516bea4a9f08ffbfd(3x);0xf666057b3200c2af14534217ded1b8275dca53eb(3x)
0.1,0xf1a63f0732078473af8ed3e5f998c6cd31a5fb74,2,0xb421a98ca7825ad2951eaf6516bea4a9f08ffbfd(2x);0xf666057b3200c2af14534217ded1b8275dca53eb(2x)
0.1,0x47417f7ec64721a2476d306a2ff1082098414f82,2,0xb421a98ca7825ad2951eaf6516bea4a9f08ffbfd(2x);0xf666057b3200c2af14534217ded1b8275dca53eb(2x)
0.1,0xa1f038cfe6c89edac2fd66ef0a75734553cda7fe,2,0xb421a98ca7825ad2951eaf6516bea4a9f08ffbfd(1x);0xf666057b3200c2af14534217ded1b8275dca53eb(1x)
0.1,0xf8b03387d50c64553f0e2246f9273f962359bb46,2,0xb421a98ca7825ad2951eaf6516bea4a9f08ffbfd(1x);0xf666057b3200c2af14534217ded1b8275dca53eb(1x)
0.1,0x0ddbbf802988817a1e20c101e678942772e067be,2,0xb421a98ca7825ad2951eaf6516bea4a9f08ffbfd(1x);0xf666057b3200c2af14534217ded1b8275dca53eb(1x)
0.1,0x146c3f3d1009ddf3916261f786c48a84c4df166c,2,0xb421a98ca7825ad2951eaf6516bea4a9f08ffbfd(1x);0xf666057b3200c2af14534217ded1b8275dca53eb(1x)
0.1,0x3dc73e2b10b6427511b083f6bf570d59d87843d8,2,0xb421a98ca7825ad2951eaf6516bea4a9f08ffbfd(1x);0xf666057b3200c2af14534217ded1b8275dca53eb(1x)
0.1,0xba5815b6538f97ace9ddfcc4352f4d1de711e588,2,0xb421a98ca7825ad2951eaf6516bea4a9f08ffbfd(1x);0xf666057b3200c2af14534217ded1b8275dca53eb(1x)
0.1,0xef938fe333dca90013a3ff6277a56f46a35d30b1,2,0xb421a98ca7825ad2951eaf6516bea4a9f08ffbfd(1x);0xf666057b3200c2af14534217ded1b8275dca53eb(1x)
0.1,0xc1c1c53ec075b4077997f6239823f51f633e4ece,2,0xb421a98ca7825ad2951eaf6516bea4a9f08ffbfd(1x);0xf666057b3200c2af14534217ded1b8275dca53eb(1x)
0.1,0xbe5969bd3c5612e01e0b4271a497be698d31eb51,2,0xb421a98ca7825ad2951eaf6516bea4a9f08ffbfd(1x);0xf666057b3200c2af14534217ded1b8275dca53eb(1x)
0.1,0xce310159ae07e15a76451ecef80ee6b0e53fd8c3,2,0xb421a98ca7825ad2951eaf6516bea4a9f08ffbfd(1x);0xf666057b3200c2af14534217ded1b8275dca53eb(1x)
0.1,0x13f81c3714c069f2be6d91bde5d0ec8b4b69f539,2,0xb421a98ca7825ad2951eaf6516bea4a9f08ffbfd(1x);0xf666057b3200c2af14534217ded1b8275dca53eb(1x)
0.1,0x063a8b607569349c3b6beb1868409e5b7df6d0c7,2,0xb421a98ca7825ad2951eaf6516bea4a9f08ffbfd(1x);0xf666057b3200c2af14534217ded1b8275dca53eb(1x)
0.1,0xeb1fe702954cde4078c830faf2613bd97444b77a,2,0xb421a98ca7825ad2951eaf6516bea4a9f08ffbfd(1x);0xf666057b3200c2af14534217ded1b8275dca53eb(1x)
0.1,0x6e80730330300e31fffa77599b33a4d4975bbb61,2,0xb421a98ca7825ad2951eaf6516bea4a9f08ffbfd(1x);0xf666057b3200c2af14534217ded1b8275dca53eb(1x)
0.1,0xc55a614a4b513dc5241b761e2be41ec52131563f,2,0xb421a98ca7825ad2951eaf6516bea4a9f08ffbfd(1x);0xf666057b3200c2af14534217ded1b8275dca53eb(1x)
0.1,0xdd893fb74fd4cb10172f61dc3e50d14729d283c9,2,0xb421a98ca7825ad2951eaf6516bea4a9f08ffbfd(1x);0xf666057b3200c2af14534217ded1b8275dca53eb(1x)
0.1,0x2fa1002ef6708c649c9645803fcd65d79594288a,2,0xb421a98ca7825ad2951eaf6516bea4a9f08ffbfd(1x);0xf666057b3200c2af14534217ded1b8275dca53eb(1x)
0.1,0xa788578b036f6155592f23a65401d6cb6b72171c,2,0xb421a98ca7825ad2951eaf6516bea4a9f08ffbfd(1x);0xf666057b3200c2af14534217ded1b8275dca53eb(1x)
0.1,0xc6cd22c4f7fe856ca15b52a114e7d5934a0d9550,2,0xb421a98ca7825ad2951eaf6516bea4a9f08ffbfd(1x);0xf666057b3200c2af14534217ded1b8275dca53eb(1x)
0.1,0x10629d8a8366639707f420365f1d0b92c3f06188,2,0xb421a98ca7825ad2951eaf6516bea4a9f08ffbfd(1x);0xf666057b3200c2af14534217ded1b8275dca53eb(1x)
0.1,0xe82aaea6c638e02fd9322dfa51a581066046aa94,2,0xb421a98ca7825ad2951eaf6516bea4a9f08ffbfd(1x);0xf666057b3200c2af14534217ded1b8275dca53eb(1x)
0.1,0x27796b1d5d5bf0bda84759b64e04cba6379a38ca,2,0xb421a98ca7825ad2951eaf6516bea4a9f08ffbfd(1x);0xf666057b3200c2af14534217ded1b8275dca53eb(1x)
0.1,0x9f2d55594d93d39cb9e6ebcc2fd0810a2c7c75ce,2,0xb421a98ca7825ad2951eaf6516bea4a9f08ffbfd(1x);0xf666057b3200c2af14534217ded1b8275dca53eb(1x)
0.1,0x865961bbe6d6b8e1267b43b482693b83df1cd379,2,0xb421a98ca7825ad2951eaf6516bea4a9f08ffbfd(1x);0xf666057b3200c2af14534217ded1b8275dca53eb(1x)
0.1,0x0848623e5879ebc466af645bd74512dd955b5e74,2,0xb421a98ca7825ad2951eaf6516bea4a9f08ffbfd(1x);0xf666057b3200c2af14534217ded1b8275dca53eb(1x)
0.1,0x650dfd88a1f01a6777bebe23c8104b16b3db1cfd,2,0xb421a98ca7825ad2951eaf6516bea4a9f08ffbfd(1x);0xf666057b3200c2af14534217ded1b8275dca53eb(1x)
0.1,0x0f6d1e3256d22704b7bc8c1befa6729be94aede8,2,0xb421a98ca7825ad2951eaf6516bea4a9f08ffbfd(1x);0xf666057b3200c2af14534217ded1b8275dca53eb(1x)
0.1,0x5bc1a1f34ee5d4af370f537c062d5be47203eb2d,2,0xb421a98ca7825ad2951eaf6516bea4a9f08ffbfd(1x);0xf666057b3200c2af14534217ded1b8275dca53eb(1x)
0.1,0xc34c704db7c400163639583fa79ac777d946a6d3,2,0xb421a98ca7825ad2951eaf6516bea4a9f08ffbfd(1x);0xf666057b3200c2af14534217ded1b8275dca53eb(1x)
0.1,0x94c9dc7cacdb9200931ee2fefa27aed2744d7b50,2,0xb421a98ca7825ad2951eaf6516bea4a9f08ffbfd(1x);0xf666057b3200c2af14534217ded1b8275dca53eb(1x)
0.1,0x2e6111cc2966fe4f2c71f2994da96d16e10a11ff,2,0xb421a98ca7825ad2951eaf6516bea4a9f08ffbfd(1x);0xf666057b3200c2af14534217ded1b8275dca53eb(1x)
0.1,0x46dc623e4cb3d356cbc85e5ab18b9cc9d0501c73,2,0xb421a98ca7825ad2951eaf6516bea4a9f08ffbfd(1x);0xf666057b3200c2af14534217ded1b8275dca53eb(1x)
0.1,0xc69ae22e759dd70fd3da236b019e23ae08f11464,2,0xb421a98ca7825ad2951eaf6516bea4a9f08ffbfd(1x);0xf666057b3200c2af14534217ded1b8275dca53eb(1x)
0.1,0x20e59e010b9c5df851f9a94a62d66efa019001b1,2,0xb421a98ca7825ad2951eaf6516bea4a9f08ffbfd(1x);0xf666057b3200c2af14534217ded1b8275dca53eb(1x)
0.1,0xf5eb4aa8c6c9bdcf733e013f8b5517310afa8881,2,0xb421a98ca7825ad2951eaf6516bea4a9f08ffbfd(1x);0xf666057b3200c2af14534217ded1b8275dca53eb(1x)
0.1,0xe289f1045aa8ee8f50bf0f00ff3be7b8dd648a22,2,0xb421a98ca7825ad2951eaf6516bea4a9f08ffbfd(1x);0xf666057b3200c2af14534217ded1b8275dca53eb(1x)
0.1,0x3ea0c1b44edd73c1775ada8b4b81368a5d520e01,2,0xb421a98ca7825ad2951eaf6516bea4a9f08ffbfd(1x);0xf666057b3200c2af14534217ded1b8275dca53eb(1x)
0.1,0xd6b7a40c6f5e13d4756b4946ff462b6c1510bd83,2,0xb421a98ca7825ad2951eaf6516bea4a9f08ffbfd(1x);0xf666057b3200c2af14534217ded1b8275dca53eb(1x)
0.1,0x84c646bad05ea8c5817116153a0fc2d754a26cab,2,0xb421a98ca7825ad2951eaf6516bea4a9f08ffbfd(1x);0xf666057b3200c2af14534217ded1b8275dca53eb(1x)
0.1,0xf6ad7c213efcb155bc609be089e11e525d74bb07,2,0xb421a98ca7825ad2951eaf6516bea4a9f08ffbfd(1x);0xf666057b3200c2af14534217ded1b8275dca53eb(1x)
0.1,0xc84cccc4d31b4f681ab558d6fc31a3bdb828857a,2,0xb421a98ca7825ad2951eaf6516bea4a9f08ffbfd(1x);0xf666057b3200c2af14534217ded1b8275dca53eb(1x)
0.1,0xd074868c15ef4005b1445fb067162b3cbfff34db,2,0xb421a98ca7825ad2951eaf6516bea4a9f08ffbfd(1x);0xf666057b3200c2af14534217ded1b8275dca53eb(1x)
0.1,0x77bbbb337863f04b97204f6b84e9063f5a3caaf2,2,0xb421a98ca7825ad2951eaf6516bea4a9f08ffbfd(1x);0xf666057b3200c2af14534217ded1b8275dca53eb(1x)
0.1,0x62bf52fdf76efde15e4f5af0a172dc70f777e095,2,0xb421a98ca7825ad2951eaf6516bea4a9f08ffbfd(1x);0xf666057b3200c2af14534217ded1b8275dca53eb(1x)
0.1,0xdf6c74de54687a6cd54de8664de5ab86518543b8,2,0xb421a98ca7825ad2951eaf6516bea4a9f08ffbfd(1x);0xf666057b3200c2af14534217ded1b8275dca53eb(1x)
0.1,0x85a03abdcf76a825af1c749b347b7b7ef24a5217,2,0xb421a98ca7825ad2951eaf6516bea4a9f08ffbfd(1x);0xf666057b3200c2af14534217ded1b8275dca53eb(1x)
0.1,0x32b458b5dd9f04b0cfd29d11edb9d2a6c56680bf,2,0xb421a98ca7825ad2951eaf6516bea4a9f08ffbfd(1x);0xf666057b3200c2af14534217ded1b8275dca53eb(1x)
0.1,0x8e0da1ae124264740c7a875dce4a1682ba28a9be,2,0xb421a98ca7825ad2951eaf6516bea4a9f08ffbfd(1x);0xf666057b3200c2af14534217ded1b8275dca53eb(1x)
0.1,0x06a3c1bb3c0d3f1bfa78fe164fe4e522a08e4401,2,0xb421a98ca7825ad2951eaf6516bea4a9f08ffbfd(1x);0xf666057b3200c2af14534217ded1b8275dca53eb(1x)
0.1,0x54a40d96e31b5b2e218d98e283f1e25c9619f7ed,2,0xb421a98ca7825ad2951eaf6516bea4a9f08ffbfd(1x);0xf666057b3200c2af14534217ded1b8275dca53eb(1x)
0.1,0xf26b0864bacedea839cfeed23c43917c11f8f0ec,2,0xb421a98ca7825ad2951eaf6516bea4a9f08ffbfd(1x);0xf666057b3200c2af14534217ded1b8275dca53eb(1x)
0.1,0x2b238a818161a74ad91f03ff3409f8274232fbfe,2,0xb421a98ca7825ad2951eaf6516bea4a9f08ffbfd(1x);0xf666057b3200c2af14534217ded1b8275dca53eb(1x)
0.1,0xd03f215d3601d1cc5c9a3a2d1efe4efb84e79bbd,2,0xb421a98ca7825ad2951eaf6516bea4a9f08ffbfd(1x);0xf666057b3200c2af14534217ded1b8275dca53eb(1x)
0.1,0x362574e5593173e27f0bd4b3a6a921baf7a9b247,2,0xb421a98ca7825ad2951eaf6516bea4a9f08ffbfd(1x);0xf666057b3200c2af14534217ded1b8275dca53eb(1x)
0.1,0x0063c81194b5d1193a0cf84841c68d322fc7e547,2,0xb421a98ca7825ad2951eaf6516bea4a9f08ffbfd(1x);0xf666057b3200c2af14534217ded1b8275dca53eb(1x)
0.1,0xf67b99e8f54d3edeea0674e52e9c574ce4cbe7d6,2,0xb421a98ca7825ad2951eaf6516bea4a9f08ffbfd(1x);0xf666057b3200c2af14534217ded1b8275dca53eb(1x)
0.1,0xacd598ce89115b51590a3e85b9cba3b60eee9029,2,0xb421a98ca7825ad2951eaf6516bea4a9f08ffbfd(1x);0xf666057b3200c2af14534217ded1b8275dca53eb(1x)
0.1,0x6cb43daaaebda9e7a22205d38e9b96ec6c31c655,2,0xb421a98ca7825ad2951eaf6516bea4a9f08ffbfd(1x);0xf666057b3200c2af14534217ded1b8275dca53eb(1x)
0.1,0x2fee6068b92a846ea3235d155434c97d0575db12,2,0xb421a98ca7825ad2951eaf6516bea4a9f08ffbfd(1x);0xf666057b3200c2af14534217ded1b8275dca53eb(1x)
0.1,0x25b3d8875b2b542aa90184e2d2aba7c8330bbac4,2,0xb421a98ca7825ad2951eaf6516bea4a9f08ffbfd(1x);0xf666057b3200c2af14534217ded1b8275dca53eb(1x)
0.1,0xd5bf28e1a53f795ff3839a807235857968707e98,2,0xb421a98ca7825ad2951eaf6516bea4a9f08ffbfd(1x);0xf666057b3200c2af14534217ded1b8275dca53eb(1x)
0.1,0x4ae936f52ae1b8af00615fff1532bbdfa8565f56,2,0xb421a98ca7825ad2951eaf6516bea4a9f08ffbfd(1x);0xf666057b3200c2af14534217ded1b8275dca53eb(1x)
0.1,0x06b0ef06b23d19a8dc91ef63a8a62f1675534395,2,0xb421a98ca7825ad2951eaf6516bea4a9f08ffbfd(1x);0xf666057b3200c2af14534217ded1b8275dca53eb(1x)
0.1,0x8c79d0d13a141a2a4ec22c85ebdebf622d836576,2,0xb421a98ca7825ad2951eaf6516bea4a9f08ffbfd(1x);0xf666057b3200c2af14534217ded1b8275dca53eb(1x)
0.1,0x0bb9c93e1ea1a3f420507e2dd96c652525e880e2,2,0xb421a98ca7825ad2951eaf6516bea4a9f08ffbfd(1x);0xf666057b3200c2af14534217ded1b8275dca53eb(1x)
0.1,0xff08f9b3611687dd9f2266d7a7478b802389b940,2,0xb421a98ca7825ad2951eaf6516bea4a9f08ffbfd(1x);0xf666057b3200c2af14534217ded1b8275dca53eb(1x)
0.1,0xc73e0ef196126f912893366d7d12fd2ebbc9df15,2,0xb421a98ca7825ad2951eaf6516bea4a9f08ffbfd(1x);0xf666057b3200c2af14534217ded1b8275dca53eb(1x)
0.1,0x8f0eff7f175cdef3a0bc6f7adee4e518a8378719,2,0xb421a98ca7825ad2951eaf6516bea4a9f08ffbfd(1x);0xf666057b3200c2af14534217ded1b8275dca53eb(1x)
0.1,0xd7eefc155365a6ef3fe086c9704a1b5b68a9897c,2,0xb421a98ca7825ad2951eaf6516bea4a9f08ffbfd(1x);0xf666057b3200c2af14534217ded1b8275dca53eb(1x)
0.1,0xd463a41aeb7b2b3802c581f8e180ba230d5e0f19,2,0xb421a98ca7825ad2951eaf6516bea4a9f08ffbfd(1x);0xf666057b3200c2af14534217ded1b8275dca53eb(1x)
0.1,0xfd752b253fab9fe9524635ddb63944360dca7b84,2,0xb421a98ca7825ad2951eaf6516bea4a9f08ffbfd(1x);0xf666057b3200c2af14534217ded1b8275dca53eb(1x)
0.1,0x5e9622c6e23007df73766be9d74357968e21221d,2,0xb421a98ca7825ad2951eaf6516bea4a9f08ffbfd(1x);0xf666057b3200c2af14534217ded1b8275dca53eb(1x)
0.1,0x54830356e0f75c6822dbb25c051f421d6fbda5a9,2,0xb421a98ca7825ad2951eaf6516bea4a9f08ffbfd(1x);0xf666057b3200c2af14534217ded1b8275dca53eb(1x)
0.1,0x43222d38b5277c3ccb5fdb6b855a804a7ed0d519,2,0xb421a98ca7825ad2951eaf6516bea4a9f08ffbfd(1x);0xf666057b3200c2af14534217ded1b8275dca53eb(1x)
0.1,0x26189aef81bb7c0b6cb5b56cbc34986897da9c26,2,0xb421a98ca7825ad2951eaf6516bea4a9f08ffbfd(1x);0xf666057b3200c2af14534217ded1b8275dca53eb(1x)
0.1,0x85120d791e9077b9ce96d1b030a1ff40cf5f2837,2,0xb421a98ca7825ad2951eaf6516bea4a9f08ffbfd(1x);0xf666057b3200c2af14534217ded1b8275dca53eb(1x)
0.1,0xf10b95e1821dda6f5f0c1e9351d9ca0d3e42cac2,2,0xb421a98ca7825ad2951eaf6516bea4a9f08ffbfd(1x);0xf666057b3200c2af14534217ded1b8275dca53eb(1x)
0.1,0xadff4fbe7dafb1e798df0de7803acee26b7a88a2,2,0xb421a98ca7825ad2951eaf6516bea4a9f08ffbfd(1x);0xf666057b3200c2af14534217ded1b8275dca53eb(1x)
0.1,0x7f5c5f2e4496856445c943e34e5f5ebeb5d5908e,2,0xb421a98ca7825ad2951eaf6516bea4a9f08ffbfd(1x);0xf666057b3200c2af14534217ded1b8275dca53eb(1x)
0.1,0x389234dd43a8211132ab4be42ac09b0c52691965,2,0xb421a98ca7825ad2951eaf6516bea4a9f08ffbfd(1x);0xf666057b3200c2af14534217ded1b8275dca53eb(1x)
0.1,0x3167e7ddeecbae10ce7a410fa58484e4d86bbf9f,2,0xb421a98ca7825ad2951eaf6516bea4a9f08ffbfd(1x);0xf666057b3200c2af14534217ded1b8275dca53eb(1x)
0.1,0xa8148691c5a1d64c36d7865312bcb7bfeabbc4c3,2,0xb421a98ca7825ad2951eaf6516bea4a9f08ffbfd(1x);0xf666057b3200c2af14534217ded1b8275dca53eb(1x)
0.1,0xd9a91c0bf48a84d69605fc77ec24fe2412029a2f,2,0xb421a98ca7825ad2951eaf6516bea4a9f08ffbfd(1x);0xf666057b3200c2af14534217ded1b8275dca53eb(1x)
0.1,0xf17a10bd43f7a631e3bd2d395fa95050ca8720bc,2,0xb421a98ca7825ad2951eaf6516bea4a9f08ffbfd(1x);0xf666057b3200c2af14534217ded1b8275dca53eb(1x)
0.1,0xb9ed0ac2e7095c5c2f6242644a37675ea2f8dba0,2,0xb421a98ca7825ad2951eaf6516bea4a9f08ffbfd(1x);0xf666057b3200c2af14534217ded1b8275dca53eb(1x)
0.1,0xce8b963192d4297df1b2579ec5d67dee86fa6089,2,0xb421a98ca7825ad2951eaf6516bea4a9f08ffbfd(1x);0xf666057b3200c2af14534217ded1b8275dca53eb(1x)
0.1,0x9c6d466b1f9afdd483ed4fb7cf1b098a17adab23,2,0xb421a98ca7825ad2951eaf6516bea4a9f08ffbfd(1x);0xf666057b3200c2af14534217ded1b8275dca53eb(1x)
0.1,0x25ef976799d39c9d083aeb0cb628b9f5e74a70cf,2,0xb421a98ca7825ad2951eaf6516bea4a9f08ffbfd(1x);0xf666057b3200c2af14534217ded1b8275dca53eb(1x)
0.1,0xeadf987cf245d7dd0c4e87e3f13a71fcb74a8920,2,0xb421a98ca7825ad2951eaf6516bea4a9f08ffbfd(1x);0xf666057b3200c2af14534217ded1b8275dca53eb(1x)
0.1,0xed11254ea691b93c8a05fb73beb694aaf5dcb9a1,2,0xb421a98ca7825ad2951eaf6516bea4a9f08ffbfd(1x);0xf666057b3200c2af14534217ded1b8275dca53eb(1x)
0.1,0xf5e49a8c0963bcbc8825ea69ae78d3e860e52598,2,0xb421a98ca7825ad2951eaf6516bea4a9f08ffbfd(1x);0xf666057b3200c2af14534217ded1b8275dca53eb(1x)
0.1,0xc60cc121d00a7fbbfba5f33b5d90fe559e3c2796,2,0xb421a98ca7825ad2951eaf6516bea4a9f08ffbfd(1x);0xf666057b3200c2af14534217ded1b8275dca53eb(1x)
0.1,0xc0ba1acacc09074310c3b90c6b8cfefa77b63149,2,0xb421a98ca7825ad2951eaf6516bea4a9f08ffbfd(1x);0xf666057b3200c2af14534217ded1b8275dca53eb(1x)
0.1,0xc86098af54492c310bd11a58eeefef86011b6b6c,2,0xb421a98ca7825ad2951eaf6516bea4a9f08ffbfd(2x);0xf666057b3200c2af14534217ded1b8275dca53eb(2x)
0.1,0x8d3f4f9de6ae015697b2b7c9c6dca1954d890c08,2,0xb421a98ca7825ad2951eaf6516bea4a9f08ffbfd(1x);0xf666057b3200c2af14534217ded1b8275dca53eb(1x)
0.1,0xb0806030d024bf0e123bfd7099ed629a2d11655d,2,0xb421a98ca7825ad2951eaf6516bea4a9f08ffbfd(1x);0xf666057b3200c2af14534217ded1b8275dca53eb(1x)
0.1,0x81063fbfd33d4dd0ea6df5bfbffe29d230764ee5,2,0xb421a98ca7825ad2951eaf6516bea4a9f08ffbfd(1x);0xf666057b3200c2af14534217ded1b8275dca53eb(1x)
0.1,0x87c9c95711b95f5ce0b9c152893de41ffa975c9f,2,0xb421a98ca7825ad2951eaf6516bea4a9f08ffbfd(1x);0xf666057b3200c2af14534217ded1b8275dca53eb(1x)
0.1,0x2aa1029473324eed7c81c0ab98a69dbbfe4b17f4,2,0xb421a98ca7825ad2951eaf6516bea4a9f08ffbfd(1x);0xf666057b3200c2af14534217ded1b8275dca53eb(1x)
0.1,0x60c801902f6b0db79d351100558094baed405924,2,0xb421a98ca7825ad2951eaf6516bea4a9f08ffbfd(1x);0xf666057b3200c2af14534217ded1b8275dca53eb(1x)
0.1,0xf6d9dc54b0ebe812fb42ee65279bea8787a99cc6,2,0xb421a98ca7825ad2951eaf6516bea4a9f08ffbfd(1x);0xf666057b3200c2af14534217ded1b8275dca53eb(1x)
0.1,0xfea7d3846eb5645cd50d887b68f23af8237c27a7,2,0xb421a98ca7825ad2951eaf6516bea4a9f08ffbfd(1x);0xf666057b3200c2af14534217ded1b8275dca53eb(1x)
0.1,0xebc26cd1c542b899ad42213f0c94c012aaf5c401,2,0xb421a98ca7825ad2951eaf6516bea4a9f08ffbfd(1x);0xf666057b3200c2af14534217ded1b8275dca53eb(1x)
0.1,0x836ec84dd4658be2dc9afc3d275e2ff0ce6ae0e7,2,0xb421a98ca7825ad2951eaf6516bea4a9f08ffbfd(1x);0xf666057b3200c2af14534217ded1b8275dca53eb(1x)
0.1,0x9d689d0a142a9a0219912dfc3b725ebe30570718,2,0xb421a98ca7825ad2951eaf6516bea4a9f08ffbfd(1x);0xf666057b3200c2af14534217ded1b8275dca53eb(1x)
0.1,0xcc2713ae777b9b4b0628ecc12c5dfdc03f305336,2,0xb421a98ca7825ad2951eaf6516bea4a9f08ffbfd(1x);0xf666057b3200c2af14534217ded1b8275dca53eb(1x)
0.1,0x3b4ceaa0b5ebd5540a44c9a7f52d210dcc327d3a,2,0xb421a98ca7825ad2951eaf6516bea4a9f08ffbfd(1x);0xf666057b3200c2af14534217ded1b8275dca53eb(1x)
0.1,0xe2a3b13da4a98425f49788c252f04637296353b6,2,0xb421a98ca7825ad2951eaf6516bea4a9f08ffbfd(1x);0xf666057b3200c2af14534217ded1b8275dca53eb(1x)
0.1,0x9db7ef9e93a97b8069ca603e6f173cc6a0cbb0bf,2,0xb421a98ca7825ad2951eaf6516bea4a9f08ffbfd(1x);0xf666057b3200c2af14534217ded1b8275dca53eb(1x)
0.1,0x289b0630d19dcf998fdc291953f2bfa6e9d44acf,2,0xb421a98ca7825ad2951eaf6516bea4a9f08ffbfd(1x);0xf666057b3200c2af14534217ded1b8275dca53eb(1x)
0.1,0xc371d43c090cfaaff307fa51b0ef35fdd7ccb822,2,0xb421a98ca7825ad2951eaf6516bea4a9f08ffbfd(1x);0xf666057b3200c2af14534217ded1b8275dca53eb(1x)
0.1,0x305bb6ac69b96fe9f4f679fbcbd46b3a47a800d0,2,0xb421a98ca7825ad2951eaf6516bea4a9f08ffbfd(1x);0xf666057b3200c2af14534217ded1b8275dca53eb(1x)
0.1,0x19d9aa0acd1bf430adf4b34b26132d2010023f10,2,0xb421a98ca7825ad2951eaf6516bea4a9f08ffbfd(1x);0xf666057b3200c2af14534217ded1b8275dca53eb(1x)
0.1,0x34397584973ed1e300522ff6449afcf6607e7000,2,0xb421a98ca7825ad2951eaf6516bea4a9f08ffbfd(1x);0xf666057b3200c2af14534217ded1b8275dca53eb(1x)
0.1,0xc96035d181403b2e9d56b8b447edac876c18b144,2,0xb421a98ca7825ad2951eaf6516bea4a9f08ffbfd(1x);0xf666057b3200c2af14534217ded1b8275dca53eb(1x)
0.1,0x7eae9ed5fb5df36d4c1152f2d159881fd059f2cf,2,0xb421a98ca7825ad2951eaf6516bea4a9f08ffbfd(1x);0xf666057b3200c2af14534217ded1b8275dca53eb(1x)
0.1,0xad421d3b61bc372387e5bb8cd967985c70b131fb,2,0xb421a98ca7825ad2951eaf6516bea4a9f08ffbfd(1x);0xf666057b3200c2af14534217ded1b8275dca53eb(1x)
0.1,0xe9bdb58d13f5ce15241ba465399e8c96d73347b3,2,0xb421a98ca7825ad2951eaf6516bea4a9f08ffbfd(1x);0xf666057b3200c2af14534217ded1b8275dca53eb(1x)
0.1,0x1a41c43fdc8c0118d9c42039e226ae87a1d50b79,2,0xb421a98ca7825ad2951eaf6516bea4a9f08ffbfd(1x);0xf666057b3200c2af14534217ded1b8275dca53eb(1x)
0.1,0xcef7b151101ee34c0fab794c26933a65473c3179,2,0xb421a98ca7825ad2951eaf6516bea4a9f08ffbfd(1x);0xf666057b3200c2af14534217ded1b8275dca53eb(1x)
0.1,0xe943b055a7ed6ccdfd56b00c0da0b2b1c58fff45,2,0xb421a98ca7825ad2951eaf6516bea4a9f08ffbfd(1x);0xf666057b3200c2af14534217ded1b8275dca53eb(1x)
0.1,0x44af82af9e3cb73b28a57ca4312d0cc99aa5cae8,2,0xb421a98ca7825ad2951eaf6516bea4a9f08ffbfd(1x);0xf666057b3200c2af14534217ded1b8275dca53eb(1x)
0.1,0x41424ac5c580f81a0d0926307d2850a2271f6ae5,2,0xb421a98ca7825ad2951eaf6516bea4a9f08ffbfd(1x);0xf666057b3200c2af14534217ded1b8275dca53eb(1x)
0.1,0x86a58a65f1c9b2f30adde5fc8d116e3ebb894b95,2,0xb421a98ca7825ad2951eaf6516bea4a9f08ffbfd(1x);0xf666057b3200c2af14534217ded1b8275dca53eb(1x)
0.1,0x7aea225361c70b6c17d86eae729370472b2a8b15,2,0xb421a98ca7825ad2951eaf6516bea4a9f08ffbfd(1x);0xf666057b3200c2af14534217ded1b8275dca53eb(1x)
0.1,0x21f163f9ca912e4bb1e58d3adf752f33344eed15,2,0xb421a98ca7825ad2951eaf6516bea4a9f08ffbfd(1x);0xf666057b3200c2af14534217ded1b8275dca53eb(1x)
0.1,0xfcd5c1e6b7c1af3e8036b37505085ab24825da10,2,0xb421a98ca7825ad2951eaf6516bea4a9f08ffbfd(1x);0xf666057b3200c2af14534217ded1b8275dca53eb(1x)
0.1,0x9a2109b6bbd7e8d011e715c753166dd0bd287812,2,0xb421a98ca7825ad2951eaf6516bea4a9f08ffbfd(1x);0xf666057b3200c2af14534217ded1b8275dca53eb(1x)
0.1,0xf8519455e029c1425855629107308c0f8c07345c,2,0xb421a98ca7825ad2951eaf6516bea4a9f08ffbfd(1x);0xf666057b3200c2af14534217ded1b8275dca53eb(1x)
0.1,0x49b7c6898209e4a5d383ca3305c3015b438a1d63,2,0xb421a98ca7825ad2951eaf6516bea4a9f08ffbfd(1x);0xf666057b3200c2af14534217ded1b8275dca53eb(1x)
0.1,0x5b705df06b7e271dce0aa067588ef59b96a85333,2,0xb421a98ca7825ad2951eaf6516bea4a9f08ffbfd(1x);0xf666057b3200c2af14534217ded1b8275dca53eb(1x)
0.1,0x914589cd862179afb4633ea4924b2cad0bd92eb7,2,0xb421a98ca7825ad2951eaf6516bea4a9f08ffbfd(1x);0xf666057b3200c2af14534217ded1b8275dca53eb(1x)
0.1,0xa53b730d5edfa521219334167c9e76892fd5576d,2,0xb421a98ca7825ad2951eaf6516bea4a9f08ffbfd(1x);0xf666057b3200c2af14534217ded1b8275dca53eb(1x)
0.1,0x73a27ca2ddee6eb72d18237aab70723392ff5518,2,0xb421a98ca7825ad2951eaf6516bea4a9f08ffbfd(1x);0xf666057b3200c2af14534217ded1b8275dca53eb(1x)
0.1,0xbd9d90b3ee5071132b6e60c760e71f5bc5aa8cdd,2,0xb421a98ca7825ad2951eaf6516bea4a9f08ffbfd(1x);0xf666057b3200c2af14534217ded1b8275dca53eb(1x)
0.1,0x6773bbdacddfbafd17135244bdf0dab6beb0dfaa,2,0xb421a98ca7825ad2951eaf6516bea4a9f08ffbfd(1x);0xf666057b3200c2af14534217ded1b8275dca53eb(1x)
0.1,0xcbf7bb0273733856921e63410491eb33cc62252f,2,0xb421a98ca7825ad2951eaf6516bea4a9f08ffbfd(2x);0xf666057b3200c2af14534217ded1b8275dca53eb(2x)
0.1,0xc86616ae87bb9e72a57fe693841cbd8063e538b3,2,0xb421a98ca7825ad2951eaf6516bea4a9f08ffbfd(1x);0xf666057b3200c2af14534217ded1b8275dca53eb(1x)
0.1,0x5362b6791a0739a731f43d63a7a60927fcafb3bf,2,0xb421a98ca7825ad2951eaf6516bea4a9f08ffbfd(1x);0xf666057b3200c2af14534217ded1b8275dca53eb(1x)
0.1,0xd32c581a13146bd8eb5e8a53935171414bfb8e07,2,0xb421a98ca7825ad2951eaf6516bea4a9f08ffbfd(1x);0xf666057b3200c2af14534217ded1b8275dca53eb(1x)
0.1,0xf030301198aa79c19109e360b5ae9765e9b2521b,2,0xb421a98ca7825ad2951eaf6516bea4a9f08ffbfd(1x);0xf666057b3200c2af14534217ded1b8275dca53eb(1x)
0.1,0xe5d9ddd67b8da3750d1f0cd0e2cfe67480edb556,2,0xb421a98ca7825ad2951eaf6516bea4a9f08ffbfd(1x);0xf666057b3200c2af14534217ded1b8275dca53eb(1x)
0.1,0x9da6a96ef559f399ccfa48e7e07a7f0161a595a4,2,0xb421a98ca7825ad2951eaf6516bea4a9f08ffbfd(1x);0xf666057b3200c2af14534217ded1b8275dca53eb(1x)
0.1,0xbcf36aadbe96e791c023dbde5453a3e6f48c1e91,2,0xb421a98ca7825ad2951eaf6516bea4a9f08ffbfd(1x);0xf666057b3200c2af14534217ded1b8275dca53eb(1x)
0.1,0x911af06730d2c058dc9c49378781ee06d09d0f2b,2,0xb421a98ca7825ad2951eaf6516bea4a9f08ffbfd(1x);0xf666057b3200c2af14534217ded1b8275dca53eb(1x)
0.1,0x19d79d924180c8220e7e47beb4dd4f30fa4c2a33,2,0xb421a98ca7825ad2951eaf6516bea4a9f08ffbfd(1x);0xf666057b3200c2af14534217ded1b8275dca53eb(1x)
0.1,0x13ca6168a4880d00ac99d13c9580f88931b67d88,2,0xb421a98ca7825ad2951eaf6516bea4a9f08ffbfd(1x);0xf666057b3200c2af14534217ded1b8275dca53eb(1x)
0.1,0x456298279d00f8ec6ea5bf87bfbdb60e19d0141a,2,0xb421a98ca7825ad2951eaf6516bea4a9f08ffbfd(1x);0xf666057b3200c2af14534217ded1b8275dca53eb(1x)
0.1,0x9929e62f7d1294ea33bae28944c7b8a6043cf5ac,2,0xb421a98ca7825ad2951eaf6516bea4a9f08ffbfd(1x);0xf666057b3200c2af14534217ded1b8275dca53eb(1x)
0.1,0x01354d51e93c8fc95059b67263c914e723bab970,2,0xb421a98ca7825ad2951eaf6516bea4a9f08ffbfd(1x);0xf666057b3200c2af14534217ded1b8275dca53eb(1x)
0.1,0xf933de20580194f977bbf55d51e4476f59c76b90,2,0xb421a98ca7825ad2951eaf6516bea4a9f08ffbfd(1x);0xf666057b3200c2af14534217ded1b8275dca53eb(1x)
0.1,0x80bea59be830e765988a73e5dbf8ae8d35337820,2,0xb421a98ca7825ad2951eaf6516bea4a9f08ffbfd(1x);0xf666057b3200c2af14534217ded1b8275dca53eb(1x)
0.1,0x84a41270b14dbb7559ccc74b4905591b9b91c93b,2,0xb421a98ca7825ad2951eaf6516bea4a9f08ffbfd(1x);0xf666057b3200c2af14534217ded1b8275dca53eb(1x)
0.1,0x8671307d3c45885c7a562e33d56f4af44984d6cb,2,0xb421a98ca7825ad2951eaf6516bea4a9f08ffbfd(1x);0xf666057b3200c2af14534217ded1b8275dca53eb(1x)
0.1,0x9e0a1b0f980db768ee41773fe3b132dd0cf7051a,2,0xb421a98ca7825ad2951eaf6516bea4a9f08ffbfd(1x);0xf666057b3200c2af14534217ded1b8275dca53eb(1x)
0.1,0x565d364b5e50bc33ded0cd86659d7a4f242c6cc1,2,0xb421a98ca7825ad2951eaf6516bea4a9f08ffbfd(1x);0xf666057b3200c2af14534217ded1b8275dca53eb(1x)
0.1,0xa1c8091beec6e44c129c05fdcde1190124a60e25,2,0xb421a98ca7825ad2951eaf6516bea4a9f08ffbfd(1x);0xf666057b3200c2af14534217ded1b8275dca53eb(1x)
0.1,0x256acc68eafb3246d3d858f7c1a70d5f6acee7c8,2,0xb421a98ca7825ad2951eaf6516bea4a9f08ffbfd(1x);0xf666057b3200c2af14534217ded1b8275dca53eb(1x)
0.1,0x913ae38c43f697075429a248863637ee961ee8c6,2,0xb421a98ca7825ad2951eaf6516bea4a9f08ffbfd(1x);0xf666057b3200c2af14534217ded1b8275dca53eb(1x)
0.1,0x25406c8e5fed625f8b1fc22579e790ad7298d8c6,2,0xb421a98ca7825ad2951eaf6516bea4a9f08ffbfd(2x);0xf666057b3200c2af14534217ded1b8275dca53eb(2x)
0.1,0x3ba4a07576a545f4555eb756122148baca728fc4,2,0xb421a98ca7825ad2951eaf6516bea4a9f08ffbfd(1x);0xf666057b3200c2af14534217ded1b8275dca53eb(1x)
0.1,0x6d49d855287351107b2297e508ba3de27ad2d04e,2,0xb421a98ca7825ad2951eaf6516bea4a9f08ffbfd(1x);0xf666057b3200c2af14534217ded1b8275dca53eb(1x)
0.1,0xbf24aeaff869f845154d4b22c5628dbad77ee0ab,2,0xb421a98ca7825ad2951eaf6516bea4a9f08ffbfd(1x);0xf666057b3200c2af14534217ded1b8275dca53eb(1x)
0.1,0x9cd64b36eedc1d68a2c40a65e9d9b712db9ce0eb,2,0xb421a98ca7825ad2951eaf6516bea4a9f08ffbfd(7x);0xf666057b3200c2af14534217ded1b8275dca53eb(7x)
0.1,0x0fd86072d45f8eb558e43e070582cf81a0ae8ed5,2,0xb421a98ca7825ad2951eaf6516bea4a9f08ffbfd(1x);0xf666057b3200c2af14534217ded1b8275dca53eb(1x)
0.1,0x1b56713f3feca5075ef6d850495919da55db5246,2,0xb421a98ca7825ad2951eaf6516bea4a9f08ffbfd(1x);0xf666057b3200c2af14534217ded1b8275dca53eb(1x)
0.1,0xc0b9384068c5b82b274e84bde83a98f6a51e7a22,2,0xb421a98ca7825ad2951eaf6516bea4a9f08ffbfd(1x);0xf666057b3200c2af14534217ded1b8275dca53eb(1x)
0.1,0x043ed6ba881e1653affcefe69166c4de41ad2741,2,0xb421a98ca7825ad2951eaf6516bea4a9f08ffbfd(1x);0xf666057b3200c2af14534217ded1b8275dca53eb(1x)
0.1,0xc7d52406b72b681ed50e3ed0dee25ec0c13f83dd,2,0xb421a98ca7825ad2951eaf6516bea4a9f08ffbfd(1x);0xf666057b3200c2af14534217ded1b8275dca53eb(1x)
0.1,0xa0033edc2eb5633611bda55865a420f7a90f4baa,2,0xb421a98ca7825ad2951eaf6516bea4a9f08ffbfd(1x);0xf666057b3200c2af14534217ded1b8275dca53eb(1x)
0.1,0x960bc7e2f5cabfd1a8bb5af8be8943a5312d9591,2,0xb421a98ca7825ad2951eaf6516bea4a9f08ffbfd(1x);0xf666057b3200c2af14534217ded1b8275dca53eb(1x)
0.1,0x29bef927eea45ea4853a65179dba1ef756636ed7,2,0xb421a98ca7825ad2951eaf6516bea4a9f08ffbfd(1x);0xf666057b3200c2af14534217ded1b8275dca53eb(1x)
0.1,0x01ce74c0a4077ab2e1a41eeed1a3a84cc953cd9e,2,0xb421a98ca7825ad2951eaf6516bea4a9f08ffbfd(1x);0xf666057b3200c2af14534217ded1b8275dca53eb(1x)
0.1,0x40e2376ed4fadfed5a17fb0c86c502afa68c7497,2,0xb421a98ca7825ad2951eaf6516bea4a9f08ffbfd(1x);0xf666057b3200c2af14534217ded1b8275dca53eb(1x)
0.1,0x13d1bef4964b940be7bc9f635279a1f79478ed02,2,0xb421a98ca7825ad2951eaf6516bea4a9f08ffbfd(1x);0xf666057b3200c2af14534217ded1b8275dca53eb(1x)
0.1,0xb8661f9aca51c62dd2ccebfcbf9a865e924efe31,2,0xb421a98ca7825ad2951eaf6516bea4a9f08ffbfd(4x);0xf666057b3200c2af14534217ded1b8275dca53eb(4x)
0.1,0x5f9419fbd3405a569ca8f25678cba5c03ea3e684,2,0xb421a98ca7825ad2951eaf6516bea4a9f08ffbfd(1x);0xf666057b3200c2af14534217ded1b8275dca53eb(1x)
0.1,0x991b8923caa39c44ea11d9e016be2cf437622980,2,0xb421a98ca7825ad2951eaf6516bea4a9f08ffbfd(1x);0xf666057b3200c2af14534217ded1b8275dca53eb(1x)
0.1,0x67417d7df1640050e81f0e224c60191405d5536d,2,0xb421a98ca7825ad2951eaf6516bea4a9f08ffbfd(1x);0xf666057b3200c2af14534217ded1b8275dca53eb(1x)
0.1,0xc784bc213f6c3b1ec3064c6031a75b9450ee3c16,2,0xb421a98ca7825ad2951eaf6516bea4a9f08ffbfd(1x);0xf666057b3200c2af14534217ded1b8275dca53eb(1x)
0.1,0x26c355d0814f9d7cabe48aa6c5975ec25283673a,2,0xb421a98ca7825ad2951eaf6516bea4a9f08ffbfd(1x);0xf666057b3200c2af14534217ded1b8275dca53eb(1x)
0.1,0xa5f1190b7b99e8ec5408894e0cd370d165591098,2,0xb421a98ca7825ad2951eaf6516bea4a9f08ffbfd(2x);0xf666057b3200c2af14534217ded1b8275dca53eb(2x)
0.1,0x4dace7e0fb3367c1edba53e4b4099c0511cc3882,2,0xb421a98ca7825ad2951eaf6516bea4a9f08ffbfd(1x);0xf666057b3200c2af14534217ded1b8275dca53eb(1x)
0.1,0x0dd3de04921fbad16c5be0dc1f59f49ef62e121c,2,0xb421a98ca7825ad2951eaf6516bea4a9f08ffbfd(1x);0xf666057b3200c2af14534217ded1b8275dca53eb(1x)
0.1,0x0f2723cae1e917aabd8274943bc360679f1a27da,2,0xb421a98ca7825ad2951eaf6516bea4a9f08ffbfd(1x);0xf666057b3200c2af14534217ded1b8275dca53eb(1x)
0.1,0xbcb5a8a6d5b20fe0d26fdd29449c48b58e825529,2,0xb421a98ca7825ad2951eaf6516bea4a9f08ffbfd(1x);0xf666057b3200c2af14534217ded1b8275dca53eb(1x)
0.1,0x6c7675d9276e0389da374575b6eed25cf5ab0c06,2,0xb421a98ca7825ad2951eaf6516bea4a9f08ffbfd(1x);0xf666057b3200c2af14534217ded1b8275dca53eb(1x)
0.1,0xa42d9a547123569fc9f3ccb218d22c8d25c13f4f,2,0xb421a98ca7825ad2951eaf6516bea4a9f08ffbfd(1x);0xf666057b3200c2af14534217ded1b8275dca53eb(1x)
0.1,0x65a4554fba51a8a1989d311bfd1d17059fa2b4b7,2,0xb421a98ca7825ad2951eaf6516bea4a9f08ffbfd(1x);0xf666057b3200c2af14534217ded1b8275dca53eb(1x)
0.1,0xb19791c8c054645d21bdc21c0989a348dafeadb5,2,0xb421a98ca7825ad2951eaf6516bea4a9f08ffbfd(1x);0xf666057b3200c2af14534217ded1b8275dca53eb(1x)
0.1,0xd91ac6aa345102f0b3ef88f2ea6be46fc48960d0,2,0xb421a98ca7825ad2951eaf6516bea4a9f08ffbfd(1x);0xf666057b3200c2af14534217ded1b8275dca53eb(1x)
0.1,0x2052e9a0a448e88846a7832192c06730c59e31ca,2,0xb421a98ca7825ad2951eaf6516bea4a9f08ffbfd(1x);0xf666057b3200c2af14534217ded1b8275dca53eb(1x)
0.1,0x463250e02d706a860c8bdae8d0b35dfc576a5c8e,2,0xb421a98ca7825ad2951eaf6516bea4a9f08ffbfd(1x);0xf666057b3200c2af14534217ded1b8275dca53eb(1x)
0.1,0x1fb45218e05d60e35ac16af8f8d11f5854db4384,2,0xb421a98ca7825ad2951eaf6516bea4a9f08ffbfd(1x);0xf666057b3200c2af14534217ded1b8275dca53eb(1x)
0.1,0xc5e62d9eb9b313bae8da5fe919724db6c8fcb81e,2,0xb421a98ca7825ad2951eaf6516bea4a9f08ffbfd(1x);0xf666057b3200c2af14534217ded1b8275dca53eb(1x)
0.1,0x7ca929f127e77fd514f5bfe241d644c27f7b0ba2,2,0xb421a98ca7825ad2951eaf6516bea4a9f08ffbfd(1x);0xf666057b3200c2af14534217ded1b8275dca53eb(1x)
0.1,0x2cf2ca83263d7a9c698def7c1395b9d5dbf6210f,2,0xb421a98ca7825ad2951eaf6516bea4a9f08ffbfd(1x);0xf666057b3200c2af14534217ded1b8275dca53eb(1x)
0.1,0xe133b54cedb03d3bc18a0465aa0d701293712ada,2,0xb421a98ca7825ad2951eaf6516bea4a9f08ffbfd(1x);0xf666057b3200c2af14534217ded1b8275dca53eb(1x)
0.1,0x4d94054f3e22c38fc37b17cbf2a2d94a4bc6f815,2,0xb421a98ca7825ad2951eaf6516bea4a9f08ffbfd(1x);0xf666057b3200c2af14534217ded1b8275dca53eb(1x)
0.1,0x1814f35bd1dbfa2fe89121676fceed51ae46f122,2,0xb421a98ca7825ad2951eaf6516bea4a9f08ffbfd(1x);0xf666057b3200c2af14534217ded1b8275dca53eb(1x)
0.1,0xd28cdaf47f3a8d32cef57d6cbf3c5adad58f55c0,2,0xb421a98ca7825ad2951eaf6516bea4a9f08ffbfd(1x);0xf666057b3200c2af14534217ded1b8275dca53eb(1x)
0.1,0x96f07d64b9e184420bf9df66d285e86d57ebe17c,2,0xb421a98ca7825ad2951eaf6516bea4a9f08ffbfd(1x);0xf666057b3200c2af14534217ded1b8275dca53eb(1x)
0.1,0x65ab92a16ad4212d66108a5b07aa543970563bb8,2,0xb421a98ca7825ad2951eaf6516bea4a9f08ffbfd(1x);0xf666057b3200c2af14534217ded1b8275dca53eb(1x)
0.1,0xa3bbd2a57f37c16bddce50fb7b931fb082e38dd1,2,0xb421a98ca7825ad2951eaf6516bea4a9f08ffbfd(1x);0xf666057b3200c2af14534217ded1b8275dca53eb(1x)
0.1,0x87b687e54b46beb22548ea0693ecbdd33718a9eb,2,0xb421a98ca7825ad2951eaf6516bea4a9f08ffbfd(1x);0xf666057b3200c2af14534217ded1b8275dca53eb(1x)
0.1,0x9f6dd30bb0d5e4459be7c504c761b311c9e80ba1,2,0xb421a98ca7825ad2951eaf6516bea4a9f08ffbfd(1x);0xf666057b3200c2af14534217ded1b8275dca53eb(1x)
0.1,0xf1c86ef93b6f74a688c42378adc3deb4f0283d9c,2,0xb421a98ca7825ad2951eaf6516bea4a9f08ffbfd(1x);0xf666057b3200c2af14534217ded1b8275dca53eb(1x)
0.1,0x53b14d1f29df62d5a1ab48ef8552f16f0b15c9e6,2,0xb421a98ca7825ad2951eaf6516bea4a9f08ffbfd(1x);0xf666057b3200c2af14534217ded1b8275dca53eb(1x)
0.1,0x25805e046917fcc63a0a820c70cd80a69854f1bb,2,0xb421a98ca7825ad2951eaf6516bea4a9f08ffbfd(1x);0xf666057b3200c2af14534217ded1b8275dca53eb(1x)
0.1,0x40a4ec254d6fe24ceda54d5b8c642529cd623ef0,2,0xb421a98ca7825ad2951eaf6516bea4a9f08ffbfd(1x);0xf666057b3200c2af14534217ded1b8275dca53eb(1x)
0.1,0x81beeb96b38889fcf5ae568637f02365fbbada87,2,0xb421a98ca7825ad2951eaf6516bea4a9f08ffbfd(1x);0xf666057b3200c2af14534217ded1b8275dca53eb(1x)
0.1,0x8858af069f8b82bd6c265397ab28e4d7fdbdd7e2,2,0xb421a98ca7825ad2951eaf6516bea4a9f08ffbfd(1x);0xf666057b3200c2af14534217ded1b8275dca53eb(1x)
0.1,0x9f8bdfc425926483d0fa5d1b79a70a76f8e1e7a5,2,0xb421a98ca7825ad2951eaf6516bea4a9f08ffbfd(1x);0xf666057b3200c2af14534217ded1b8275dca53eb(1x)
0.1,0x09e805e86e24152fa0dbaef951af18d77a1e0ac7,2,0xb421a98ca7825ad2951eaf6516bea4a9f08ffbfd(1x);0xf666057b3200c2af14534217ded1b8275dca53eb(1x)
0.1,0x22dcdc4dfb7a82d5c3ea7fd8df4fa84d9bb3d1a0,2,0xb421a98ca7825ad2951eaf6516bea4a9f08ffbfd(1x);0xf666057b3200c2af14534217ded1b8275dca53eb(1x)
0.1,0x30644ba07b30e19202308d8e1baaf2d0adcb51bc,2,0xb421a98ca7825ad2951eaf6516bea4a9f08ffbfd(1x);0xf666057b3200c2af14534217ded1b8275dca53eb(1x)
0.1,0x667b9e62b761aa76cc8b7b75721a6a67ab93ae37,2,0xb421a98ca7825ad2951eaf6516bea4a9f08ffbfd(1x);0xf666057b3200c2af14534217ded1b8275dca53eb(1x)
0.1,0xd37aee574361d82572a0bba64fa0950feea28ffa,2,0xb421a98ca7825ad2951eaf6516bea4a9f08ffbfd(1x);0xf666057b3200c2af14534217ded1b8275dca53eb(1x)
0.1,0x04e666d5d237b11ecbc45d9a435409fbbf468036,2,0xb421a98ca7825ad2951eaf6516bea4a9f08ffbfd(1x);0xf666057b3200c2af14534217ded1b8275dca53eb(1x)
0.1,0x96799a9241a4a2f227eec4f5b08653745aadd5e7,2,0xb421a98ca7825ad2951eaf6516bea4a9f08ffbfd(1x);0xf666057b3200c2af14534217ded1b8275dca53eb(1x)
0.1,0x3eacb46904499a7b0f12d8a5f73d91f01070cac7,2,0xb421a98ca7825ad2951eaf6516bea4a9f08ffbfd(1x);0xf666057b3200c2af14534217ded1b8275dca53eb(1x)
0.1,0x591cecd549fa69f4518c7268a0b0da4580a929e2,2,0xb421a98ca7825ad2951eaf6516bea4a9f08ffbfd(1x);0xf666057b3200c2af14534217ded1b8275dca53eb(1x)
0.1,0xc9987a65253cb8de5d5cd7658b47d5318463a592,2,0xb421a98ca7825ad2951eaf6516bea4a9f08ffbfd(1x);0xf666057b3200c2af14534217ded1b8275dca53eb(1x)
0.1,0xd9afcc665a323c6b3495145235738129af890861,2,0xb421a98ca7825ad2951eaf6516bea4a9f08ffbfd(1x);0xf666057b3200c2af14534217ded1b8275dca53eb(1x)
0.1,0xb0e54519e73d84bc61d1e3a967c37ff17a84bfe2,2,0xb421a98ca7825ad2951eaf6516bea4a9f08ffbfd(1x);0xf666057b3200c2af14534217ded1b8275dca53eb(1x)
0.1,0x17c94900c13b0a24bf4c8dd37af1b176f59ac8a2,2,0xb421a98ca7825ad2951eaf6516bea4a9f08ffbfd(1x);0xf666057b3200c2af14534217ded1b8275dca53eb(1x)
0.1,0xf6c814a9f2cf01f85d6fa3cd343dc1a02cd9b81e,2,0xb421a98ca7825ad2951eaf6516bea4a9f08ffbfd(1x);0xf666057b3200c2af14534217ded1b8275dca53eb(1x)
0.1,0xc5da985079a39a9a42ea61fc2c2abdc548013a7b,2,0xb421a98ca7825ad2951eaf6516bea4a9f08ffbfd(1x);0xf666057b3200c2af14534217ded1b8275dca53eb(1x)
0.1,0x5929eef76f1a03cd53fc9dd844101295301cbfa1,2,0xb421a98ca7825ad2951eaf6516bea4a9f08ffbfd(1x);0xf666057b3200c2af14534217ded1b8275dca53eb(1x)
0.1,0x829ce92c965fc640cb070229bea003e095f4b2c3,2,0xb421a98ca7825ad2951eaf6516bea4a9f08ffbfd(1x);0xf666057b3200c2af14534217ded1b8275dca53eb(1x)
0.1,0xa12344511a0b357379d1ae1584bc2951e9893d8f,2,0xb421a98ca7825ad2951eaf6516bea4a9f08ffbfd(1x);0xf666057b3200c2af14534217ded1b8275dca53eb(1x)
0.1,0x562fb6545ee9e80bcbd529d903b8bb83c7bcb5b5,2,0xb421a98ca7825ad2951eaf6516bea4a9f08ffbfd(1x);0xf666057b3200c2af14534217ded1b8275dca53eb(1x)
0.1,0x49ce118adb3bd7d2d2c073a32674d4b0a1ce4879,2,0xb421a98ca7825ad2951eaf6516bea4a9f08ffbfd(1x);0xf666057b3200c2af14534217ded1b8275dca53eb(1x)
0.1,0x2260aa38af5d24ab235006f02d59304600148983,2,0xb421a98ca7825ad2951eaf6516bea4a9f08ffbfd(1x);0xf666057b3200c2af14534217ded1b8275dca53eb(1x)
0.1,0x3b37459a1d917c82d5526fa4f2fab8b23b90d7a0,2,0xb421a98ca7825ad2951eaf6516bea4a9f08ffbfd(1x);0xf666057b3200c2af14534217ded1b8275dca53eb(1x)
0.1,0x38027fe23c0488b54db5ff8e684a80a4939efc86,2,0xb421a98ca7825ad2951eaf6516bea4a9f08ffbfd(1x);0xf666057b3200c2af14534217ded1b8275dca53eb(1x)
0.1,0x5bdf35cf27aeaeaeb4c3a0a3249124a47bde43d8,2,0xb421a98ca7825ad2951eaf6516bea4a9f08ffbfd(1x);0xf666057b3200c2af14534217ded1b8275dca53eb(1x)
0.1,0x1236bac4078e30edf8f026ee9f7e701919a24426,2,0xb421a98ca7825ad2951eaf6516bea4a9f08ffbfd(1x);0xf666057b3200c2af14534217ded1b8275dca53eb(1x)
0.1,0x338989eac70d30b234cc5862c0f7638a2498f508,2,0xb421a98ca7825ad2951eaf6516bea4a9f08ffbfd(1x);0xf666057b3200c2af14534217ded1b8275dca53eb(1x)
0.1,0x08b8b678f5765b567c0466e8e7063d19d187fc38,2,0xb421a98ca7825ad2951eaf6516bea4a9f08ffbfd(1x);0xf666057b3200c2af14534217ded1b8275dca53eb(1x)
0.1,0x6ca4fc377c7b60570f99c94518d5daddb8f18d20,2,0xb421a98ca7825ad2951eaf6516bea4a9f08ffbfd(1x);0xf666057b3200c2af14534217ded1b8275dca53eb(1x)
0.1,0x9df59cc7d932b898ddb40d3b1a9d9f419aecf5f4,2,0xb421a98ca7825ad2951eaf6516bea4a9f08ffbfd(1x);0xf666057b3200c2af14534217ded1b8275dca53eb(1x)
0.1,0xf1b70abe5375de7394fd934e27181340e46d2904,2,0xb421a98ca7825ad2951eaf6516bea4a9f08ffbfd(1x);0xf666057b3200c2af14534217ded1b8275dca53eb(1x)
0.1,0x7e2bb2be96e12972199a00f4726f4b8fc389f17f,2,0xb421a98ca7825ad2951eaf6516bea4a9f08ffbfd(1x);0xf666057b3200c2af14534217ded1b8275dca53eb(1x)
0.1,0x638359dbfd66b2160f0f163759dcc9c7e55104f3,2,0xb421a98ca7825ad2951eaf6516bea4a9f08ffbfd(1x);0xf666057b3200c2af14534217ded1b8275dca53eb(1x)
0.1,0xca3e69882d0df132be79eef656d045ca658b064d,2,0xb421a98ca7825ad2951eaf6516bea4a9f08ffbfd(1x);0xf666057b3200c2af14534217ded1b8275dca53eb(1x)
0.1,0x2c6667385ae916ebca0f8f2f25c407e14a81fd5a,2,0xb421a98ca7825ad2951eaf6516bea4a9f08ffbfd(1x);0xf666057b3200c2af14534217ded1b8275dca53eb(1x)
0.1,0x72a8da2baf90bec8d61fd53d1cc2060e0626ab65,2,0xb421a98ca7825ad2951eaf6516bea4a9f08ffbfd(1x);0xf666057b3200c2af14534217ded1b8275dca53eb(1x)
0.1,0x88d6a8784647bb796603255a727403c3746b1e16,2,0xb421a98ca7825ad2951eaf6516bea4a9f08ffbfd(1x);0xf666057b3200c2af14534217ded1b8275dca53eb(1x)
0.1,0xc78bc571159d3472af8365a7c765503e4c7a8d6e,2,0xb421a98ca7825ad2951eaf6516bea4a9f08ffbfd(1x);0xf666057b3200c2af14534217ded1b8275dca53eb(1x)
0.1,0x0fe55722ed2bac1d8d60c337198932a2d840051e,2,0xb421a98ca7825ad2951eaf6516bea4a9f08ffbfd(1x);0xf666057b3200c2af14534217ded1b8275dca53eb(1x)
0.1,0xb4e8bc16bea21001f5f126a8292a82c9abbbc2ac,2,0xb421a98ca7825ad2951eaf6516bea4a9f08ffbfd(1x);0xf666057b3200c2af14534217ded1b8275dca53eb(1x)
0.1,0x54d240e2feb6308547b40e7321e3249e0963d265,2,0xb421a98ca7825ad2951eaf6516bea4a9f08ffbfd(1x);0xf666057b3200c2af14534217ded1b8275dca53eb(1x)
0.1,0x8091dc3688d2b0375c66480a8bd8037a50f3de08,2,0xb421a98ca7825ad2951eaf6516bea4a9f08ffbfd(1x);0xf666057b3200c2af14534217ded1b8275dca53eb(1x)
0.1,0xd6d95ae7f7042fe59e934a8cc8d037adb7ec6de1,2,0xb421a98ca7825ad2951eaf6516bea4a9f08ffbfd(1x);0xf666057b3200c2af14534217ded1b8275dca53eb(1x)
0.1,0xc167efb843d1803c37f0b894d0b5533090539182,2,0xb421a98ca7825ad2951eaf6516bea4a9f08ffbfd(1x);0xf666057b3200c2af14534217ded1b8275dca53eb(1x)
0.1,0xccd10eda5169c113f81b57b94416d7ba34869377,2,0xb421a98ca7825ad2951eaf6516bea4a9f08ffbfd(1x);0xf666057b3200c2af14534217ded1b8275dca53eb(1x)
0.1,0xdca0025278de82c03b61f44adc75519385226837,2,0xb421a98ca7825ad2951eaf6516bea4a9f08ffbfd(1x);0xf666057b3200c2af14534217ded1b8275dca53eb(1x)
0.1,0x20e54215a0c53082fbcf5ff7e4ad4807f658ed69,2,0xb421a98ca7825ad2951eaf6516bea4a9f08ffbfd(1x);0xf666057b3200c2af14534217ded1b8275dca53eb(1x)
0.1,0xe477f39733c0a085c6d509cd628595a7dd5d07bd,2,0xb421a98ca7825ad2951eaf6516bea4a9f08ffbfd(1x);0xf666057b3200c2af14534217ded1b8275dca53eb(1x)
0.1,0x2892ed6e3f5c4d744a6edce01839f1e916611b0e,2,0xb421a98ca7825ad2951eaf6516bea4a9f08ffbfd(1x);0xf666057b3200c2af14534217ded1b8275dca53eb(1x)
0.1,0x2d1d5206b5a3946ed057fea985b5f2a855a75bd6,2,0xb421a98ca7825ad2951eaf6516bea4a9f08ffbfd(1x);0xf666057b3200c2af14534217ded1b8275dca53eb(1x)
0.1,0xcb4bf12503f60b6a27c0cf7dbeea94a023e034d3,2,0xb421a98ca7825ad2951eaf6516bea4a9f08ffbfd(1x);0xf666057b3200c2af14534217ded1b8275dca53eb(1x)
0.1,0xa13ee70e67765bd76c136868989b16f2798fb891,2,0xb421a98ca7825ad2951eaf6516bea4a9f08ffbfd(1x);0xf666057b3200c2af14534217ded1b8275dca53eb(1x)
0.1,0xa68d85156ede284b2fc9c496de255ae90fdfd607,2,0xb421a98ca7825ad2951eaf6516bea4a9f08ffbfd(1x);0xf666057b3200c2af14534217ded1b8275dca53eb(1x)
0.1,0xd99dfff07a221116b91dc373f25e70c3b1d5a97a,2,0xb421a98ca7825ad2951eaf6516bea4a9f08ffbfd(1x);0xf666057b3200c2af14534217ded1b8275dca53eb(1x)
0.1,0x9065e031aecd6598cfe00642c1b80f55ad4ee61f,2,0xb421a98ca7825ad2951eaf6516bea4a9f08ffbfd(1x);0xf666057b3200c2af14534217ded1b8275dca53eb(1x)
0.1,0xc20b2c9ffa29c01b89d1077852004d0aec8e5c1d,2,0xb421a98ca7825ad2951eaf6516bea4a9f08ffbfd(15x);0xf666057b3200c2af14534217ded1b8275dca53eb(15x)
0.1,0x991d7ed04f3cf334f0cb3506fd20aedf32bc9f9e,2,0xb421a98ca7825ad2951eaf6516bea4a9f08ffbfd(1x);0xf666057b3200c2af14534217ded1b8275dca53eb(1x)
0.1,0xbfccf585a6d954206c909b467e1d8de3b30b9919,2,0xb421a98ca7825ad2951eaf6516bea4a9f08ffbfd(1x);0xf666057b3200c2af14534217ded1b8275dca53eb(1x)
0.1,0x61802fc0cb19876b76c852667d0c3ea953038320,2,0xb421a98ca7825ad2951eaf6516bea4a9f08ffbfd(1x);0xf666057b3200c2af14534217ded1b8275dca53eb(1x)
0.1,0x2cc8981b074f50ee4d0ed28f061168480ff36b4d,2,0xb421a98ca7825ad2951eaf6516bea4a9f08ffbfd(1x);0xf666057b3200c2af14534217ded1b8275dca53eb(1x)
0.1,0x9c8763aaf6eebf79c2334c2518f855ac2e545c54,2,0xb421a98ca7825ad2951eaf6516bea4a9f08ffbfd(1x);0xf666057b3200c2af14534217ded1b8275dca53eb(1x)
0.1,0x548d5ec9387a4a46ad3e93c6842ecea86ac1acf8,2,0xb421a98ca7825ad2951eaf6516bea4a9f08ffbfd(1x);0xf666057b3200c2af14534217ded1b8275dca53eb(1x)
0.1,0x6f10986c8cb0b6027b9c505f1bbbad57f3eb455b,2,0xb421a98ca7825ad2951eaf6516bea4a9f08ffbfd(1x);0xf666057b3200c2af14534217ded1b8275dca53eb(1x)
0.1,0x9b20fee8ffc704458d8a4ce42ee985e6a92453df,2,0xb421a98ca7825ad2951eaf6516bea4a9f08ffbfd(1x);0xf666057b3200c2af14534217ded1b8275dca53eb(1x)
0.1,0x7910bd45b9c9098083c28f1d1cb6434cd62f479f,2,0xb421a98ca7825ad2951eaf6516bea4a9f08ffbfd(1x);0xf666057b3200c2af14534217ded1b8275dca53eb(1x)
0.1,0x32afc72be68db03ff96295476f9af7f1af438d21,2,0xb421a98ca7825ad2951eaf6516bea4a9f08ffbfd(1x);0xf666057b3200c2af14534217ded1b8275dca53eb(1x)
0.1,0x1bdfac28010a8d6e7d873bd8db751e36df19bc29,2,0xb421a98ca7825ad2951eaf6516bea4a9f08ffbfd(1x);0xf666057b3200c2af14534217ded1b8275dca53eb(1x)
0.1,0x24431a8cc71a0dda0c8b84b329be324c68a1a4e6,2,0xb421a98ca7825ad2951eaf6516bea4a9f08ffbfd(1x);0xf666057b3200c2af14534217ded1b8275dca53eb(1x)
0.1,0xfed15d32ae8121f9d85a3094b5e517087fff7810,2,0xb421a98ca7825ad2951eaf6516bea4a9f08ffbfd(1x);0xf666057b3200c2af14534217ded1b8275dca53eb(1x)
0.1,0xe08f6834cab012d01285856d7bd2723e28e4fd56,2,0xb421a98ca7825ad2951eaf6516bea4a9f08ffbfd(1x);0xf666057b3200c2af14534217ded1b8275dca53eb(1x)
0.1,0xcac606996c0a01d8d2cd8df27dfccdf6367bfdc7,2,0xb421a98ca7825ad2951eaf6516bea4a9f08ffbfd(1x);0xf666057b3200c2af14534217ded1b8275dca53eb(1x)
0.1,0x9c85eb90fdc6cf12f4aec79e2bdc89d0ec0d1720,2,0xb421a98ca7825ad2951eaf6516bea4a9f08ffbfd(1x);0xf666057b3200c2af14534217ded1b8275dca53eb(1x)
0.1,0xf4af78781aa9855aac082908dbaf0ccb65dbb552,2,0xb421a98ca7825ad2951eaf6516bea4a9f08ffbfd(1x);0xf666057b3200c2af14534217ded1b8275dca53eb(1x)
0.1,0xf223699555926265324ed0b5c7308cb493ef5428,2,0xb421a98ca7825ad2951eaf6516bea4a9f08ffbfd(1x);0xf666057b3200c2af14534217ded1b8275dca53eb(1x)
0.1,0x8849a0e8fb2634a161ef57185e9ed227c96df49d,2,0xb421a98ca7825ad2951eaf6516bea4a9f08ffbfd(1x);0xf666057b3200c2af14534217ded1b8275dca53eb(1x)
0.1,0x1d6451c6333282db9bc3faf110de643f74e3f959,2,0xb421a98ca7825ad2951eaf6516bea4a9f08ffbfd(1x);0xf666057b3200c2af14534217ded1b8275dca53eb(1x)
0.1,0x997f8f55a335ca65beed74d7a0e0769c8cc6992d,2,0xb421a98ca7825ad2951eaf6516bea4a9f08ffbfd(1x);0xf666057b3200c2af14534217ded1b8275dca53eb(1x)
0.1,0xed2c24c8e498d83d7a1b6e37895f14264fa2c87e,2,0xb421a98ca7825ad2951eaf6516bea4a9f08ffbfd(1x);0xf666057b3200c2af14534217ded1b8275dca53eb(1x)
0.1,0x87d66dbbc328b616ea97ca826c950401332b1f19,2,0xb421a98ca7825ad2951eaf6516bea4a9f08ffbfd(1x);0xf666057b3200c2af14534217ded1b8275dca53eb(1x)
0.1,0xb0770f54eba674322d1662f7fb62fe4da1648916,2,0xb421a98ca7825ad2951eaf6516bea4a9f08ffbfd(1x);0xf666057b3200c2af14534217ded1b8275dca53eb(1x)
0.1,0xf4fcc4af87ac6c21a4f0dd71f60f991e084f16a4,2,0xb421a98ca7825ad2951eaf6516bea4a9f08ffbfd(1x);0xf666057b3200c2af14534217ded1b8275dca53eb(1x)
0.1,0x52bd7e48bd2637f7a32c73cdf7eee1f1a0ca68b2,2,0xb421a98ca7825ad2951eaf6516bea4a9f08ffbfd(1x);0xf666057b3200c2af14534217ded1b8275dca53eb(1x)
0.1,0x3928f6dc753c31b5da55ca289cc2bd18291b88e2,2,0xb421a98ca7825ad2951eaf6516bea4a9f08ffbfd(1x);0xf666057b3200c2af14534217ded1b8275dca53eb(1x)
0.1,0x4aa1eda3c723f4e36ba815e06bc381110330c8f7,2,0xb421a98ca7825ad2951eaf6516bea4a9f08ffbfd(1x);0xf666057b3200c2af14534217ded1b8275dca53eb(1x)
0.1,0x40db66ff5fa51f930649f399b22483790939a20a,2,0xb421a98ca7825ad2951eaf6516bea4a9f08ffbfd(1x);0xf666057b3200c2af14534217ded1b8275dca53eb(1x)
0.1,0x37f501e3b1468bf05e27dbb7a881590dca0d3b86,2,0xb421a98ca7825ad2951eaf6516bea4a9f08ffbfd(1x);0xf666057b3200c2af14534217ded1b8275dca53eb(1x)
0.1,0xce570b900fbe48097cac81da2ef1f65ebfac2e96,2,0xb421a98ca7825ad2951eaf6516bea4a9f08ffbfd(1x);0xf666057b3200c2af14534217ded1b8275dca53eb(1x)
0.1,0xe1e0d4305e0689e2f63f84b157f55cef34b3576f,2,0xb421a98ca7825ad2951eaf6516bea4a9f08ffbfd(1x);0xf666057b3200c2af14534217ded1b8275dca53eb(1x)
0.1,0x96b61938f7fd04aeb3766c35c460ebbb72236114,2,0xb421a98ca7825ad2951eaf6516bea4a9f08ffbfd(1x);0xf666057b3200c2af14534217ded1b8275dca53eb(1x)
0.1,0x9a87b4515a58e9d3d03b378d067ec8645943ba5a,2,0xb421a98ca7825ad2951eaf6516bea4a9f08ffbfd(1x);0xf666057b3200c2af14534217ded1b8275dca53eb(1x)
0.1,0x488bf38a01a807185b6f0eb9d5026cf8d11aeb82,2,0xb421a98ca7825ad2951eaf6516bea4a9f08ffbfd(1x);0xf666057b3200c2af14534217ded1b8275dca53eb(1x)
0.1,0xba92a31f3dbc9993e37317ac63fe86810d3b7e0d,2,0xb421a98ca7825ad2951eaf6516bea4a9f08ffbfd(1x);0xf666057b3200c2af14534217ded1b8275dca53eb(1x)
0.1,0x4d8bb14cacd10cc7e5a9936e9d792388898e97da,2,0xb421a98ca7825ad2951eaf6516bea4a9f08ffbfd(1x);0xf666057b3200c2af14534217ded1b8275dca53eb(1x)
0.1,0x4f62267d90fa25748211c5caf4aec59799d00de8,2,0xb421a98ca7825ad2951eaf6516bea4a9f08ffbfd(1x);0xf666057b3200c2af14534217ded1b8275dca53eb(1x)
0.1,0x5db704bd4c8d8b0fc3e4c865424635490b708a54,2,0xb421a98ca7825ad2951eaf6516bea4a9f08ffbfd(1x);0xf666057b3200c2af14534217ded1b8275dca53eb(1x)
0.1,0xa32e3ef6d4242e8d5733faaada732636982293d4,2,0xb421a98ca7825ad2951eaf6516bea4a9f08ffbfd(1x);0xf666057b3200c2af14534217ded1b8275dca53eb(1x)
0.1,0xce3993dd26df49d18a27b5a6e7b4ee407e48dd73,2,0xb421a98ca7825ad2951eaf6516bea4a9f08ffbfd(1x);0xf666057b3200c2af14534217ded1b8275dca53eb(1x)
0.1,0x9e56a6f0e1967be7b5dc688be23fd49beea2e2e0,2,0xb421a98ca7825ad2951eaf6516bea4a9f08ffbfd(1x);0xf666057b3200c2af14534217ded1b8275dca53eb(1x)
0.1,0xa094b2804f5e7382e074b625270f8bbcb09b968d,2,0xb421a98ca7825ad2951eaf6516bea4a9f08ffbfd(1x);0xf666057b3200c2af14534217ded1b8275dca53eb(1x)
0.1,0xf83ca1f6d579645477e66d69eb0111fb5ae7ea91,2,0xb421a98ca7825ad2951eaf6516bea4a9f08ffbfd(1x);0xf666057b3200c2af14534217ded1b8275dca53eb(1x)
0.1,0x44b176b018bda3f968795e58e0cba81f5ff9db52,2,0xb421a98ca7825ad2951eaf6516bea4a9f08ffbfd(1x);0xf666057b3200c2af14534217ded1b8275dca53eb(1x)
0.1,0xd0f960c29f1f12d0b25ad738be95c1662572243f,2,0xb421a98ca7825ad2951eaf6516bea4a9f08ffbfd(1x);0xf666057b3200c2af14534217ded1b8275dca53eb(1x)
0.1,0x5f7fcabbd40a6345b048300a0d989fcabe3f53c3,2,0xb421a98ca7825ad2951eaf6516bea4a9f08ffbfd(1x);0xf666057b3200c2af14534217ded1b8275dca53eb(1x)
0.1,0x782379096de4833411c2b06de81adac2bd2fea7f,2,0xb421a98ca7825ad2951eaf6516bea4a9f08ffbfd(1x);0xf666057b3200c2af14534217ded1b8275dca53eb(1x)
0.1,0xbf8fff46527578b11cd57e9c657523d472963f10,2,0xb421a98ca7825ad2951eaf6516bea4a9f08ffbfd(1x);0xf666057b3200c2af14534217ded1b8275dca53eb(1x)
0.1,0x2336374a4ab08aed5d77d279b8ab2905f731d381,2,0xb421a98ca7825ad2951eaf6516bea4a9f08ffbfd(1x);0xf666057b3200c2af14534217ded1b8275dca53eb(1x)
0.1,0x490efe899041013af345cc64b7b56b386f58f19a,2,0xb421a98ca7825ad2951eaf6516bea4a9f08ffbfd(1x);0xf666057b3200c2af14534217ded1b8275dca53eb(1x)
0.1,0x7c9e12919eedfd6da774f9fe7e795f38bfe7fb9e,2,0xb421a98ca7825ad2951eaf6516bea4a9f08ffbfd(1x);0xf666057b3200c2af14534217ded1b8275dca53eb(1x)
0.1,0x7f9fd1acb38194170771d81b7a747cef67022fca,2,0xb421a98ca7825ad2951eaf6516bea4a9f08ffbfd(1x);0xf666057b3200c2af14534217ded1b8275dca53eb(1x)
0.1,0x129321873c1bbd7e5900ab35bf4c44d7993723a0,2,0xb421a98ca7825ad2951eaf6516bea4a9f08ffbfd(1x);0xf666057b3200c2af14534217ded1b8275dca53eb(1x)
0.1,0x86e0c27befdfc860667d250f1590155fe4d3feb0,2,0xb421a98ca7825ad2951eaf6516bea4a9f08ffbfd(1x);0xf666057b3200c2af14534217ded1b8275dca53eb(1x)
0.1,0x2dcd2d3a64b71c038ab9fa970da8bcaf1bc0afe9,2,0xb421a98ca7825ad2951eaf6516bea4a9f08ffbfd(1x);0xf666057b3200c2af14534217ded1b8275dca53eb(1x)
0.1,0x9997323fd49fef52fd92b2950d613c91a036d8aa,2,0xb421a98ca7825ad2951eaf6516bea4a9f08ffbfd(1x);0xf666057b3200c2af14534217ded1b8275dca53eb(1x)
0.1,0x09ae782f78f5ab24deb15e2d9f0db216a84aa684,2,0xb421a98ca7825ad2951eaf6516bea4a9f08ffbfd(1x);0xf666057b3200c2af14534217ded1b8275dca53eb(1x)
0.1,0x9055155742b7bf0b7ddb1ff4f2a430027330c704,2,0xb421a98ca7825ad2951eaf6516bea4a9f08ffbfd(1x);0xf666057b3200c2af14534217ded1b8275dca53eb(1x)
0.1,0x85b381659c28ec50568c227478fd7539b46bc302,2,0xb421a98ca7825ad2951eaf6516bea4a9f08ffbfd(1x);0xf666057b3200c2af14534217ded1b8275dca53eb(1x)
0.1,0xd1fa8e43f64b1f558cb89b81c31f48c2f79ff5b3,2,0xb421a98ca7825ad2951eaf6516bea4a9f08ffbfd(1x);0xf666057b3200c2af14534217ded1b8275dca53eb(1x)
0.1,0xad4b7cab55600490c1ef6635a1f9a10bb23d7a13,2,0xb421a98ca7825ad2951eaf6516bea4a9f08ffbfd(1x);0xf666057b3200c2af14534217ded1b8275dca53eb(1x)
0.1,0x00afda77251227f16e61efa038408c948da3ae9d,2,0xb421a98ca7825ad2951eaf6516bea4a9f08ffbfd(1x);0xf666057b3200c2af14534217ded1b8275dca53eb(1x)
0.1,0xde49e482b06ebe85160c6e697c2637d38478d6b5,2,0xb421a98ca7825ad2951eaf6516bea4a9f08ffbfd(1x);0xf666057b3200c2af14534217ded1b8275dca53eb(1x)
0.1,0x7b6ad678d5959706410d9fbe1a204d6675a94d56,2,0xb421a98ca7825ad2951eaf6516bea4a9f08ffbfd(1x);0xf666057b3200c2af14534217ded1b8275dca53eb(1x)
0.1,0xd074daa0df0dcb46f5c1f61b0d5811de0a77c1e9,2,0xb421a98ca7825ad2951eaf6516bea4a9f08ffbfd(1x);0xf666057b3200c2af14534217ded1b8275dca53eb(1x)
0.1,0xe409fe2f98b93488d3cdd6cf31b7748bd3d5fd41,2,0xb421a98ca7825ad2951eaf6516bea4a9f08ffbfd(1x);0xf666057b3200c2af14534217ded1b8275dca53eb(1x)
0.1,0x5915633da6bf80bb77213721c17e27c0c84d73a8,2,0xb421a98ca7825ad2951eaf6516bea4a9f08ffbfd(1x);0xf666057b3200c2af14534217ded1b8275dca53eb(1x)
0.1,0x99e9b96cb93fba87be731be92c550d0853983953,2,0xb421a98ca7825ad2951eaf6516bea4a9f08ffbfd(1x);0xf666057b3200c2af14534217ded1b8275dca53eb(1x)
0.1,0x105bebed037e48222921352be58a27604c39387a,2,0xb421a98ca7825ad2951eaf6516bea4a9f08ffbfd(1x);0xf666057b3200c2af14534217ded1b8275dca53eb(1x)
0.1,0x34c45a466eb7d97f8ad7ada372a3f55f0da7946a,2,0xb421a98ca7825ad2951eaf6516bea4a9f08ffbfd(1x);0xf666057b3200c2af14534217ded1b8275dca53eb(1x)
0.1,0x166ec39f184a62ace3549f51298d5af14d5c3be4,2,0xb421a98ca7825ad2951eaf6516bea4a9f08ffbfd(1x);0xf666057b3200c2af14534217ded1b8275dca53eb(1x)
0.1,0x4d4c0df05d4013603c5db60503828ef419c3c7de,2,0xb421a98ca7825ad2951eaf6516bea4a9f08ffbfd(1x);0xf666057b3200c2af14534217ded1b8275dca53eb(1x)
0.1,0x633693a1c857161823384671bb06e8e4e4a57940,2,0xb421a98ca7825ad2951eaf6516bea4a9f08ffbfd(1x);0xf666057b3200c2af14534217ded1b8275dca53eb(1x)
0.1,0x59ccf3929cb80240de6e83afd1ca673f3235040d,2,0xb421a98ca7825ad2951eaf6516bea4a9f08ffbfd(1x);0xf666057b3200c2af14534217ded1b8275dca53eb(1x)
0.1,0x247827ef7e3350bb0653d6817b098cbefd15f84e,2,0xb421a98ca7825ad2951eaf6516bea4a9f08ffbfd(1x);0xf666057b3200c2af14534217ded1b8275dca53eb(1x)
0.1,0x2603fa015f2d7aad23f84f696f07f5f6375e1005,2,0xb421a98ca7825ad2951eaf6516bea4a9f08ffbfd(1x);0xf666057b3200c2af14534217ded1b8275dca53eb(1x)
0.1,0x8a75e072b63b7a0554dc2d01daefa49c4f337ed1,2,0xb421a98ca7825ad2951eaf6516bea4a9f08ffbfd(1x);0xf666057b3200c2af14534217ded1b8275dca53eb(1x)
0.1,0x419f76646a7047da2d79d89574685d554290fcf2,2,0xb421a98ca7825ad2951eaf6516bea4a9f08ffbfd(1x);0xf666057b3200c2af14534217ded1b8275dca53eb(1x)
0.1,0xaf758aefa840637ae8ccc25df2f519e5c98456d4,2,0xb421a98ca7825ad2951eaf6516bea4a9f08ffbfd(1x);0xf666057b3200c2af14534217ded1b8275dca53eb(1x)
0.1,0x6c08632a724d597ebebc7155f4099b0c43a1cb97,2,0xb421a98ca7825ad2951eaf6516bea4a9f08ffbfd(1x);0xf666057b3200c2af14534217ded1b8275dca53eb(1x)
0.1,0x6c7284f983373cd5e40f04c07da85be14ef9c34d,2,0xb421a98ca7825ad2951eaf6516bea4a9f08ffbfd(1x);0xf666057b3200c2af14534217ded1b8275dca53eb(1x)
0.1,0x2221d21b008df188152b4f72021fe6df7ab692c9,2,0xb421a98ca7825ad2951eaf6516bea4a9f08ffbfd(1x);0xf666057b3200c2af14534217ded1b8275dca53eb(1x)
0.1,0x6a0a1085fdfc219232915559783f7b084f4e5e3f,2,0xb421a98ca7825ad2951eaf6516bea4a9f08ffbfd(1x);0xf666057b3200c2af14534217ded1b8275dca53eb(1x)
0.1,0xdcecfe734071f0845ab9afe1166226ae60dbe946,2,0xb421a98ca7825ad2951eaf6516bea4a9f08ffbfd(1x);0xf666057b3200c2af14534217ded1b8275dca53eb(1x)
0.1,0x090257cf780bea5578c80fcd73c49808444a8d13,2,0xb421a98ca7825ad2951eaf6516bea4a9f08ffbfd(1x);0xf666057b3200c2af14534217ded1b8275dca53eb(1x)
0.1,0x6746035604999c5065408393511a49d4e8be059b,2,0xb421a98ca7825ad2951eaf6516bea4a9f08ffbfd(1x);0xf666057b3200c2af14534217ded1b8275dca53eb(1x)
0.1,0xebcb50a5e4cc20cebafaf9d584422fd124c21358,2,0xb421a98ca7825ad2951eaf6516bea4a9f08ffbfd(1x);0xf666057b3200c2af14534217ded1b8275dca53eb(1x)
0.1,0x7b8e20195d1927e51f72740472f09bb8fff70029,2,0xb421a98ca7825ad2951eaf6516bea4a9f08ffbfd(1x);0xf666057b3200c2af14534217ded1b8275dca53eb(1x)
0.1,0x72d906647400dc9da8f16bb5bb241d40f57f4018,2,0xb421a98ca7825ad2951eaf6516bea4a9f08ffbfd(1x);0xf666057b3200c2af14534217ded1b8275dca53eb(1x)
0.1,0x5500c92e5c722c666055f82f854b75db0b76793b,2,0xb421a98ca7825ad2951eaf6516bea4a9f08ffbfd(2x);0xf666057b3200c2af14534217ded1b8275dca53eb(2x)
0.1,0xfa820d9e4f044df9a601249935ca951bf70c75d8,2,0xb421a98ca7825ad2951eaf6516bea4a9f08ffbfd(1x);0xf666057b3200c2af14534217ded1b8275dca53eb(1x)
0.1,0x3c62ac49fc9f28c24a8f6263ef19fb788f1dc072,2,0xb421a98ca7825ad2951eaf6516bea4a9f08ffbfd(1x);0xf666057b3200c2af14534217ded1b8275dca53eb(1x)
0.1,0xde02cb40a3beba7b46ffa8b74140a26b487d0e1d,2,0xb421a98ca7825ad2951eaf6516bea4a9f08ffbfd(1x);0xf666057b3200c2af14534217ded1b8275dca53eb(1x)
0.1,0xfdf84728befd0b0af7a621d85f733499c02c8d7b,2,0xb421a98ca7825ad2951eaf6516bea4a9f08ffbfd(1x);0xf666057b3200c2af14534217ded1b8275dca53eb(1x)
0.1,0x3715701067f08597c6241b5abf596ee6d9c214bd,2,0xb421a98ca7825ad2951eaf6516bea4a9f08ffbfd(1x);0xf666057b3200c2af14534217ded1b8275dca53eb(1x)
0.1,0xc422c335c0dbe35407b1900744d991d80a646373,2,0xb421a98ca7825ad2951eaf6516bea4a9f08ffbfd(1x);0xf666057b3200c2af14534217ded1b8275dca53eb(1x)
0.1,0x757095fbb6c7e50d9c1d5cb130b930b1bb7b31c2,2,0xb421a98ca7825ad2951eaf6516bea4a9f08ffbfd(1x);0xf666057b3200c2af14534217ded1b8275dca53eb(1x)
0.1,0xc5df50acd79d010dc46426fd16faa7806a5a158c,2,0xb421a98ca7825ad2951eaf6516bea4a9f08ffbfd(1x);0xf666057b3200c2af14534217ded1b8275dca53eb(1x)
0.1,0xc52092540afc8642df7b0b18c5ba4efaafb2389b,2,0xb421a98ca7825ad2951eaf6516bea4a9f08ffbfd(1x);0xf666057b3200c2af14534217ded1b8275dca53eb(1x)
0.1,0x5ef4915f4879fb8f1da8f61b88f46218332f4e62,2,0xb421a98ca7825ad2951eaf6516bea4a9f08ffbfd(1x);0xf666057b3200c2af14534217ded1b8275dca53eb(1x)
0.1,0x0b52625ca22070f0c759c8a65d1f412742d14b25,2,0xb421a98ca7825ad2951eaf6516bea4a9f08ffbfd(1x);0xf666057b3200c2af14534217ded1b8275dca53eb(1x)
0.1,0x4ec9f85d91bbf66f1643c312ea5ac67a6d99749b,2,0xb421a98ca7825ad2951eaf6516bea4a9f08ffbfd(1x);0xf666057b3200c2af14534217ded1b8275dca53eb(1x)
0.1,0x1846528268f7e93b13bc574966ad7d098fe55e72,2,0xb421a98ca7825ad2951eaf6516bea4a9f08ffbfd(1x);0xf666057b3200c2af14534217ded1b8275dca53eb(1x)
0.1,0x7fb3c08a73c3df4af1ddbb89a8e627ee1021894b,2,0xb421a98ca7825ad2951eaf6516bea4a9f08ffbfd(1x);0xf666057b3200c2af14534217ded1b8275dca53eb(1x)
0.1,0xe37ab7ec6e69f1cd0bc1d73f7e8739cb20ca74bc,2,0xb421a98ca7825ad2951eaf6516bea4a9f08ffbfd(1x);0xf666057b3200c2af14534217ded1b8275dca53eb(1x)
0.1,0x6425eeddcd1da25851313902725b1251e0aecfea,2,0xb421a98ca7825ad2951eaf6516bea4a9f08ffbfd(1x);0xf666057b3200c2af14534217ded1b8275dca53eb(1x)
0.1,0x11fc819b237dbabe5b0317f2c1e949a113950d76,2,0xb421a98ca7825ad2951eaf6516bea4a9f08ffbfd(1x);0xf666057b3200c2af14534217ded1b8275dca53eb(1x)
0.1,0x7d1f94f574cafff7576b76be3d09fce44fa3c874,2,0xb421a98ca7825ad2951eaf6516bea4a9f08ffbfd(1x);0xf666057b3200c2af14534217ded1b8275dca53eb(1x)
0.1,0x6857b82b01e631374520df8b871d04543395ec12,2,0xb421a98ca7825ad2951eaf6516bea4a9f08ffbfd(1x);0xf666057b3200c2af14534217ded1b8275dca53eb(1x)
0.1,0xf0b141ab9176e333776c5359001d309353f7d5a4,2,0xb421a98ca7825ad2951eaf6516bea4a9f08ffbfd(1x);0xf666057b3200c2af14534217ded1b8275dca53eb(1x)
0.1,0x028e8428bc9277db5c164be4f0ce297e35639069,2,0xb421a98ca7825ad2951eaf6516bea4a9f08ffbfd(1x);0xf666057b3200c2af14534217ded1b8275dca53eb(1x)
0.1,0x79cf3f6416400f31c73b463a1760af10895ecdd0,2,0xb421a98ca7825ad2951eaf6516bea4a9f08ffbfd(1x);0xf666057b3200c2af14534217ded1b8275dca53eb(1x)
0.1,0x985c1affe7011bf2cf0bef5bdd295edd9ab807c5,2,0xb421a98ca7825ad2951eaf6516bea4a9f08ffbfd(1x);0xf666057b3200c2af14534217ded1b8275dca53eb(1x)
0.1,0xd84b77638e5d3067fb2aa97f9460aab67fad2659,2,0xb421a98ca7825ad2951eaf6516bea4a9f08ffbfd(1x);0xf666057b3200c2af14534217ded1b8275dca53eb(1x)
0.1,0x8b0314d94464933b7accd4d2809f8017171ac6a5,2,0xb421a98ca7825ad2951eaf6516bea4a9f08ffbfd(1x);0xf666057b3200c2af14534217ded1b8275dca53eb(1x)
0.1,0x5ead816f6cec3bf90842f639511a37fabe8f35cb,2,0xb421a98ca7825ad2951eaf6516bea4a9f08ffbfd(1x);0xf666057b3200c2af14534217ded1b8275dca53eb(1x)
0.1,0x5496e898f6bf671d08ff33dc44b659fba2cf63dc,2,0xb421a98ca7825ad2951eaf6516bea4a9f08ffbfd(1x);0xf666057b3200c2af14534217ded1b8275dca53eb(1x)
0.1,0x87b38f68778f6e782987232b1e4b52354aceaae7,2,0xb421a98ca7825ad2951eaf6516bea4a9f08ffbfd(1x);0xf666057b3200c2af14534217ded1b8275dca53eb(1x)
0.1,0x860294f89d95c8b11808d07356e01d875d146710,2,0xb421a98ca7825ad2951eaf6516bea4a9f08ffbfd(1x);0xf666057b3200c2af14534217ded1b8275dca53eb(1x)
0.1,0x8a7908a5157bef210e581df60bc27a7e9f3789fc,2,0xb421a98ca7825ad2951eaf6516bea4a9f08ffbfd(1x);0xf666057b3200c2af14534217ded1b8275dca53eb(1x)
0.1,0x24117770c94ebc4ef244342d5be9b62c8be5c43d,2,0xb421a98ca7825ad2951eaf6516bea4a9f08ffbfd(1x);0xf666057b3200c2af14534217ded1b8275dca53eb(1x)
0.1,0x92d8335d98e4f775e53c7780f71663225da45102,2,0xb421a98ca7825ad2951eaf6516bea4a9f08ffbfd(1x);0xf666057b3200c2af14534217ded1b8275dca53eb(1x)
0.1,0xca775a68d61d78887c882123a9303edd457ad36a,2,0xb421a98ca7825ad2951eaf6516bea4a9f08ffbfd(1x);0xf666057b3200c2af14534217ded1b8275dca53eb(1x)
0.1,0x88ec3e5210c07ecd7332bf978e424a55929ab1dc,2,0xb421a98ca7825ad2951eaf6516bea4a9f08ffbfd(1x);0xf666057b3200c2af14534217ded1b8275dca53eb(1x)
0.1,0x5b5fffb9fec7ed9cf38b87125a661360ff392c23,2,0xb421a98ca7825ad2951eaf6516bea4a9f08ffbfd(1x);0xf666057b3200c2af14534217ded1b8275dca53eb(1x)
0.1,0xc69016a3ab5160ec1c96e407f1a04325ac338cf8,2,0xb421a98ca7825ad2951eaf6516bea4a9f08ffbfd(1x);0xf666057b3200c2af14534217ded1b8275dca53eb(1x)
0.1,0xea86d58301d66e1b15ee26597a9626e2a350608c,2,0xb421a98ca7825ad2951eaf6516bea4a9f08ffbfd(1x);0xf666057b3200c2af14534217ded1b8275dca53eb(1x)
0.1,0xb6dc528354267b0cbc0b2e24fb05e2cea0e02768,2,0xb421a98ca7825ad2951eaf6516bea4a9f08ffbfd(1x);0xf666057b3200c2af14534217ded1b8275dca53eb(1x)
0.1,0x99a35c81a2aee6ac76c89b49ef4b3c8b7d45c8f6,2,0xb421a98ca7825ad2951eaf6516bea4a9f08ffbfd(1x);0xf666057b3200c2af14534217ded1b8275dca53eb(1x)
0.1,0xdaca650ce0049189b7807611aca98f77983b5741,2,0xb421a98ca7825ad2951eaf6516bea4a9f08ffbfd(1x);0xf666057b3200c2af14534217ded1b8275dca53eb(1x)
0.1,0x2567918f761eb308d88b0f9558197626ccecfd28,2,0xb421a98ca7825ad2951eaf6516bea4a9f08ffbfd(1x);0xf666057b3200c2af14534217ded1b8275dca53eb(1x)
0.1,0x4739d834b912f6a86c936acfec9bad9130ad98e2,2,0xb421a98ca7825ad2951eaf6516bea4a9f08ffbfd(1x);0xf666057b3200c2af14534217ded1b8275dca53eb(1x)
0.1,0x65e6456662cfccdd88f3f0f08948198c7b45e462,2,0xb421a98ca7825ad2951eaf6516bea4a9f08ffbfd(1x);0xf666057b3200c2af14534217ded1b8275dca53eb(1x)
0.1,0xba055bf79b95b5ae365fa4d93c892e7547315fe7,2,0xb421a98ca7825ad2951eaf6516bea4a9f08ffbfd(1x);0xf666057b3200c2af14534217ded1b8275dca53eb(1x)
0.1,0x2cd684d586cfb32f33dcc9702adf224ec528386f,2,0xb421a98ca7825ad2951eaf6516bea4a9f08ffbfd(1x);0xf666057b3200c2af14534217ded1b8275dca53eb(1x)
0.1,0xe6211f668ed27ba74e866afb6508f78277dda5b6,2,0xb421a98ca7825ad2951eaf6516bea4a9f08ffbfd(1x);0xf666057b3200c2af14534217ded1b8275dca53eb(1x)
0.1,0xc4e37ade34b041623fcf6c91b59c7c1e02695427,2,0xb421a98ca7825ad2951eaf6516bea4a9f08ffbfd(1x);0xf666057b3200c2af14534217ded1b8275dca53eb(1x)
0.1,0x624939ba5a7b293ba0578d709d6d01d63152f747,2,0xb421a98ca7825ad2951eaf6516bea4a9f08ffbfd(1x);0xf666057b3200c2af14534217ded1b8275dca53eb(1x)
0.1,0x8c1cdedb724156b8b38e518499c76cc84bdc1dec,2,0xb421a98ca7825ad2951eaf6516bea4a9f08ffbfd(1x);0xf666057b3200c2af14534217ded1b8275dca53eb(1x)
0.1,0x6d8c0655638764883ab202b80aa1f99d43873613,2,0xb421a98ca7825ad2951eaf6516bea4a9f08ffbfd(1x);0xf666057b3200c2af14534217ded1b8275dca53eb(1x)
0.1,0x752bb2a1c2921fcfc21a0f1d4fd58453d85ceb59,2,0xb421a98ca7825ad2951eaf6516bea4a9f08ffbfd(1x);0xf666057b3200c2af14534217ded1b8275dca53eb(1x)
0.1,0x71154a739d8b10bf0afe1fec273b665c6bca2804,2,0xb421a98ca7825ad2951eaf6516bea4a9f08ffbfd(1x);0xf666057b3200c2af14534217ded1b8275dca53eb(1x)
0.1,0x01c8bf4f6d62ac51a974a043691dc51c9134c89a,2,0xb421a98ca7825ad2951eaf6516bea4a9f08ffbfd(1x);0xf666057b3200c2af14534217ded1b8275dca53eb(1x)
0.1,0x2db8f36a41b92fc0be8b457891df789dfc059b96,2,0xb421a98ca7825ad2951eaf6516bea4a9f08ffbfd(1x);0xf666057b3200c2af14534217ded1b8275dca53eb(1x)
0.1,0x5fe0d0413a7b1cc1ba6a8c01532abae4cf6fb9f0,2,0xb421a98ca7825ad2951eaf6516bea4a9f08ffbfd(1x);0xf666057b3200c2af14534217ded1b8275dca53eb(1x)
0.1,0x285a9054076e39bff73ecd7de1b35ba142cfe5e7,2,0xb421a98ca7825ad2951eaf6516bea4a9f08ffbfd(1x);0xf666057b3200c2af14534217ded1b8275dca53eb(1x)
0.1,0x2469d1fa6579cc1c0a80efdaed0cf358b179bc87,2,0xb421a98ca7825ad2951eaf6516bea4a9f08ffbfd(1x);0xf666057b3200c2af14534217ded1b8275dca53eb(1x)
0.1,0xdc7a096ea6d5dd92ec4347ce1c631e7110264e57,2,0xb421a98ca7825ad2951eaf6516bea4a9f08ffbfd(1x);0xf666057b3200c2af14534217ded1b8275dca53eb(1x)
0.1,0xc53b829298eeb97b93d10d36932d987d148e7f60,2,0xb421a98ca7825ad2951eaf6516bea4a9f08ffbfd(1x);0xf666057b3200c2af14534217ded1b8275dca53eb(1x)
0.1,0x4d9b5653fd88ae0eac0958355df731ab95d5fb5a,2,0xb421a98ca7825ad2951eaf6516bea4a9f08ffbfd(1x);0xf666057b3200c2af14534217ded1b8275dca53eb(1x)
0.1,0x257a53534f1bec3ca65e000ccdc1b28041a8bb04,2,0xb421a98ca7825ad2951eaf6516bea4a9f08ffbfd(1x);0xf666057b3200c2af14534217ded1b8275dca53eb(1x)
0.1,0x3983ad0118bbf878f9cc6eafdc7f7f72bc9e0f0d,2,0xb421a98ca7825ad2951eaf6516bea4a9f08ffbfd(1x);0xf666057b3200c2af14534217ded1b8275dca53eb(1x)
0.1,0x8d88c6e10923eccf61981b80d6a087b9c6722579,2,0xb421a98ca7825ad2951eaf6516bea4a9f08ffbfd(1x);0xf666057b3200c2af14534217ded1b8275dca53eb(1x)
0.1,0x744eac28646105ac640a7f678a30414306d6f636,2,0xb421a98ca7825ad2951eaf6516bea4a9f08ffbfd(1x);0xf666057b3200c2af14534217ded1b8275dca53eb(1x)
0.1,0x0c403afc46a369f78b69a1f63e75f4a83c5a05c6,2,0xb421a98ca7825ad2951eaf6516bea4a9f08ffbfd(1x);0xf666057b3200c2af14534217ded1b8275dca53eb(1x)
0.1,0x7f2fade0e7652ed759425165cefb869ed163ab6d,2,0xb421a98ca7825ad2951eaf6516bea4a9f08ffbfd(1x);0xf666057b3200c2af14534217ded1b8275dca53eb(1x)
0.1,0xb5ad14a15f9b13f5826341a9ee2ea7c443faff2e,2,0xb421a98ca7825ad2951eaf6516bea4a9f08ffbfd(1x);0xf666057b3200c2af14534217ded1b8275dca53eb(1x)
0.1,0xcf7d7423f28059e79224f9661c137f3e66c6268a,2,0xb421a98ca7825ad2951eaf6516bea4a9f08ffbfd(1x);0xf666057b3200c2af14534217ded1b8275dca53eb(1x)
0.1,0x3002aeaeaa472789483f7a1fc1b86fddf5c8080a,2,0xb421a98ca7825ad2951eaf6516bea4a9f08ffbfd(1x);0xf666057b3200c2af14534217ded1b8275dca53eb(1x)
0.1,0x24eb8c4a028ef10cb89d7e339b3969fab400323e,2,0xb421a98ca7825ad2951eaf6516bea4a9f08ffbfd(1x);0xf666057b3200c2af14534217ded1b8275dca53eb(1x)
0.1,0x7f3ce79d4632520b7ab65775c47a6f0bb458a9dd,2,0xb421a98ca7825ad2951eaf6516bea4a9f08ffbfd(1x);0xf666057b3200c2af14534217ded1b8275dca53eb(1x)
0.1,0xf6ba1eb9a361405ed46ef7b6fc6e5f4f86a541da,2,0xb421a98ca7825ad2951eaf6516bea4a9f08ffbfd(1x);0xf666057b3200c2af14534217ded1b8275dca53eb(1x)
0.1,0xc9986cbffccdbdcf950b8b1ec00bf72298e1ad4e,2,0xb421a98ca7825ad2951eaf6516bea4a9f08ffbfd(1x);0xf666057b3200c2af14534217ded1b8275dca53eb(1x)
0.1,0x898cc0a454917d2e64578ac77f35fc5cdfecce51,2,0xb421a98ca7825ad2951eaf6516bea4a9f08ffbfd(1x);0xf666057b3200c2af14534217ded1b8275dca53eb(1x)
0.1,0x08d5340fe1920e947b3454476439a2139fb43f1b,2,0xb421a98ca7825ad2951eaf6516bea4a9f08ffbfd(1x);0xf666057b3200c2af14534217ded1b8275dca53eb(1x)
0.1,0xf732315b77aaa1245eda158e796cd8e1e1faf10e,2,0xb421a98ca7825ad2951eaf6516bea4a9f08ffbfd(1x);0xf666057b3200c2af14534217ded1b8275dca53eb(1x)
0.1,0x15d41753f17f55ddda59fcfd9d5658d9c12e049c,2,0xb421a98ca7825ad2951eaf6516bea4a9f08ffbfd(1x);0xf666057b3200c2af14534217ded1b8275dca53eb(1x)
0.1,0x89662062c477e3e8ae4a3588089198cbacad530e,2,0xb421a98ca7825ad2951eaf6516bea4a9f08ffbfd(1x);0xf666057b3200c2af14534217ded1b8275dca53eb(1x)
0.1,0x84070ca43fc03c72d32f54cdb06eac4d12ebb09d,2,0xb421a98ca7825ad2951eaf6516bea4a9f08ffbfd(1x);0xf666057b3200c2af14534217ded1b8275dca53eb(1x)
0.1,0x833c4f8bd00233e40c8b77ac65596f03b8fbcc1a,2,0xb421a98ca7825ad2951eaf6516bea4a9f08ffbfd(1x);0xf666057b3200c2af14534217ded1b8275dca53eb(1x)
0.1,0x88de9c6d1eabe9b9bb467e380fb5f85fd4ff0d23,2,0xb421a98ca7825ad2951eaf6516bea4a9f08ffbfd(1x);0xf666057b3200c2af14534217ded1b8275dca53eb(1x)
0.1,0x017f9646873d6b10bf5c4a49376df0792689bf63,2,0xb421a98ca7825ad2951eaf6516bea4a9f08ffbfd(1x);0xf666057b3200c2af14534217ded1b8275dca53eb(1x)
0.1,0x1627435c7c1abb03d4e370777e92e8b3d8ee0da5,2,0xb421a98ca7825ad2951eaf6516bea4a9f08ffbfd(1x);0xf666057b3200c2af14534217ded1b8275dca53eb(1x)
0.1,0x66dc63542980460a6cf814d4a713e0d5d3af1a46,2,0xb421a98ca7825ad2951eaf6516bea4a9f08ffbfd(1x);0xf666057b3200c2af14534217ded1b8275dca53eb(1x)
0.1,0x04f7912a218076edc6c74a88b91b7f2de6a19a99,2,0xb421a98ca7825ad2951eaf6516bea4a9f08ffbfd(1x);0xf666057b3200c2af14534217ded1b8275dca53eb(1x)
0.1,0x04521b5f9c00722407c9845775a5f6914f18a015,2,0xb421a98ca7825ad2951eaf6516bea4a9f08ffbfd(1x);0xf666057b3200c2af14534217ded1b8275dca53eb(1x)
0.1,0xf64e942af78eb5a67334169d0f2a3e9c368b0668,2,0xb421a98ca7825ad2951eaf6516bea4a9f08ffbfd(1x);0xf666057b3200c2af14534217ded1b8275dca53eb(1x)
0.1,0xd1676cd276eff1322d63fe47d4e0c021ba8fafec,2,0xb421a98ca7825ad2951eaf6516bea4a9f08ffbfd(1x);0xf666057b3200c2af14534217ded1b8275dca53eb(1x)
0.1,0x10a7909bab6b4afc9b5ce1f1c3317bfc78562a84,2,0xb421a98ca7825ad2951eaf6516bea4a9f08ffbfd(1x);0xf666057b3200c2af14534217ded1b8275dca53eb(1x)
0.1,0x4bb747fe0aa39b4a409aca5bd977ad28cdbef7ee,2,0xb421a98ca7825ad2951eaf6516bea4a9f08ffbfd(1x);0xf666057b3200c2af14534217ded1b8275dca53eb(1x)
0.1,0x15e021955e90913f4a9bbee5fc4ef32cf3945e8d,2,0xb421a98ca7825ad2951eaf6516bea4a9f08ffbfd(1x);0xf666057b3200c2af14534217ded1b8275dca53eb(1x)
0.1,0xcd1cfd399653434b4fd8e58da9a116f6b767d18f,2,0xb421a98ca7825ad2951eaf6516bea4a9f08ffbfd(1x);0xf666057b3200c2af14534217ded1b8275dca53eb(1x)
0.1,0xd4b8dd5e4095714bf2dd8c4f9138f3718386da11,2,0xb421a98ca7825ad2951eaf6516bea4a9f08ffbfd(1x);0xf666057b3200c2af14534217ded1b8275dca53eb(1x)
0.1,0xbd50335a67862ee4aaaa771052675055324ac092,2,0xb421a98ca7825ad2951eaf6516bea4a9f08ffbfd(1x);0xf666057b3200c2af14534217ded1b8275dca53eb(1x)
0.1,0xae11c050348147f6c7e32546649a8dc560d37653,2,0xb421a98ca7825ad2951eaf6516bea4a9f08ffbfd(1x);0xf666057b3200c2af14534217ded1b8275dca53eb(1x)
0.1,0x4dfe3e58e949a3f8e3db1447eb50be4fb5469e6d,2,0xb421a98ca7825ad2951eaf6516bea4a9f08ffbfd(1x);0xf666057b3200c2af14534217ded1b8275dca53eb(1x)
0.1,0x2693d58cbafbf48844b856755a9c010babe9f5e8,2,0xb421a98ca7825ad2951eaf6516bea4a9f08ffbfd(1x);0xf666057b3200c2af14534217ded1b8275dca53eb(1x)
0.1,0x23e02cfcbdd1b8cac35613a8b97ecace3e68d6c4,2,0xb421a98ca7825ad2951eaf6516bea4a9f08ffbfd(1x);0xf666057b3200c2af14534217ded1b8275dca53eb(1x)
0.1,0xf767d0683b769ebb4790f0dd8790a09b20482645,2,0xb421a98ca7825ad2951eaf6516bea4a9f08ffbfd(1x);0xf666057b3200c2af14534217ded1b8275dca53eb(1x)
0.1,0x92ca31f8e2c24651dc48fa3e788b3c4670c7c200,2,0xb421a98ca7825ad2951eaf6516bea4a9f08ffbfd(1x);0xf666057b3200c2af14534217ded1b8275dca53eb(1x)
0.1,0x69bbafe048ccfad78b042e6a4c3408e032801f32,2,0xb421a98ca7825ad2951eaf6516bea4a9f08ffbfd(1x);0xf666057b3200c2af14534217ded1b8275dca53eb(1x)
0.1,0x7d8f5d8b935f64a1777cb126858cbce8b8c3453a,2,0xb421a98ca7825ad2951eaf6516bea4a9f08ffbfd(1x);0xf666057b3200c2af14534217ded1b8275dca53eb(1x)
0.1,0x2fc0e2f5bfea47fe93ed015b91625837027e4d93,2,0xb421a98ca7825ad2951eaf6516bea4a9f08ffbfd(1x);0xf666057b3200c2af14534217ded1b8275dca53eb(1x)
0.1,0x52e8e9c34be7ea7d969cbb7fa8cce7c9962f3213,2,0xb421a98ca7825ad2951eaf6516bea4a9f08ffbfd(1x);0xf666057b3200c2af14534217ded1b8275dca53eb(1x)
0.1,0xe36405317e9e26f3d92def46d1e19039b7832e2f,2,0xb421a98ca7825ad2951eaf6516bea4a9f08ffbfd(1x);0xf666057b3200c2af14534217ded1b8275dca53eb(1x)
0.1,0xaf72e97c799eaf0b168ac360b1eaa90fda3b4c04,2,0xb421a98ca7825ad2951eaf6516bea4a9f08ffbfd(1x);0xf666057b3200c2af14534217ded1b8275dca53eb(1x)
0.1,0xe03d88232e5412d7ca9736619c6203d901383acf,2,0xb421a98ca7825ad2951eaf6516bea4a9f08ffbfd(1x);0xf666057b3200c2af14534217ded1b8275dca53eb(1x)
0.1,0x6d1928d979e39d490bbadaf56d9f677eec2975e5,2,0xb421a98ca7825ad2951eaf6516bea4a9f08ffbfd(1x);0xf666057b3200c2af14534217ded1b8275dca53eb(1x)
0.1,0x2559a785bf9261ab645f8fcaa80c16f93dc20d6d,2,0xb421a98ca7825ad2951eaf6516bea4a9f08ffbfd(1x);0xf666057b3200c2af14534217ded1b8275dca53eb(1x)
0.1,0xeab7c90d9a2446bf7098d13eae2fe5bbc9212f24,2,0xb421a98ca7825ad2951eaf6516bea4a9f08ffbfd(1x);0xf666057b3200c2af14534217ded1b8275dca53eb(1x)
0.1,0x40cdef628bfd3d69265aec3dca06e5d11eeaa8db,2,0xb421a98ca7825ad2951eaf6516bea4a9f08ffbfd(1x);0xf666057b3200c2af14534217ded1b8275dca53eb(1x)
0.1,0xacb7fc13f1af121439824f561be14a24edaac14d,2,0xb421a98ca7825ad2951eaf6516bea4a9f08ffbfd(1x);0xf666057b3200c2af14534217ded1b8275dca53eb(1x)
0.1,0x247fcb0e7b9cebd396b6932163a53e0c19ec1af3,2,0xb421a98ca7825ad2951eaf6516bea4a9f08ffbfd(1x);0xf666057b3200c2af14534217ded1b8275dca53eb(1x)
0.1,0x2dfbe10b02e08e7afc54d28b5f653ee24a4a34b8,2,0xb421a98ca7825ad2951eaf6516bea4a9f08ffbfd(1x);0xf666057b3200c2af14534217ded1b8275dca53eb(1x)
0.1,0xd4b01922a1f924983100944362bb8d8e2fb4fdf6,2,0xb421a98ca7825ad2951eaf6516bea4a9f08ffbfd(1x);0xf666057b3200c2af14534217ded1b8275dca53eb(1x)
0.1,0x90bea4853642d74f0e1e4cad63467aa07890e1c9,2,0xb421a98ca7825ad2951eaf6516bea4a9f08ffbfd(1x);0xf666057b3200c2af14534217ded1b8275dca53eb(1x)
0.1,0x9002bcfea03e3d592453727bf093f6810ecf8d1c,2,0xb421a98ca7825ad2951eaf6516bea4a9f08ffbfd(1x);0xf666057b3200c2af14534217ded1b8275dca53eb(1x)
0.1,0x768a6a650adb507cf4c75f7aa684572f95c3bdee,2,0xb421a98ca7825ad2951eaf6516bea4a9f08ffbfd(1x);0xf666057b3200c2af14534217ded1b8275dca53eb(1x)
0.1,0x23106f9ecfd8fd0222bc2828b164903970788c35,2,0xb421a98ca7825ad2951eaf6516bea4a9f08ffbfd(1x);0xf666057b3200c2af14534217ded1b8275dca53eb(1x)
0.1,0x1576bc607e5356c2bae0a2a84fdd532d93760791,2,0xb421a98ca7825ad2951eaf6516bea4a9f08ffbfd(1x);0xf666057b3200c2af14534217ded1b8275dca53eb(1x)
0.1,0xd75a03cc2554f4563b4bfdd675306feaeef914ef,2,0xb421a98ca7825ad2951eaf6516bea4a9f08ffbfd(1x);0xf666057b3200c2af14534217ded1b8275dca53eb(1x)
0.1,0x029a1742381c7ff2445b0cee4743ff07eff6497e,2,0xb421a98ca7825ad2951eaf6516bea4a9f08ffbfd(2x);0xf666057b3200c2af14534217ded1b8275dca53eb(2x)
0.1,0x9763e60d231f2672ccf84abc3eb8c9b62b8dbee5,2,0xb421a98ca7825ad2951eaf6516bea4a9f08ffbfd(2x);0xf666057b3200c2af14534217ded1b8275dca53eb(2x)
0.1,0x1302943db9e1f392357191ec95ff85d3c3e24cad,2,0xb421a98ca7825ad2951eaf6516bea4a9f08ffbfd(1x);0xf666057b3200c2af14534217ded1b8275dca53eb(1x)
0.1,0x1ed5e7fe017e68ea40f3f54bf9069652a9a3808a,2,0xb421a98ca7825ad2951eaf6516bea4a9f08ffbfd(2x);0xf666057b3200c2af14534217ded1b8275dca53eb(2x)
0.1,0x4066639e492580feb891fae486b5d1c999501eb3,2,0xb421a98ca7825ad2951eaf6516bea4a9f08ffbfd(6x);0xf666057b3200c2af14534217ded1b8275dca53eb(6x)
0.1,0x9f331affc7322bfc598dd4ae3b423c444e9a60b1,2,0xb421a98ca7825ad2951eaf6516bea4a9f08ffbfd(2x);0xf666057b3200c2af14534217ded1b8275dca53eb(2x)
0.1,0x401ec84c40e0e36eba4961407ba3c78939c580d1,2,0xb421a98ca7825ad2951eaf6516bea4a9f08ffbfd(1x);0xf666057b3200c2af14534217ded1b8275dca53eb(1x)
0.1,0x5bccc25ad7b31354eebc2b6e004cf6a16f82b4a0,2,0xb421a98ca7825ad2951eaf6516bea4a9f08ffbfd(1x);0xf666057b3200c2af14534217ded1b8275dca53eb(1x)
0.1,0xa304c881f7f8f76ecb75141f16b4d9e567b0143e,2,0xb421a98ca7825ad2951eaf6516bea4a9f08ffbfd(1x);0xf666057b3200c2af14534217ded1b8275dca53eb(1x)
0.1,0x9242e8e13d9e0ac5c6877959dc0adfbec6aedf0d,2,0xb421a98ca7825ad2951eaf6516bea4a9f08ffbfd(6x);0xf666057b3200c2af14534217ded1b8275dca53eb(6x)
0.1,0x87766c7569baacd6f735693a6186e2d304ba14a2,2,0xb421a98ca7825ad2951eaf6516bea4a9f08ffbfd(5x);0xf666057b3200c2af14534217ded1b8275dca53eb(5x)
0.1,0x353ebb2b31e8160889810e615ecec99332467bbe,2,0xb421a98ca7825ad2951eaf6516bea4a9f08ffbfd(3x);0xf666057b3200c2af14534217ded1b8275dca53eb(3x)
0.1,0xa7e9fcb901fee47690515182592528e9493a7b42,2,0xb421a98ca7825ad2951eaf6516bea4a9f08ffbfd(1x);0xf666057b3200c2af14534217ded1b8275dca53eb(1x)
0.1,0x8f9bc16b063824b9d19bfadfa4f5cddd4efc9a46,2,0xb421a98ca7825ad2951eaf6516bea4a9f08ffbfd(4x);0xf666057b3200c2af14534217ded1b8275dca53eb(4x)
0.1,0xe20e9e27d3ab4a8170e9c167d8abd590297b5eb2,2,0xb421a98ca7825ad2951eaf6516bea4a9f08ffbfd(1x);0xf666057b3200c2af14534217ded1b8275dca53eb(1x)
0.1,0x14b666cdee72b2568557d6f6ad374b86edd22379,2,0xb421a98ca7825ad2951eaf6516bea4a9f08ffbfd(4x);0xf666057b3200c2af14534217ded1b8275dca53eb(4x)
0.1,0xe4c9feecc3febb0694ad9435c420334da754bdbb,2,0xb421a98ca7825ad2951eaf6516bea4a9f08ffbfd(1x);0xf666057b3200c2af14534217ded1b8275dca53eb(1x)
0.1,0xe4017661491fa0fbeae3734018e8d2b5cb218a9f,2,0xb421a98ca7825ad2951eaf6516bea4a9f08ffbfd(1x);0xf666057b3200c2af14534217ded1b8275dca53eb(1x)
0.1,0xa9f02067ae3db662c4ab8aaa40515fc9f5510732,2,0xb421a98ca7825ad2951eaf6516bea4a9f08ffbfd(1x);0xf666057b3200c2af14534217ded1b8275dca53eb(1x)
0.1,0x71b35d3b9c89d647a92dd141f2a40fdcbc494b57,2,0xb421a98ca7825ad2951eaf6516bea4a9f08ffbfd(1x);0xf666057b3200c2af14534217ded1b8275dca53eb(1x)
0.1,0x4e2d59994cc4b34ba2470c6d147d62e456c1cfdc,2,0xb421a98ca7825ad2951eaf6516bea4a9f08ffbfd(1x);0xf666057b3200c2af14534217ded1b8275dca53eb(1x)
0.1,0x92767fae80bf3d0b94924f43b2b3429a1e3c175a,2,0xb421a98ca7825ad2951eaf6516bea4a9f08ffbfd(1x);0xf666057b3200c2af14534217ded1b8275dca53eb(1x)
0.1,0x053ff9a5cb9d9bf33bf2aefc1975650d4c7cf015,2,0xb421a98ca7825ad2951eaf6516bea4a9f08ffbfd(3x);0xf666057b3200c2af14534217ded1b8275dca53eb(3x)
0.1,0x3a30143961efeea76dfcbadce2c54045d3ee9e82,2,0xb421a98ca7825ad2951eaf6516bea4a9f08ffbfd(1x);0xf666057b3200c2af14534217ded1b8275dca53eb(1x)
0.1,0xd4ab3b1a2520db1685e6af06505ed575d53ef740,2,0xb421a98ca7825ad2951eaf6516bea4a9f08ffbfd(1x);0xf666057b3200c2af14534217ded1b8275dca53eb(1x)
0.1,0xcd5237afb28672ab45c97eb806e47ac383a46839,2,0xb421a98ca7825ad2951eaf6516bea4a9f08ffbfd(1x);0xf666057b3200c2af14534217ded1b8275dca53eb(1x)
0.1,0x6a1222c94ef342e17a3ab71561c2e3cf866c91c3,2,0xb421a98ca7825ad2951eaf6516bea4a9f08ffbfd(2x);0xf666057b3200c2af14534217ded1b8275dca53eb(2x)
0.1,0x45292aebc5d2cc70b2e86c97cae6a2540fdd9311,2,0xb421a98ca7825ad2951eaf6516bea4a9f08ffbfd(1x);0xf666057b3200c2af14534217ded1b8275dca53eb(1x)
0.1,0x93c2e268c4b8eb171ca1468c09738116099ed8dd,2,0xb421a98ca7825ad2951eaf6516bea4a9f08ffbfd(1x);0xf666057b3200c2af14534217ded1b8275dca53eb(1x)
0.1,0xb302fba8b8116aa32a56f354a333b0d8ef986747,2,0xb421a98ca7825ad2951eaf6516bea4a9f08ffbfd(1x);0xf666057b3200c2af14534217ded1b8275dca53eb(1x)
0.1,0x5111c88e57d28a4a42b844c58c3b16ff3e5f80bb,2,0xb421a98ca7825ad2951eaf6516bea4a9f08ffbfd(1x);0xf666057b3200c2af14534217ded1b8275dca53eb(1x)
0.1,0x75a4f800311ab1eca86d0df60ca3901b24772f30,2,0xb421a98ca7825ad2951eaf6516bea4a9f08ffbfd(1x);0xf666057b3200c2af14534217ded1b8275dca53eb(1x)
0.1,0xd7c15033bc1bffe8c9682e78708e411a79be7d1c,2,0xb421a98ca7825ad2951eaf6516bea4a9f08ffbfd(1x);0xf666057b3200c2af14534217ded1b8275dca53eb(1x)
0.1,0x08e0f0cad59146d620aba673e03dfd2bead79f4f,2,0xb421a98ca7825ad2951eaf6516bea4a9f08ffbfd(1x);0xf666057b3200c2af14534217ded1b8275dca53eb(1x)
0.1,0x3529f011f320f3b71d9d3a5c96d9dd9a00c115dd,2,0xb421a98ca7825ad2951eaf6516bea4a9f08ffbfd(4x);0xf666057b3200c2af14534217ded1b8275dca53eb(4x)
0.1,0x629088cc0784c1c992c31ca67fda3655c255c3f6,2,0xb421a98ca7825ad2951eaf6516bea4a9f08ffbfd(1x);0xf666057b3200c2af14534217ded1b8275dca53eb(1x)
0.1,0x9d4de8f99a7c800ac5a8e220877d6a4fdf8f19c6,2,0xb421a98ca7825ad2951eaf6516bea4a9f08ffbfd(1x);0xf666057b3200c2af14534217ded1b8275dca53eb(1x)
0.1,0x8577f3e594ac2c4b1151c9c12d6b1ee41dca71b5,2,0xb421a98ca7825ad2951eaf6516bea4a9f08ffbfd(1x);0xf666057b3200c2af14534217ded1b8275dca53eb(1x)
0.1,0xe3827725410d650df0445abe735445cbd933404e,2,0xb421a98ca7825ad2951eaf6516bea4a9f08ffbfd(8x);0xf666057b3200c2af14534217ded1b8275dca53eb(8x)
0.1,0x1828bbbe795d67392fabcc760d8bdb864e00bf9b,2,0xb421a98ca7825ad2951eaf6516bea4a9f08ffbfd(1x);0xf666057b3200c2af14534217ded1b8275dca53eb(1x)
0.1,0x4f1ba2db86d106d0d30f52ddd62d7e1046e4f5f8,2,0xb421a98ca7825ad2951eaf6516bea4a9f08ffbfd(1x);0xf666057b3200c2af14534217ded1b8275dca53eb(1x)
0.1,0x041c68ef58b85ef8f209ef966979458c6ae48f70,2,0xb421a98ca7825ad2951eaf6516bea4a9f08ffbfd(3x);0xf666057b3200c2af14534217ded1b8275dca53eb(3x)
0.1,0xc95ac9cad2556b72aa7dfd3c2f42a1bd479e43e0,2,0xb421a98ca7825ad2951eaf6516bea4a9f08ffbfd(1x);0xf666057b3200c2af14534217ded1b8275dca53eb(1x)
0.1,0xed4e824abfa2dda7c450adaaf7523e58f88af24c,2,0xb421a98ca7825ad2951eaf6516bea4a9f08ffbfd(1x);0xf666057b3200c2af14534217ded1b8275dca53eb(1x)
0.1,0xded070c0c3c53241e482ec96aea0f1ac396ec9cd,2,0xb421a98ca7825ad2951eaf6516bea4a9f08ffbfd(1x);0xf666057b3200c2af14534217ded1b8275dca53eb(1x)
0.1,0xc47ca515fc2467270ca58c72ec1d3fc7d553c2ff,2,0xb421a98ca7825ad2951eaf6516bea4a9f08ffbfd(1x);0xf666057b3200c2af14534217ded1b8275dca53eb(1x)
0.1,0xa9d552a35b7f9c957fadaa650a00bf44741c40b0,2,0xb421a98ca7825ad2951eaf6516bea4a9f08ffbfd(1x);0xf666057b3200c2af14534217ded1b8275dca53eb(1x)
0.1,0x915bacf2d3023602d87812e5fbcb4dc6f386befc,2,0xb421a98ca7825ad2951eaf6516bea4a9f08ffbfd(1x);0xf666057b3200c2af14534217ded1b8275dca53eb(1x)
0.1,0x9d47aed43412ce7697c47a858d7fc8ae5bd85764,2,0xb421a98ca7825ad2951eaf6516bea4a9f08ffbfd(1x);0xf666057b3200c2af14534217ded1b8275dca53eb(1x)
0.1,0xed2ff534b0414c55f4aeed8dae1e002af8351cf5,2,0xb421a98ca7825ad2951eaf6516bea4a9f08ffbfd(1x);0xf666057b3200c2af14534217ded1b8275dca53eb(1x)
0.1,0xd390e4c5573ca2506d90d1c3659ba6c86193de49,2,0xb421a98ca7825ad2951eaf6516bea4a9f08ffbfd(1x);0xf666057b3200c2af14534217ded1b8275dca53eb(1x)
0.1,0xe12ae2d1ff7ecd17133d867b3d0a036177da0b74,2,0xb421a98ca7825ad2951eaf6516bea4a9f08ffbfd(1x);0xf666057b3200c2af14534217ded1b8275dca53eb(1x)
0.1,0xe45fe04cfffc6441380e9a03f056435c5b8b8626,2,0xb421a98ca7825ad2951eaf6516bea4a9f08ffbfd(1x);0xf666057b3200c2af14534217ded1b8275dca53eb(1x)
0.1,0x115641f13e41000406466fea9b948fa84671411a,2,0xb421a98ca7825ad2951eaf6516bea4a9f08ffbfd(1x);0xf666057b3200c2af14534217ded1b8275dca53eb(1x)
0.1,0x4fc08fedda9906fb53d08878f3291d1520987d66,2,0xb421a98ca7825ad2951eaf6516bea4a9f08ffbfd(1x);0xf666057b3200c2af14534217ded1b8275dca53eb(1x)
0.1,0xa217f90836b8aa12a17e78b2ce68d908b85b9f11,2,0xb421a98ca7825ad2951eaf6516bea4a9f08ffbfd(1x);0xf666057b3200c2af14534217ded1b8275dca53eb(1x)
0.1,0x461acb1078fcf36fb1b940594afcc4d2246f583a,2,0xb421a98ca7825ad2951eaf6516bea4a9f08ffbfd(1x);0xf666057b3200c2af14534217ded1b8275dca53eb(1x)
0.1,0xfaff6778d54ac8315ea7c0fb3880d688fc69b116,2,0xb421a98ca7825ad2951eaf6516bea4a9f08ffbfd(1x);0xf666057b3200c2af14534217ded1b8275dca53eb(1x)
0.1,0x7dcfcb15ab2a483996eec4c6be1594f679a37e5d,2,0xb421a98ca7825ad2951eaf6516bea4a9f08ffbfd(1x);0xf666057b3200c2af14534217ded1b8275dca53eb(1x)
0.1,0xc4a95fc54b5a359723f66ede23dff23e1de45a8b,2,0xb421a98ca7825ad2951eaf6516bea4a9f08ffbfd(1x);0xf666057b3200c2af14534217ded1b8275dca53eb(1x)
0.1,0xe4784961064fb4193aae7bf2ad92d34436c183d4,2,0xb421a98ca7825ad2951eaf6516bea4a9f08ffbfd(1x);0xf666057b3200c2af14534217ded1b8275dca53eb(1x)
0.1,0x04b0a4a5dcef8dc95b18aade1a79fbae3be9cd64,2,0xb421a98ca7825ad2951eaf6516bea4a9f08ffbfd(1x);0xf666057b3200c2af14534217ded1b8275dca53eb(1x)
0.1,0x6f0952ccbb1484b8c10e6323709a500b9eb70bec,2,0xb421a98ca7825ad2951eaf6516bea4a9f08ffbfd(1x);0xf666057b3200c2af14534217ded1b8275dca53eb(1x)
0.1,0x259653a7695b05494cb2a164937571d6462d4f4b,2,0xb421a98ca7825ad2951eaf6516bea4a9f08ffbfd(1x);0xf666057b3200c2af14534217ded1b8275dca53eb(1x)
0.1,0x28b58da3787884aadfcfc50431eddd0ba55a9f5a,2,0xb421a98ca7825ad2951eaf6516bea4a9f08ffbfd(1x);0xf666057b3200c2af14534217ded1b8275dca53eb(1x)
0.1,0xc041055a9c63454a1a0f14be1b08490959100a32,2,0xb421a98ca7825ad2951eaf6516bea4a9f08ffbfd(1x);0xf666057b3200c2af14534217ded1b8275dca53eb(1x)
0.1,0x715a5498643fb4d0fe39080521f05c07f33bc1bf,2,0xb421a98ca7825ad2951eaf6516bea4a9f08ffbfd(1x);0xf666057b3200c2af14534217ded1b8275dca53eb(1x)
0.1,0xcd90738cb367902c92c3fd0f3064bd338e182058,2,0xb421a98ca7825ad2951eaf6516bea4a9f08ffbfd(1x);0xf666057b3200c2af14534217ded1b8275dca53eb(1x)
0.1,0x7543fe743bd0b7153cc4acdb333d528f490d3f40,2,0xb421a98ca7825ad2951eaf6516bea4a9f08ffbfd(1x);0xf666057b3200c2af14534217ded1b8275dca53eb(1x)
0.1,0xb937dbb4764dff134967f76e4051392cf59cdbd5,2,0xb421a98ca7825ad2951eaf6516bea4a9f08ffbfd(1x);0xf666057b3200c2af14534217ded1b8275dca53eb(1x)
0.1,0x3835e6207f6e735a114aa1b33c02758f20ae3feb,2,0xb421a98ca7825ad2951eaf6516bea4a9f08ffbfd(2x);0xf666057b3200c2af14534217ded1b8275dca53eb(2x)
0.1,0xc14ff29f6d595816e960dee2f5ad9681a1ed772f,2,0xb421a98ca7825ad2951eaf6516bea4a9f08ffbfd(3x);0xf666057b3200c2af14534217ded1b8275dca53eb(3x)
0.1,0x7c8b788981ff2b201a80bb063e9bf1baa86aea65,2,0xb421a98ca7825ad2951eaf6516bea4a9f08ffbfd(1x);0xf666057b3200c2af14534217ded1b8275dca53eb(1x)
0.1,0x556abf888be150e6c7827f872b9481d64baad0cf,2,0xb421a98ca7825ad2951eaf6516bea4a9f08ffbfd(1x);0xf666057b3200c2af14534217ded1b8275dca53eb(1x)
0.1,0x975ec116b3ca1f9e3c61b0d5f75098ac4f3f0ee0,2,0xb421a98ca7825ad2951eaf6516bea4a9f08ffbfd(1x);0xf666057b3200c2af14534217ded1b8275dca53eb(1x)
0.1,0xdaf25a902660844aaffbeffbd538e27e4ef59c30,2,0xb421a98ca7825ad2951eaf6516bea4a9f08ffbfd(1x);0xf666057b3200c2af14534217ded1b8275dca53eb(1x)
0.1,0x24d6a8e02077e4ba297167f28d007603355be561,2,0xb421a98ca7825ad2951eaf6516bea4a9f08ffbfd(1x);0xf666057b3200c2af14534217ded1b8275dca53eb(1x)
0.1,0x9d858c6feac1f1a60caea4afbe3d2b11fac8a69c,2,0xb421a98ca7825ad2951eaf6516bea4a9f08ffbfd(1x);0xf666057b3200c2af14534217ded1b8275dca53eb(1x)
0.1,0x4262fa8cd3e88a730e846b91ba80549b86afe45f,2,0xb421a98ca7825ad2951eaf6516bea4a9f08ffbfd(1x);0xf666057b3200c2af14534217ded1b8275dca53eb(1x)
0.1,0xf546566df8a0bef554cdea7d082c2d001e075916,2,0xb421a98ca7825ad2951eaf6516bea4a9f08ffbfd(1x);0xf666057b3200c2af14534217ded1b8275dca53eb(1x)
0.1,0x8821381f87513ec79ff6cd1d32d0d3993f67b8d1,2,0xb421a98ca7825ad2951eaf6516bea4a9f08ffbfd(1x);0xf666057b3200c2af14534217ded1b8275dca53eb(1x)
0.1,0xbead56c57e1b1dfbc658a4e508aab0a9a28be82a,2,0xb421a98ca7825ad2951eaf6516bea4a9f08ffbfd(1x);0xf666057b3200c2af14534217ded1b8275dca53eb(1x)
0.1,0x82c48f570aa5c87c4df8a929070020287fb9ca6a,2,0xb421a98ca7825ad2951eaf6516bea4a9f08ffbfd(1x);0xf666057b3200c2af14534217ded1b8275dca53eb(1x)
0.1,0xe50d09fc85a36a4e305ac510c24b8f71ff2d4026,2,0xb421a98ca7825ad2951eaf6516bea4a9f08ffbfd(1x);0xf666057b3200c2af14534217ded1b8275dca53eb(1x)
0.1,0x0900717d9365e99a984fd21125f82f9f98ddc845,2,0xb421a98ca7825ad2951eaf6516bea4a9f08ffbfd(1x);0xf666057b3200c2af14534217ded1b8275dca53eb(1x)
0.1,0x24fd37c3d7cb0367ff20ccde005a450f3ad28d9c,2,0xb421a98ca7825ad2951eaf6516bea4a9f08ffbfd(1x);0xf666057b3200c2af14534217ded1b8275dca53eb(1x)
0.1,0x42586c2effa6ac49d326a58f56a0ff4ab114987c,2,0xb421a98ca7825ad2951eaf6516bea4a9f08ffbfd(6x);0xf666057b3200c2af14534217ded1b8275dca53eb(6x)
0.1,0x1d3d47d11007e5133a68ba79ca95799cf3b83eaa,2,0xb421a98ca7825ad2951eaf6516bea4a9f08ffbfd(4x);0xf666057b3200c2af14534217ded1b8275dca53eb(4x)
0.1,0x29e82d3e6ba09d68049447ecebc044aebbe2f0ad,2,0xb421a98ca7825ad2951eaf6516bea4a9f08ffbfd(1x);0xf666057b3200c2af14534217ded1b8275dca53eb(1x)
0.1,0xc9a937d0a584fe0ea8d6211a0b14646b6a2045f9,2,0xb421a98ca7825ad2951eaf6516bea4a9f08ffbfd(1x);0xf666057b3200c2af14534217ded1b8275dca53eb(1x)
0.1,0xbf213df2989beecbf3c04544685d5d472aab3ef4,2,0xb421a98ca7825ad2951eaf6516bea4a9f08ffbfd(2x);0xf666057b3200c2af14534217ded1b8275dca53eb(2x)
0.1,0x74a593f20868a30fd039570dd45ec78e3785e0a4,2,0xb421a98ca7825ad2951eaf6516bea4a9f08ffbfd(1x);0xf666057b3200c2af14534217ded1b8275dca53eb(1x)
0.1,0x4f41cc8c9ffc54099ce1a0a585c97a5a489b3607,2,0xb421a98ca7825ad2951eaf6516bea4a9f08ffbfd(2x);0xf666057b3200c2af14534217ded1b8275dca53eb(2x)
0.1,0xcd7004cd01e922bec63446949c664ca1527c83af,2,0xb421a98ca7825ad2951eaf6516bea4a9f08ffbfd(6x);0xf666057b3200c2af14534217ded1b8275dca53eb(6x)
0.1,0xc15a2a355cea5c79dbb55bd2e4324c7c1cef1fd5,2,0xb421a98ca7825ad2951eaf6516bea4a9f08ffbfd(5x);0xf666057b3200c2af14534217ded1b8275dca53eb(5x)
0.1,0xbe5bf8862d5bc3fa516fffc3e01c6d5548a616d3,2,0xb421a98ca7825ad2951eaf6516bea4a9f08ffbfd(9x);0xf666057b3200c2af14534217ded1b8275dca53eb(9x)
0.1,0x084a39cfa097ec61b7523287bf1b6c842d999b59,2,0xb421a98ca7825ad2951eaf6516bea4a9f08ffbfd(1x);0xf666057b3200c2af14534217ded1b8275dca53eb(1x)
0.1,0x789f47e395d445f8c9369dc4d3b1f8d95d694b9b,2,0xb421a98ca7825ad2951eaf6516bea4a9f08ffbfd(2x);0xf666057b3200c2af14534217ded1b8275dca53eb(2x)
0.1,0xc267da348fc0544ca7866aa8b132aea9bf91b3b5,2,0xb421a98ca7825ad2951eaf6516bea4a9f08ffbfd(1x);0xf666057b3200c2af14534217ded1b8275dca53eb(1x)
0.1,0xcd9518988b8275a761cc496e5d0866b3be3e4f40,2,0xb421a98ca7825ad2951eaf6516bea4a9f08ffbfd(1x);0xf666057b3200c2af14534217ded1b8275dca53eb(1x)
0.1,0xb41e2b25330e66e80ce094ca93efaaae28f08171,2,0xb421a98ca7825ad2951eaf6516bea4a9f08ffbfd(1x);0xf666057b3200c2af14534217ded1b8275dca53eb(1x)
0.1,0x98d3156720432743488ff72b13ede8ba849635c7,2,0xb421a98ca7825ad2951eaf6516bea4a9f08ffbfd(3x);0xf666057b3200c2af14534217ded1b8275dca53eb(3x)
0.1,0x7ce94f0e4683940a804d864b156d9203412d3192,2,0xb421a98ca7825ad2951eaf6516bea4a9f08ffbfd(4x);0xf666057b3200c2af14534217ded1b8275dca53eb(4x)
0.1,0xe0ef6f6fd0732810b2d5d747bdc5ca1b3cf19865,2,0xb421a98ca7825ad2951eaf6516bea4a9f08ffbfd(1x);0xf666057b3200c2af14534217ded1b8275dca53eb(1x)
0.1,0xf375a659275a002ea0aec4c142ed30888877f7f9,2,0xb421a98ca7825ad2951eaf6516bea4a9f08ffbfd(1x);0xf666057b3200c2af14534217ded1b8275dca53eb(1x)
0.1,0x33fed9bde9757acc58d5bde3dc041dc4d761c5c3,2,0xb421a98ca7825ad2951eaf6516bea4a9f08ffbfd(1x);0xf666057b3200c2af14534217ded1b8275dca53eb(1x)
0.1,0xbc4fbe70e41159de5a8da288ebb6dd9391cfab95,2,0xb421a98ca7825ad2951eaf6516bea4a9f08ffbfd(1x);0xf666057b3200c2af14534217ded1b8275dca53eb(1x)
0.1,0x89bf6c600e49588b7d2fd5c7b19cdc5d19624afc,2,0xb421a98ca7825ad2951eaf6516bea4a9f08ffbfd(2x);0xf666057b3200c2af14534217ded1b8275dca53eb(2x)
0.1,0x3570dc71cfc5786768a6d12368753c01b2d28f57,2,0xb421a98ca7825ad2951eaf6516bea4a9f08ffbfd(1x);0xf666057b3200c2af14534217ded1b8275dca53eb(1x)
0.1,0xc717c960c30a62c86bf9b5c00be1ceb0d545588c,2,0xb421a98ca7825ad2951eaf6516bea4a9f08ffbfd(1x);0xf666057b3200c2af14534217ded1b8275dca53eb(1x)
0.1,0xda0b76cc92e94a6f972ed29c104bbe8d73c2f753,2,0xb421a98ca7825ad2951eaf6516bea4a9f08ffbfd(10x);0xf666057b3200c2af14534217ded1b8275dca53eb(10x)
0.1,0xdff91ef5d6258bd1e646f441ac5c5586f9e10122,2,0xb421a98ca7825ad2951eaf6516bea4a9f08ffbfd(1x);0xf666057b3200c2af14534217ded1b8275dca53eb(1x)
0.1,0x17e4c1cf0f0e632f5b405bb2aaaf4ec308b856ae,2,0xb421a98ca7825ad2951eaf6516bea4a9f08ffbfd(1x);0xf666057b3200c2af14534217ded1b8275dca53eb(1x)
0.1,0x5a3561555fa5a3cffaa9be76b8ec9434faa6a81a,2,0xb421a98ca7825ad2951eaf6516bea4a9f08ffbfd(1x);0xf666057b3200c2af14534217ded1b8275dca53eb(1x)
0.1,0x51fc085fb19490ef83e4f0a156b56e90a1084ad4,2,0xb421a98ca7825ad2951eaf6516bea4a9f08ffbfd(1x);0xf666057b3200c2af14534217ded1b8275dca53eb(1x)
0.1,0xd2cba30c50011cc35c26afc4ab395d0585405717,2,0xb421a98ca7825ad2951eaf6516bea4a9f08ffbfd(2x);0xf666057b3200c2af14534217ded1b8275dca53eb(2x)
0.1,0x1c2159a27b10aa861ae496e59f6f5b1edfdb16f8,2,0xb421a98ca7825ad2951eaf6516bea4a9f08ffbfd(1x);0xf666057b3200c2af14534217ded1b8275dca53eb(1x)
0.1,0x536bc085985f824d5e953566ce99b5248091fce9,2,0xb421a98ca7825ad2951eaf6516bea4a9f08ffbfd(3x);0xf666057b3200c2af14534217ded1b8275dca53eb(3x)
0.1,0x9d9821cedd78dd22ec52cd67240fa913a8e096e1,2,0xb421a98ca7825ad2951eaf6516bea4a9f08ffbfd(1x);0xf666057b3200c2af14534217ded1b8275dca53eb(1x)
0.1,0xf387e74d38fd6ca2f17d159a04f3eac1f29ff2a4,2,0xb421a98ca7825ad2951eaf6516bea4a9f08ffbfd(1x);0xf666057b3200c2af14534217ded1b8275dca53eb(1x)
0.1,0x6ade46e0c22a280bc27570e02790781c653e2e39,2,0xb421a98ca7825ad2951eaf6516bea4a9f08ffbfd(1x);0xf666057b3200c2af14534217ded1b8275dca53eb(1x)
0.1,0xce69b8a22cdceb996925288dcf6d1bfc3387ec9b,2,0xb421a98ca7825ad2951eaf6516bea4a9f08ffbfd(1x);0xf666057b3200c2af14534217ded1b8275dca53eb(1x)
0.1,0x90df02d0e29f1814484b98762a849d2987505eb6,2,0xb421a98ca7825ad2951eaf6516bea4a9f08ffbfd(1x);0xf666057b3200c2af14534217ded1b8275dca53eb(1x)
0.1,0x67a8d7fd8333f091a7d9746a0a35e10f1e6f45a8,2,0xb421a98ca7825ad2951eaf6516bea4a9f08ffbfd(1x);0xf666057b3200c2af14534217ded1b8275dca53eb(1x)
0.1,0x61a69656b1b4aabc5fa1ff4c3af8934ca1c39e1e,2,0xb421a98ca7825ad2951eaf6516bea4a9f08ffbfd(1x);0xf666057b3200c2af14534217ded1b8275dca53eb(1x)
0.1,0x07434d59450f51826127afefab0e9ba2b613906d,2,0xb421a98ca7825ad2951eaf6516bea4a9f08ffbfd(1x);0xf666057b3200c2af14534217ded1b8275dca53eb(1x)
0.1,0xceb167b5021a7aada555d3f6d865e7fa41d24cc0,2,0xb421a98ca7825ad2951eaf6516bea4a9f08ffbfd(1x);0xf666057b3200c2af14534217ded1b8275dca53eb(1x)
0.1,0x0c8cfe52a77a93823bac50ec4b50a6783f12c201,2,0xb421a98ca7825ad2951eaf6516bea4a9f08ffbfd(1x);0xf666057b3200c2af14534217ded1b8275dca53eb(1x)
0.1,0x77684e4b3ef260c7ddb06a44e896c8f043e0a3b7,2,0xb421a98ca7825ad2951eaf6516bea4a9f08ffbfd(1x);0xf666057b3200c2af14534217ded1b8275dca53eb(1x)
0.1,0xa20b2785630076e5f9b807c88311ef82d57fcccf,2,0xb421a98ca7825ad2951eaf6516bea4a9f08ffbfd(1x);0xf666057b3200c2af14534217ded1b8275dca53eb(1x)
0.1,0xf6066f286ae98c6f87f739b5f9627240372787df,2,0xb421a98ca7825ad2951eaf6516bea4a9f08ffbfd(1x);0xf666057b3200c2af14534217ded1b8275dca53eb(1x)
0.1,0xb5c6aea005e2becc181b7761d345c3d09c3ac21a,2,0xb421a98ca7825ad2951eaf6516bea4a9f08ffbfd(1x);0xf666057b3200c2af14534217ded1b8275dca53eb(1x)
0.1,0xd9f852c8a060c2d37eb31b0ef59a825a0a466fad,2,0xb421a98ca7825ad2951eaf6516bea4a9f08ffbfd(1x);0xf666057b3200c2af14534217ded1b8275dca53eb(1x)
0.1,0x3fcd985e6b3e3dfcf227b37883304c786069b20e,2,0xb421a98ca7825ad2951eaf6516bea4a9f08ffbfd(1x);0xf666057b3200c2af14534217ded1b8275dca53eb(1x)
0.1,0xdf648bb9a7ba837fd2030772927e5c808e00bb15,2,0xb421a98ca7825ad2951eaf6516bea4a9f08ffbfd(1x);0xf666057b3200c2af14534217ded1b8275dca53eb(1x)
0.1,0x9d0a3bbbeab272b015d41dab596ba29f36082f5b,2,0xb421a98ca7825ad2951eaf6516bea4a9f08ffbfd(1x);0xf666057b3200c2af14534217ded1b8275dca53eb(1x)
0.1,0x3b53c2bc3e7dba8356bfc68875abaf2941eaa9cc,2,0xb421a98ca7825ad2951eaf6516bea4a9f08ffbfd(1x);0xf666057b3200c2af14534217ded1b8275dca53eb(1x)
0.1,0xc069e3d47844bb149b703fc8ad936b1372d8ac9e,2,0xb421a98ca7825ad2951eaf6516bea4a9f08ffbfd(1x);0xf666057b3200c2af14534217ded1b8275dca53eb(1x)
0.1,0x5195fa563d83da0800f286e1ed96a47e4a710faa,2,0xb421a98ca7825ad2951eaf6516bea4a9f08ffbfd(1x);0xf666057b3200c2af14534217ded1b8275dca53eb(1x)
0.1,0x32480585a3e16fea7f2412b7a130b95fc877423c,2,0xb421a98ca7825ad2951eaf6516bea4a9f08ffbfd(1x);0xf666057b3200c2af14534217ded1b8275dca53eb(1x)
0.1,0x8cebfbaa1163ea1c844173f3ff424cf447d4a767,2,0xb421a98ca7825ad2951eaf6516bea4a9f08ffbfd(1x);0xf666057b3200c2af14534217ded1b8275dca53eb(1x)
0.1,0xe8a0f3941d8dfa8523c5d901eff31526af2cf852,2,0xb421a98ca7825ad2951eaf6516bea4a9f08ffbfd(1x);0xf666057b3200c2af14534217ded1b8275dca53eb(1x)
0.1,0x5a3b5a18fdf17a5711948c80356652212f099a33,2,0xb421a98ca7825ad2951eaf6516bea4a9f08ffbfd(1x);0xf666057b3200c2af14534217ded1b8275dca53eb(1x)
0.1,0xc8cbc12d08f48cd6b90c34964856bbe1e6200df9,2,0xb421a98ca7825ad2951eaf6516bea4a9f08ffbfd(1x);0xf666057b3200c2af14534217ded1b8275dca53eb(1x)
0.1,0xbf158905b69b7597a8032a1ee2716c3dce6a6be4,2,0xb421a98ca7825ad2951eaf6516bea4a9f08ffbfd(1x);0xf666057b3200c2af14534217ded1b8275dca53eb(1x)
0.1,0x5016701dddd5a9269b7c8406d069f9ad087cfb76,2,0xb421a98ca7825ad2951eaf6516bea4a9f08ffbfd(1x);0xf666057b3200c2af14534217ded1b8275dca53eb(1x)
0.1,0xbadb1baf3e880f60b45c1ff2b187f70e62796a30,2,0xb421a98ca7825ad2951eaf6516bea4a9f08ffbfd(1x);0xf666057b3200c2af14534217ded1b8275dca53eb(1x)
0.1,0x7653dbf7733f1b0dde1ccac6326847cd15c183b2,2,0xb421a98ca7825ad2951eaf6516bea4a9f08ffbfd(1x);0xf666057b3200c2af14534217ded1b8275dca53eb(1x)
0.1,0xfb0bbca8abd54234bee8a5eceae701afdcc8c5a5,2,0xb421a98ca7825ad2951eaf6516bea4a9f08ffbfd(1x);0xf666057b3200c2af14534217ded1b8275dca53eb(1x)
0.1,0x0ff72a54a05fdafdae9d52848b91c9534cdaecc7,2,0xb421a98ca7825ad2951eaf6516bea4a9f08ffbfd(2x);0xf666057b3200c2af14534217ded1b8275dca53eb(2x)
0.1,0x69605813fb4fcdf7215816391958ab3d9bc4645c,2,0xb421a98ca7825ad2951eaf6516bea4a9f08ffbfd(1x);0xf666057b3200c2af14534217ded1b8275dca53eb(1x)
0.1,0xc80a10dd1fcfaa9890303c2fcda15fabe8099a7d,2,0xb421a98ca7825ad2951eaf6516bea4a9f08ffbfd(1x);0xf666057b3200c2af14534217ded1b8275dca53eb(1x)
0.1,0xdc29a085b5b894baf4b5a35d6585b707408be2d8,2,0xb421a98ca7825ad2951eaf6516bea4a9f08ffbfd(1x);0xf666057b3200c2af14534217ded1b8275dca53eb(1x)
0.1,0x8a57b3d2f2d187eb552ff08527161965e69c2393,2,0xb421a98ca7825ad2951eaf6516bea4a9f08ffbfd(3x);0xf666057b3200c2af14534217ded1b8275dca53eb(3x)
0.1,0xfdcde5c7ff38485e0546f75143c8286717391335,2,0xb421a98ca7825ad2951eaf6516bea4a9f08ffbfd(6x);0xf666057b3200c2af14534217ded1b8275dca53eb(6x)
0.1,0x7f8af577bde2a2bd958a994659cc6f521234a8a6,2,0xb421a98ca7825ad2951eaf6516bea4a9f08ffbfd(1x);0xf666057b3200c2af14534217ded1b8275dca53eb(1x)
0.1,0x1b2a73b3897c4ea86f5ab60f7f22e3f2ac70fa7f,2,0xb421a98ca7825ad2951eaf6516bea4a9f08ffbfd(1x);0xf666057b3200c2af14534217ded1b8275dca53eb(1x)
0.1,0xc0767b0d8036501f2eba429efdbd2eb392010038,2,0xb421a98ca7825ad2951eaf6516bea4a9f08ffbfd(4x);0xf666057b3200c2af14534217ded1b8275dca53eb(4x)
0.1,0x56c17da82496991becbce58806deb9bb92b86a07,2,0xb421a98ca7825ad2951eaf6516bea4a9f08ffbfd(1x);0xf666057b3200c2af14534217ded1b8275dca53eb(1x)
0.1,0x51a25946de309fd7d215424bf5f1f212970f1b52,2,0xb421a98ca7825ad2951eaf6516bea4a9f08ffbfd(1x);0xf666057b3200c2af14534217ded1b8275dca53eb(1x)
0.1,0xc5a4003d5180bb9a2b90a5f7518cd6203061500d,2,0xb421a98ca7825ad2951eaf6516bea4a9f08ffbfd(1x);0xf666057b3200c2af14534217ded1b8275dca53eb(1x)
0.1,0x5ace0ba661861c391f914eaa553df58077bcff1a,2,0xb421a98ca7825ad2951eaf6516bea4a9f08ffbfd(1x);0xf666057b3200c2af14534217ded1b8275dca53eb(1x)
0.1,0x183bb63f6095fe2017179b5589ae4df2cd139de6,2,0xb421a98ca7825ad2951eaf6516bea4a9f08ffbfd(2x);0xf666057b3200c2af14534217ded1b8275dca53eb(2x)
0.1,0x7d6120746f3b0fa51dc33291a652a7bfa9386d0d,2,0xb421a98ca7825ad2951eaf6516bea4a9f08ffbfd(1x);0xf666057b3200c2af14534217ded1b8275dca53eb(1x)
0.1,0x3c7b44b7a52bd3e8241f586edfb8bb700ee353e5,2,0xb421a98ca7825ad2951eaf6516bea4a9f08ffbfd(2x);0xf666057b3200c2af14534217ded1b8275dca53eb(2x)
0.1,0x055c9beaf60bf0ca52a5c62dcceeb31292eb0233,2,0xb421a98ca7825ad2951eaf6516bea4a9f08ffbfd(1x);0xf666057b3200c2af14534217ded1b8275dca53eb(1x)
0.1,0x88129b8aae429edf5018e65b1767d953ed8f8229,2,0xb421a98ca7825ad2951eaf6516bea4a9f08ffbfd(1x);0xf666057b3200c2af14534217ded1b8275dca53eb(1x)
0.1,0x6d7abc5e1b91c54889247878680f2be41c77e3bb,2,0xb421a98ca7825ad2951eaf6516bea4a9f08ffbfd(3x);0xf666057b3200c2af14534217ded1b8275dca53eb(3x)
0.1,0x67650de385195e256acca69060bf640dcf6eb3ad,2,0xb421a98ca7825ad2951eaf6516bea4a9f08ffbfd(1x);0xf666057b3200c2af14534217ded1b8275dca53eb(1x)
0.1,0x66e77e13332aaea95acf43d9ce3577bbd15ff4fa,2,0xb421a98ca7825ad2951eaf6516bea4a9f08ffbfd(1x);0xf666057b3200c2af14534217ded1b8275dca53eb(1x)
0.1,0xc4e78164ece13dc8415af4a1046971b6d5ee9523,2,0xb421a98ca7825ad2951eaf6516bea4a9f08ffbfd(2x);0xf666057b3200c2af14534217ded1b8275dca53eb(2x)
0.1,0x7f5ca4079b114ca105b452494d41f1d57d5701bf,2,0xb421a98ca7825ad2951eaf6516bea4a9f08ffbfd(1x);0xf666057b3200c2af14534217ded1b8275dca53eb(1x)
0.1,0x503f4c20a7e0a11c31b7b36ac5aa8dd10b798272,2,0xb421a98ca7825ad2951eaf6516bea4a9f08ffbfd(5x);0xf666057b3200c2af14534217ded1b8275dca53eb(5x)
0.1,0x3bc9d5847e9bb385347b75431e366dc5ed382df6,2,0xb421a98ca7825ad2951eaf6516bea4a9f08ffbfd(1x);0xf666057b3200c2af14534217ded1b8275dca53eb(1x)
0.1,0xd5567a074b2606788f7bd2379c66978875c5f98d,2,0xb421a98ca7825ad2951eaf6516bea4a9f08ffbfd(2x);0xf666057b3200c2af14534217ded1b8275dca53eb(2x)
0.1,0x790fd138893aa2e6bc7a31ddb4ad64dfd927b1d8,2,0xb421a98ca7825ad2951eaf6516bea4a9f08ffbfd(7x);0xf666057b3200c2af14534217ded1b8275dca53eb(7x)
0.1,0x236216388e19d771358cb141452c520c06f0bd93,2,0xb421a98ca7825ad2951eaf6516bea4a9f08ffbfd(1x);0xf666057b3200c2af14534217ded1b8275dca53eb(1x)
0.1,0x89f468e898dc3c4455e7ca297b49f9513c6a2b04,2,0xb421a98ca7825ad2951eaf6516bea4a9f08ffbfd(1x);0xf666057b3200c2af14534217ded1b8275dca53eb(1x)
0.1,0x7c943559b14dd6c45e2d6029e91dbffd4eca515f,2,0xb421a98ca7825ad2951eaf6516bea4a9f08ffbfd(1x);0xf666057b3200c2af14534217ded1b8275dca53eb(1x)
0.1,0x8fc1f7069ef8765b3d69f01c926f1ee9e830b87f,2,0xb421a98ca7825ad2951eaf6516bea4a9f08ffbfd(1x);0xf666057b3200c2af14534217ded1b8275dca53eb(1x)
0.1,0xe813aff06101e9783daa5e60e26174df52b42005,2,0xb421a98ca7825ad2951eaf6516bea4a9f08ffbfd(1x);0xf666057b3200c2af14534217ded1b8275dca53eb(1x)
0.1,0x651d215497a740c577888cc63b4ddc1c6bd619df,2,0xb421a98ca7825ad2951eaf6516bea4a9f08ffbfd(1x);0xf666057b3200c2af14534217ded1b8275dca53eb(1x)
0.1,0x3669c4d752d5eec630be19ca842f788857924f60,2,0xb421a98ca7825ad2951eaf6516bea4a9f08ffbfd(3x);0xf666057b3200c2af14534217ded1b8275dca53eb(3x)
0.1,0x916fc541ff8fa65b715f45b9ed2892cc1af0e6b1,2,0xb421a98ca7825ad2951eaf6516bea4a9f08ffbfd(1x);0xf666057b3200c2af14534217ded1b8275dca53eb(1x)
0.1,0x75d1bedbfded16949d1fb0f405cb038ffd8fbf79,2,0xb421a98ca7825ad2951eaf6516bea4a9f08ffbfd(1x);0xf666057b3200c2af14534217ded1b8275dca53eb(1x)
0.1,0xba6b735f2da85f5ac08b60587c4b80f30f2ece0a,2,0xb421a98ca7825ad2951eaf6516bea4a9f08ffbfd(1x);0xf666057b3200c2af14534217ded1b8275dca53eb(1x)
0.1,0xab2f4aa1745bea147ee735c06caa4f65db29737a,2,0xb421a98ca7825ad2951eaf6516bea4a9f08ffbfd(1x);0xf666057b3200c2af14534217ded1b8275dca53eb(1x)
0.1,0xcd02344a325ae22dd9567a9f903733258ede6e6b,2,0xb421a98ca7825ad2951eaf6516bea4a9f08ffbfd(1x);0xf666057b3200c2af14534217ded1b8275dca53eb(1x)
0.1,0x11603c922ae937063f60b298bd499d31d2fbb780,2,0xb421a98ca7825ad2951eaf6516bea4a9f08ffbfd(1x);0xf666057b3200c2af14534217ded1b8275dca53eb(1x)
0.1,0x64181599aa6710ed78ecd726f678e54317fce895,2,0xb421a98ca7825ad2951eaf6516bea4a9f08ffbfd(8x);0xf666057b3200c2af14534217ded1b8275dca53eb(8x)
0.1,0x63ad5d2e0a0f4148711b49ed8b73d8e6b0e9389a,2,0xb421a98ca7825ad2951eaf6516bea4a9f08ffbfd(1x);0xf666057b3200c2af14534217ded1b8275dca53eb(1x)
0.1,0xb0077415a084a7d46bd0509d04e3e4a76d1caf48,2,0xb421a98ca7825ad2951eaf6516bea4a9f08ffbfd(1x);0xf666057b3200c2af14534217ded1b8275dca53eb(1x)
0.1,0x83c23ef38458bc8210c2cf9cff305ffae461cb89,2,0xb421a98ca7825ad2951eaf6516bea4a9f08ffbfd(1x);0xf666057b3200c2af14534217ded1b8275dca53eb(1x)
0.1,0x3a7121b5e7168e0eec4a1b1b8b0b7f8a8b980d98,2,0xb421a98ca7825ad2951eaf6516bea4a9f08ffbfd(1x);0xf666057b3200c2af14534217ded1b8275dca53eb(1x)
0.1,0xf5069fa2836a4d6d6091db27d559a750ce47c7b2,2,0xb421a98ca7825ad2951eaf6516bea4a9f08ffbfd(1x);0xf666057b3200c2af14534217ded1b8275dca53eb(1x)
0.1,0xdf7a26835eaebcc3ad00240b0310fbc142dbcc45,2,0xb421a98ca7825ad2951eaf6516bea4a9f08ffbfd(1x);0xf666057b3200c2af14534217ded1b8275dca53eb(1x)
0.1,0xe27f69d88c99f180d27bb10fce9edd98acf2bcf5,2,0xb421a98ca7825ad2951eaf6516bea4a9f08ffbfd(1x);0xf666057b3200c2af14534217ded1b8275dca53eb(1x)
0.1,0xda02cd2ee4926f63cca5575991f61478538dc7af,2,0xb421a98ca7825ad2951eaf6516bea4a9f08ffbfd(1x);0xf666057b3200c2af14534217ded1b8275dca53eb(1x)
0.1,0xb70775283212a66b920e56a9565859c9de9fef1b,2,0xb421a98ca7825ad2951eaf6516bea4a9f08ffbfd(1x);0xf666057b3200c2af14534217ded1b8275dca53eb(1x)
0.1,0xceacb016fe179e533a1e0a708dd2c0c832c609e6,2,0xb421a98ca7825ad2951eaf6516bea4a9f08ffbfd(1x);0xf666057b3200c2af14534217ded1b8275dca53eb(1x)
0.1,0x7b2eb1df10212742a7ac92a47c9b6c2b8b506896,2,0xb421a98ca7825ad2951eaf6516bea4a9f08ffbfd(1x);0xf666057b3200c2af14534217ded1b8275dca53eb(1x)
0.1,0xfe41ca0eb3dd8ee196613f0b6c546879b88163b6,2,0xb421a98ca7825ad2951eaf6516bea4a9f08ffbfd(1x);0xf666057b3200c2af14534217ded1b8275dca53eb(1x)
0.1,0xb6674a89bfd3ba0e22c20e7766ae4e6376b89055,2,0xb421a98ca7825ad2951eaf6516bea4a9f08ffbfd(1x);0xf666057b3200c2af14534217ded1b8275dca53eb(1x)
0.1,0x0a640fb5042a853d073282835ebc995c0aa6b6cf,2,0xb421a98ca7825ad2951eaf6516bea4a9f08ffbfd(1x);0xf666057b3200c2af14534217ded1b8275dca53eb(1x)
0.1,0x2105a0efe5ec4fbbadb3fa9db7455157630debc0,2,0xb421a98ca7825ad2951eaf6516bea4a9f08ffbfd(2x);0xf666057b3200c2af14534217ded1b8275dca53eb(2x)
0.1,0x31abdb83a14bdb706155071e69ae2bd8ca1f5e0b,2,0xb421a98ca7825ad2951eaf6516bea4a9f08ffbfd(1x);0xf666057b3200c2af14534217ded1b8275dca53eb(1x)
0.1,0x156966bcf62c726c9d2ee7f4e2d6d425a9658646,2,0xb421a98ca7825ad2951eaf6516bea4a9f08ffbfd(1x);0xf666057b3200c2af14534217ded1b8275dca53eb(1x)
0.1,0x2bdd30fb31c4211c5f28e59fd2f2e5680fcd95cc,2,0xb421a98ca7825ad2951eaf6516bea4a9f08ffbfd(1x);0xf666057b3200c2af14534217ded1b8275dca53eb(1x)
0.1,0x3f568ac7c925597f349c936e89b637987c8aebe3,2,0xb421a98ca7825ad2951eaf6516bea4a9f08ffbfd(1x);0xf666057b3200c2af14534217ded1b8275dca53eb(1x)
0.1,0xca6ebc61f533fefe32d709eee556234a6c7db3d8,2,0xb421a98ca7825ad2951eaf6516bea4a9f08ffbfd(1x);0xf666057b3200c2af14534217ded1b8275dca53eb(1x)
0.1,0x3b10acfdf41350a947d07e944e6985fa5c5557bc,2,0xb421a98ca7825ad2951eaf6516bea4a9f08ffbfd(10x);0xf666057b3200c2af14534217ded1b8275dca53eb(10x)
0.1,0xa5143742ccdf24373f581c986f8a6b2c58754ddd,2,0xb421a98ca7825ad2951eaf6516bea4a9f08ffbfd(1x);0xf666057b3200c2af14534217ded1b8275dca53eb(1x)
0.1,0x4ae339d21fc0949975488687f1ebeb3c355bfc56,2,0xb421a98ca7825ad2951eaf6516bea4a9f08ffbfd(1x);0xf666057b3200c2af14534217ded1b8275dca53eb(1x)
0.1,0x6c078bf363e0a2e405b90a6064359d442c19533f,2,0xb421a98ca7825ad2951eaf6516bea4a9f08ffbfd(1x);0xf666057b3200c2af14534217ded1b8275dca53eb(1x)
0.1,0x51716c0b0489857c0b5ffb0d10a8c7c8c9a17275,2,0xb421a98ca7825ad2951eaf6516bea4a9f08ffbfd(1x);0xf666057b3200c2af14534217ded1b8275dca53eb(1x)
0.1,0x7137f985d16bc1ab8e969e94247f5fadbde6a9cc,2,0xb421a98ca7825ad2951eaf6516bea4a9f08ffbfd(1x);0xf666057b3200c2af14534217ded1b8275dca53eb(1x)
0.1,0x9617fa8af3d7b53752df0b3ff581ea6d50ff57b1,2,0xb421a98ca7825ad2951eaf6516bea4a9f08ffbfd(1x);0xf666057b3200c2af14534217ded1b8275dca53eb(1x)
0.1,0x411a8c62d55cde12d2571d02e08960966ea80406,2,0xb421a98ca7825ad2951eaf6516bea4a9f08ffbfd(8x);0xf666057b3200c2af14534217ded1b8275dca53eb(8x)
0.1,0x59346e857960b18a4cd16d09541c71c8c1d25c8b,2,0xb421a98ca7825ad2951eaf6516bea4a9f08ffbfd(1x);0xf666057b3200c2af14534217ded1b8275dca53eb(1x)
0.1,0x50658e7da498860d9ea183f93aaa6f02abbdcd7c,2,0xb421a98ca7825ad2951eaf6516bea4a9f08ffbfd(1x);0xf666057b3200c2af14534217ded1b8275dca53eb(1x)
0.1,0x70728258656749b5e31100feeb32a21be63a67b3,2,0xb421a98ca7825ad2951eaf6516bea4a9f08ffbfd(2x);0xf666057b3200c2af14534217ded1b8275dca53eb(2x)
0.1,0x9cb5b0118e7b444860814bfc04991008b3601e79,2,0xb421a98ca7825ad2951eaf6516bea4a9f08ffbfd(1x);0xf666057b3200c2af14534217ded1b8275dca53eb(1x)
0.1,0x46c0c3dda3bb5b37d2bec6246146f064fdd8dc04,2,0xb421a98ca7825ad2951eaf6516bea4a9f08ffbfd(2x);0xf666057b3200c2af14534217ded1b8275dca53eb(2x)
0.1,0x25ba7d36f11f988ff292fa857d47b29c0dee8f39,2,0xb421a98ca7825ad2951eaf6516bea4a9f08ffbfd(1x);0xf666057b3200c2af14534217ded1b8275dca53eb(1x)
0.1,0x88c7467c2c0209d872ce19ca3a8efd7ab3a73f6d,2,0xb421a98ca7825ad2951eaf6516bea4a9f08ffbfd(1x);0xf666057b3200c2af14534217ded1b8275dca53eb(1x)
0.1,0x3795bdf16027e4fb894c43957fc520c9defdf273,2,0xb421a98ca7825ad2951eaf6516bea4a9f08ffbfd(1x);0xf666057b3200c2af14534217ded1b8275dca53eb(1x)
0.1,0x6068bc5d9ba875a74b94ade1217f52e63b08120e,2,0xb421a98ca7825ad2951eaf6516bea4a9f08ffbfd(1x);0xf666057b3200c2af14534217ded1b8275dca53eb(1x)
0.1,0xf0fc9fac479d28a5fd724b7d133688f81bc97ca3,2,0xb421a98ca7825ad2951eaf6516bea4a9f08ffbfd(1x);0xf666057b3200c2af14534217ded1b8275dca53eb(1x)
0.1,0xa3431ba73653971451fc761b74da3abb95b79527,2,0xb421a98ca7825ad2951eaf6516bea4a9f08ffbfd(1x);0xf666057b3200c2af14534217ded1b8275dca53eb(1x)
0.1,0x3b31c75dfef0c475979e574d0705e4ce7c0ad54a,2,0xb421a98ca7825ad2951eaf6516bea4a9f08ffbfd(1x);0xf666057b3200c2af14534217ded1b8275dca53eb(1x)
0.1,0x4be0d0f249e1fcbdf442672e90e1574f305a843c,2,0xb421a98ca7825ad2951eaf6516bea4a9f08ffbfd(1x);0xf666057b3200c2af14534217ded1b8275dca53eb(1x)
0.1,0x774bfe081998ee4b520db75e2d0142591bb928bc,2,0xb421a98ca7825ad2951eaf6516bea4a9f08ffbfd(1x);0xf666057b3200c2af14534217ded1b8275dca53eb(1x)
0.1,0xca7956e250d05b5556e956038575b726b5f42999,2,0xb421a98ca7825ad2951eaf6516bea4a9f08ffbfd(1x);0xf666057b3200c2af14534217ded1b8275dca53eb(1x)
0.1,0x2a8af6c5fbf7a2c68c9820cfcc158cd3ba25f2ad,2,0xb421a98ca7825ad2951eaf6516bea4a9f08ffbfd(1x);0xf666057b3200c2af14534217ded1b8275dca53eb(1x)
0.1,0xae21e934cc4a96c30cca30a578e730e36577a923,2,0xb421a98ca7825ad2951eaf6516bea4a9f08ffbfd(1x);0xf666057b3200c2af14534217ded1b8275dca53eb(1x)
0.1,0xe945f27b944eea66b0794e1c0f7bdbc413079036,2,0xb421a98ca7825ad2951eaf6516bea4a9f08ffbfd(1x);0xf666057b3200c2af14534217ded1b8275dca53eb(1x)
0.1,0x7f7521104a79b9d3a1f7a721c35d9c5ba1e35200,2,0xb421a98ca7825ad2951eaf6516bea4a9f08ffbfd(1x);0xf666057b3200c2af14534217ded1b8275dca53eb(1x)
0.1,0x1424236fe7fcb4a9e53d841ba3196628a92c9587,2,0xb421a98ca7825ad2951eaf6516bea4a9f08ffbfd(1x);0xf666057b3200c2af14534217ded1b8275dca53eb(1x)
0.1,0x23dc6fc646a17aeefaf2df03506f57f883a9096c,2,0xb421a98ca7825ad2951eaf6516bea4a9f08ffbfd(1x);0xf666057b3200c2af14534217ded1b8275dca53eb(1x)
0.1,0x168c6457c72195eeb64d83746db7b47feedbf78a,2,0xb421a98ca7825ad2951eaf6516bea4a9f08ffbfd(1x);0xf666057b3200c2af14534217ded1b8275dca53eb(1x)
0.1,0x6d2294b11cbd7def51ae9dfc39a97e54611d4c37,2,0xb421a98ca7825ad2951eaf6516bea4a9f08ffbfd(1x);0xf666057b3200c2af14534217ded1b8275dca53eb(1x)
0.1,0x5914be5ee04f04efdb4c7d1ed4c72da698dd07dc,2,0xb421a98ca7825ad2951eaf6516bea4a9f08ffbfd(1x);0xf666057b3200c2af14534217ded1b8275dca53eb(1x)
0.1,0xb83fb54065dc6e810fa26352e6f1fb8c0967da09,2,0xb421a98ca7825ad2951eaf6516bea4a9f08ffbfd(1x);0xf666057b3200c2af14534217ded1b8275dca53eb(1x)
0.1,0x270bb1213e19d90078ed813a2f059a2f412fee94,2,0xb421a98ca7825ad2951eaf6516bea4a9f08ffbfd(1x);0xf666057b3200c2af14534217ded1b8275dca53eb(1x)
0.1,0x345390af820785e7513470b3adbbfe6ce5c5ee52,2,0xb421a98ca7825ad2951eaf6516bea4a9f08ffbfd(1x);0xf666057b3200c2af14534217ded1b8275dca53eb(1x)
0.1,0x90710883c54a523d9246cb63ed1b14605d822344,2,0xb421a98ca7825ad2951eaf6516bea4a9f08ffbfd(1x);0xf666057b3200c2af14534217ded1b8275dca53eb(1x)
0.1,0x77a77e1d42f5402c24a65b531e2366172ffaf2a7,2,0xb421a98ca7825ad2951eaf6516bea4a9f08ffbfd(1x);0xf666057b3200c2af14534217ded1b8275dca53eb(1x)
0.1,0x8ea5ce2f253042d32257218acdf0da10322c926e,2,0xb421a98ca7825ad2951eaf6516bea4a9f08ffbfd(1x);0xf666057b3200c2af14534217ded1b8275dca53eb(1x)
0.1,0x3f948904939e85325fd1e939972ba112d834d38c,2,0xb421a98ca7825ad2951eaf6516bea4a9f08ffbfd(1x);0xf666057b3200c2af14534217ded1b8275dca53eb(1x)
0.1,0x2c7169c7cc806595f900d36b233163011d7ff88a,2,0xb421a98ca7825ad2951eaf6516bea4a9f08ffbfd(1x);0xf666057b3200c2af14534217ded1b8275dca53eb(1x)
0.1,0xa7be69cefd8c92d63dc4eae3fd801a53797c7872,2,0xb421a98ca7825ad2951eaf6516bea4a9f08ffbfd(1x);0xf666057b3200c2af14534217ded1b8275dca53eb(1x)
0.1,0x4415f7eed1cad2998427b8c2d91cfb7896a12cd3,2,0xb421a98ca7825ad2951eaf6516bea4a9f08ffbfd(1x);0xf666057b3200c2af14534217ded1b8275dca53eb(1x)
0.1,0xaefa474c919a74a93a4f105eb4247fdb8bb9310b,2,0xb421a98ca7825ad2951eaf6516bea4a9f08ffbfd(1x);0xf666057b3200c2af14534217ded1b8275dca53eb(1x)
0.1,0xdb490e26fc09a81d8bde89d91a235795594a3dc5,2,0xb421a98ca7825ad2951eaf6516bea4a9f08ffbfd(1x);0xf666057b3200c2af14534217ded1b8275dca53eb(1x)
0.1,0x7e677535f8e99de6b58a04955575a4d0e152b830,2,0xb421a98ca7825ad2951eaf6516bea4a9f08ffbfd(1x);0xf666057b3200c2af14534217ded1b8275dca53eb(1x)
0.1,0xd82576771e819efa8e7bfecb0a5d0e30f6ad9500,2,0xb421a98ca7825ad2951eaf6516bea4a9f08ffbfd(1x);0xf666057b3200c2af14534217ded1b8275dca53eb(1x)
0.1,0x3a84f15b3724e1556720440730a4885141562dd9,2,0xb421a98ca7825ad2951eaf6516bea4a9f08ffbfd(1x);0xf666057b3200c2af14534217ded1b8275dca53eb(1x)
0.1,0x6e95834c916bbab8b536179760cf8c2d9bd5be40,2,0xb421a98ca7825ad2951eaf6516bea4a9f08ffbfd(1x);0xf666057b3200c2af14534217ded1b8275dca53eb(1x)
0.1,0xad001201511f068d2b95dc36b16907410ed12f71,2,0xb421a98ca7825ad2951eaf6516bea4a9f08ffbfd(1x);0xf666057b3200c2af14534217ded1b8275dca53eb(1x)
0.1,0xd13b404da32860e3b7a4157f2949e955083d98c5,2,0xb421a98ca7825ad2951eaf6516bea4a9f08ffbfd(1x);0xf666057b3200c2af14534217ded1b8275dca53eb(1x)
0.1,0xea115bdba6994b90362291f8ce4c86dc264c765d,2,0xb421a98ca7825ad2951eaf6516bea4a9f08ffbfd(1x);0xf666057b3200c2af14534217ded1b8275dca53eb(1x)
0.1,0xb3f076cf6668cc20f6e0461ac5190c95b218148c,2,0xb421a98ca7825ad2951eaf6516bea4a9f08ffbfd(1x);0xf666057b3200c2af14534217ded1b8275dca53eb(1x)
0.1,0x877c6c10d128974564d8a0b63511807d2abe0bd3,2,0xb421a98ca7825ad2951eaf6516bea4a9f08ffbfd(1x);0xf666057b3200c2af14534217ded1b8275dca53eb(1x)
0.1,0xb9ec6e245f65fc3d63042f42fd684c81488eb229,2,0xb421a98ca7825ad2951eaf6516bea4a9f08ffbfd(1x);0xf666057b3200c2af14534217ded1b8275dca53eb(1x)
0.1,0xa7efbcd90de4cb5cba54d1d5a13a6bc4134b4c0b,2,0xb421a98ca7825ad2951eaf6516bea4a9f08ffbfd(1x);0xf666057b3200c2af14534217ded1b8275dca53eb(1x)
0.1,0xb63dc56e30b5bc7d0cfa6a6c7567ab5128760cb3,2,0xb421a98ca7825ad2951eaf6516bea4a9f08ffbfd(1x);0xf666057b3200c2af14534217ded1b8275dca53eb(1x)
0.1,0x284e7f7d2b3b519cd4c2421f62dd763f41cb66e9,2,0xb421a98ca7825ad2951eaf6516bea4a9f08ffbfd(1x);0xf666057b3200c2af14534217ded1b8275dca53eb(1x)
0.1,0xe8314781e48fa444ce2ce88896b7fa6f512e7d73,2,0xb421a98ca7825ad2951eaf6516bea4a9f08ffbfd(1x);0xf666057b3200c2af14534217ded1b8275dca53eb(1x)
0.1,0xfa9d98dd0365a3cb967e9cb2e413f2422c9c53b7,2,0xb421a98ca7825ad2951eaf6516bea4a9f08ffbfd(1x);0xf666057b3200c2af14534217ded1b8275dca53eb(1x)
0.1,0x1a1198d4a5b16019ccb70313f24e1c75d5507fd3,2,0xb421a98ca7825ad2951eaf6516bea4a9f08ffbfd(1x);0xf666057b3200c2af14534217ded1b8275dca53eb(1x)
0.1,0xab07ab6bd33c0f0f7b4a35f86925fe174a7d5756,2,0xb421a98ca7825ad2951eaf6516bea4a9f08ffbfd(1x);0xf666057b3200c2af14534217ded1b8275dca53eb(1x)
0.1,0xa8960cc7b4751e70373265655a1d9efd25e80aeb,2,0xb421a98ca7825ad2951eaf6516bea4a9f08ffbfd(1x);0xf666057b3200c2af14534217ded1b8275dca53eb(1x)
0.1,0x0b4732a41f0408e71115712712055c4a96514448,2,0xb421a98ca7825ad2951eaf6516bea4a9f08ffbfd(1x);0xf666057b3200c2af14534217ded1b8275dca53eb(1x)
0.1,0x6f0f3122cceb03109258f0ac1705f8e0300c5b23,2,0xb421a98ca7825ad2951eaf6516bea4a9f08ffbfd(1x);0xf666057b3200c2af14534217ded1b8275dca53eb(1x)
0.1,0xf0b192530a511589c1bfe1d23253c3e6af20a515,2,0xb421a98ca7825ad2951eaf6516bea4a9f08ffbfd(1x);0xf666057b3200c2af14534217ded1b8275dca53eb(1x)
0.1,0xd23f21e868a8e71a798f84842248a4c6cca363aa,2,0xb421a98ca7825ad2951eaf6516bea4a9f08ffbfd(1x);0xf666057b3200c2af14534217ded1b8275dca53eb(1x)
0.1,0x91df4b35231b198c6a1e9e1bc39ca2d31b275940,2,0xb421a98ca7825ad2951eaf6516bea4a9f08ffbfd(1x);0xf666057b3200c2af14534217ded1b8275dca53eb(1x)
0.1,0x64a3b75bec46caf14fc5df08d530af764702ec41,2,0xb421a98ca7825ad2951eaf6516bea4a9f08ffbfd(1x);0xf666057b3200c2af14534217ded1b8275dca53eb(1x)
0.1,0xed245897393b9b527bed018ccd8de5a72d17fd57,2,0xb421a98ca7825ad2951eaf6516bea4a9f08ffbfd(1x);0xf666057b3200c2af14534217ded1b8275dca53eb(1x)
0.1,0x8fc9984d71da9e0550d942175ecc9475b0568f35,2,0xb421a98ca7825ad2951eaf6516bea4a9f08ffbfd(1x);0xf666057b3200c2af14534217ded1b8275dca53eb(1x)
0.1,0x735483bfcd8c3aeb703adc5769e796f04121b8a5,2,0xb421a98ca7825ad2951eaf6516bea4a9f08ffbfd(1x);0xf666057b3200c2af14534217ded1b8275dca53eb(1x)
0.1,0x4933eee8fa761c07d92d4d4763ae3b801992f8e5,2,0xb421a98ca7825ad2951eaf6516bea4a9f08ffbfd(1x);0xf666057b3200c2af14534217ded1b8275dca53eb(1x)
0.1,0xbe77b6753c0e62428a09175b2228f526c06adbb4,2,0xb421a98ca7825ad2951eaf6516bea4a9f08ffbfd(1x);0xf666057b3200c2af14534217ded1b8275dca53eb(1x)
0.1,0x9606bcfbd32055a7db7483bb6d4f8786a997ab60,2,0xb421a98ca7825ad2951eaf6516bea4a9f08ffbfd(1x);0xf666057b3200c2af14534217ded1b8275dca53eb(1x)
0.1,0x5aa5e92a7c53cb11ce11f35bd20ecfa18996c005,2,0xb421a98ca7825ad2951eaf6516bea4a9f08ffbfd(1x);0xf666057b3200c2af14534217ded1b8275dca53eb(1x)
0.1,0x7f27716a7a1f1dd54ef10ea6694142dd749d4565,2,0xb421a98ca7825ad2951eaf6516bea4a9f08ffbfd(1x);0xf666057b3200c2af14534217ded1b8275dca53eb(1x)
0.1,0x17d0c4dd2793902b92c4f3aa35ed73038a95b840,2,0xb421a98ca7825ad2951eaf6516bea4a9f08ffbfd(1x);0xf666057b3200c2af14534217ded1b8275dca53eb(1x)
0.1,0xcfaaec2b13d81383f2da7dad41055810e5570fce,2,0xb421a98ca7825ad2951eaf6516bea4a9f08ffbfd(1x);0xf666057b3200c2af14534217ded1b8275dca53eb(1x)
0.1,0xdafaae726621732a2ca0fe5a9f86534bce4cd5c0,2,0xb421a98ca7825ad2951eaf6516bea4a9f08ffbfd(1x);0xf666057b3200c2af14534217ded1b8275dca53eb(1x)
0.1,0xc46cd3cc2dfcc02a8163875f56a2e91a6d1612f1,2,0xb421a98ca7825ad2951eaf6516bea4a9f08ffbfd(1x);0xf666057b3200c2af14534217ded1b8275dca53eb(1x)
0.1,0xaf5147bf562ffd5688d515bda7dd09c00e0b44c9,2,0xb421a98ca7825ad2951eaf6516bea4a9f08ffbfd(1x);0xf666057b3200c2af14534217ded1b8275dca53eb(1x)
0.1,0xdab12067065df64f766b4951ccfd9027b44f79ff,2,0xb421a98ca7825ad2951eaf6516bea4a9f08ffbfd(1x);0xf666057b3200c2af14534217ded1b8275dca53eb(1x)
0.1,0xeda01414dad5cade642ea63a26b187dc2e04b7e1,2,0xb421a98ca7825ad2951eaf6516bea4a9f08ffbfd(1x);0xf666057b3200c2af14534217ded1b8275dca53eb(1x)
0.1,0x259bc5c654870c984af6dfb9e8b8b96849d01bc8,2,0xb421a98ca7825ad2951eaf6516bea4a9f08ffbfd(1x);0xf666057b3200c2af14534217ded1b8275dca53eb(1x)
0.1,0xdf4e7ba738eec4a1de98dcd4b5e449fb50c9842f,2,0xb421a98ca7825ad2951eaf6516bea4a9f08ffbfd(1x);0xf666057b3200c2af14534217ded1b8275dca53eb(1x)
0.1,0x413fa41dccd20fe0556299f3fb07b1019619c9c3,2,0xb421a98ca7825ad2951eaf6516bea4a9f08ffbfd(1x);0xf666057b3200c2af14534217ded1b8275dca53eb(1x)
0.1,0x355d59c2552b23b7863291d67412a72c567b5b5b,2,0xb421a98ca7825ad2951eaf6516bea4a9f08ffbfd(1x);0xf666057b3200c2af14534217ded1b8275dca53eb(1x)
0.1,0x9372f41c2bad4a4117e3f9f258ee2d635419419e,2,0xb421a98ca7825ad2951eaf6516bea4a9f08ffbfd(1x);0xf666057b3200c2af14534217ded1b8275dca53eb(1x)
0.1,0x34951f77023f1ead3410a28152a2a9f4192f5c9a,2,0xb421a98ca7825ad2951eaf6516bea4a9f08ffbfd(1x);0xf666057b3200c2af14534217ded1b8275dca53eb(1x)
0.1,0xdc6a5745694de7a6bf714bbcd7e3ada35ebb7975,2,0xb421a98ca7825ad2951eaf6516bea4a9f08ffbfd(1x);0xf666057b3200c2af14534217ded1b8275dca53eb(1x)
0.1,0x09feec8c21569cbb6bf49eb3ee8219d4c2fd480b,2,0xb421a98ca7825ad2951eaf6516bea4a9f08ffbfd(1x);0xf666057b3200c2af14534217ded1b8275dca53eb(1x)
0.1,0x5602c3c45495bf8c840bd7b121c96208b583b15c,2,0xb421a98ca7825ad2951eaf6516bea4a9f08ffbfd(1x);0xf666057b3200c2af14534217ded1b8275dca53eb(1x)
0.1,0x380a2343674d7e81a60cacee621cff7a59331179,2,0xb421a98ca7825ad2951eaf6516bea4a9f08ffbfd(1x);0xf666057b3200c2af14534217ded1b8275dca53eb(1x)
0.1,0xa443e9e9cb9a0586639337f192be4fdb4a65e58b,2,0xb421a98ca7825ad2951eaf6516bea4a9f08ffbfd(1x);0xf666057b3200c2af14534217ded1b8275dca53eb(1x)
0.1,0x6e94125cb91f1659b3e5c0720a152d88923df5fa,2,0xb421a98ca7825ad2951eaf6516bea4a9f08ffbfd(1x);0xf666057b3200c2af14534217ded1b8275dca53eb(1x)
0.1,0x57c78b5d756da3e2d8a17eaf046c0d9f6b161e2f,2,0xb421a98ca7825ad2951eaf6516bea4a9f08ffbfd(1x);0xf666057b3200c2af14534217ded1b8275dca53eb(1x)
0.1,0xa55d99c66d498721e3d2807cdb767ae1c842e989,2,0xb421a98ca7825ad2951eaf6516bea4a9f08ffbfd(1x);0xf666057b3200c2af14534217ded1b8275dca53eb(1x)
0.1,0xd6dfdaed5b7c2a30983cff953d215af5e106b761,2,0xb421a98ca7825ad2951eaf6516bea4a9f08ffbfd(1x);0xf666057b3200c2af14534217ded1b8275dca53eb(1x)
0.1,0xf4d8022809d253b8b96f09db74d72e7ceaa1a809,2,0xb421a98ca7825ad2951eaf6516bea4a9f08ffbfd(1x);0xf666057b3200c2af14534217ded1b8275dca53eb(1x)
0.1,0xe9638099a7db4c7db867dcba1140e9a0b456d145,2,0xb421a98ca7825ad2951eaf6516bea4a9f08ffbfd(1x);0xf666057b3200c2af14534217ded1b8275dca53eb(1x)
0.1,0xf52b0fadad28dbee3dd492b31d88822e77f8bf4f,2,0xb421a98ca7825ad2951eaf6516bea4a9f08ffbfd(1x);0xf666057b3200c2af14534217ded1b8275dca53eb(1x)
0.1,0x1ede6ed5149fc99025f85e4533c7dd095f915ab1,2,0xb421a98ca7825ad2951eaf6516bea4a9f08ffbfd(1x);0xf666057b3200c2af14534217ded1b8275dca53eb(1x)
0.1,0x437894d72b4e615ea56eeffb75dbdccc2d883431,2,0xb421a98ca7825ad2951eaf6516bea4a9f08ffbfd(1x);0xf666057b3200c2af14534217ded1b8275dca53eb(1x)
0.1,0xbc61251b7a5c4eb84e91ed1904ede05554f5a337,2,0xb421a98ca7825ad2951eaf6516bea4a9f08ffbfd(1x);0xf666057b3200c2af14534217ded1b8275dca53eb(1x)
0.1,0x566484d8977d179dcf93f4d4216843548e070c23,2,0xb421a98ca7825ad2951eaf6516bea4a9f08ffbfd(1x);0xf666057b3200c2af14534217ded1b8275dca53eb(1x)
0.1,0x28f5d5b4197362cd177dbdce850464182c9fd0f5,2,0xb421a98ca7825ad2951eaf6516bea4a9f08ffbfd(1x);0xf666057b3200c2af14534217ded1b8275dca53eb(1x)
0.1,0x3ad9865ffd76dbc850aa3e24ab63b87961ef8a4e,2,0xb421a98ca7825ad2951eaf6516bea4a9f08ffbfd(1x);0xf666057b3200c2af14534217ded1b8275dca53eb(1x)
0.1,0xccc75fe86171109c87713f03101ed7feb70e5595,2,0xb421a98ca7825ad2951eaf6516bea4a9f08ffbfd(1x);0xf666057b3200c2af14534217ded1b8275dca53eb(1x)
0.1,0x5c58b61e5c02ad4dd66a9bcd20305184d2f727df,2,0xb421a98ca7825ad2951eaf6516bea4a9f08ffbfd(1x);0xf666057b3200c2af14534217ded1b8275dca53eb(1x)
0.1,0x9bb82387bf053bb171ab7a9ba0d45f05a743997e,2,0xb421a98ca7825ad2951eaf6516bea4a9f08ffbfd(1x);0xf666057b3200c2af14534217ded1b8275dca53eb(1x)
0.1,0x91f8320264ccb608d70273d8d336147c32f53bf8,2,0xb421a98ca7825ad2951eaf6516bea4a9f08ffbfd(1x);0xf666057b3200c2af14534217ded1b8275dca53eb(1x)
0.1,0xb529965caf395fd9618770e776137b5329521ce3,2,0xb421a98ca7825ad2951eaf6516bea4a9f08ffbfd(1x);0xf666057b3200c2af14534217ded1b8275dca53eb(1x)
0.1,0xb3c6216744850231c5e897c4f3fdf4cc7f8b90bd,2,0xb421a98ca7825ad2951eaf6516bea4a9f08ffbfd(1x);0xf666057b3200c2af14534217ded1b8275dca53eb(1x)
0.1,0x5aa5028eb71997d9ef4ace4f6fd08679d57d6617,2,0xb421a98ca7825ad2951eaf6516bea4a9f08ffbfd(1x);0xf666057b3200c2af14534217ded1b8275dca53eb(1x)
0.1,0x81db003bb6493f2fd603ae48b83c72e1349f31cc,2,0xb421a98ca7825ad2951eaf6516bea4a9f08ffbfd(1x);0xf666057b3200c2af14534217ded1b8275dca53eb(1x)
0.1,0x6093977bc677ed8b21e50e16818756a2e86274b0,2,0xb421a98ca7825ad2951eaf6516bea4a9f08ffbfd(1x);0xf666057b3200c2af14534217ded1b8275dca53eb(1x)
0.1,0x1b00b29a5365370e9386224ad77c0c46ce33f808,2,0xb421a98ca7825ad2951eaf6516bea4a9f08ffbfd(1x);0xf666057b3200c2af14534217ded1b8275dca53eb(1x)
0.1,0xe31e29fcfffb4cec3b95a45c4df03687f0988c3e,2,0xb421a98ca7825ad2951eaf6516bea4a9f08ffbfd(1x);0xf666057b3200c2af14534217ded1b8275dca53eb(1x)
0.1,0x23f978a2ca82506fb81bcc3698b64d1b0c49ad84,2,0xb421a98ca7825ad2951eaf6516bea4a9f08ffbfd(1x);0xf666057b3200c2af14534217ded1b8275dca53eb(1x)
0.1,0x11881351a2ce1100ea4a733262d6cc69b1b1f7bd,2,0xb421a98ca7825ad2951eaf6516bea4a9f08ffbfd(1x);0xf666057b3200c2af14534217ded1b8275dca53eb(1x)
0.1,0x79bac9a71a2c9c66857ed82db12421a0d8299a1f,2,0xb421a98ca7825ad2951eaf6516bea4a9f08ffbfd(1x);0xf666057b3200c2af14534217ded1b8275dca53eb(1x)
0.1,0xc2b115741525dbab4faf9f6c0fb5ae177a6a2bf0,2,0xb421a98ca7825ad2951eaf6516bea4a9f08ffbfd(1x);0xf666057b3200c2af14534217ded1b8275dca53eb(1x)
0.1,0xa49166d7966c30259055ab180a94a95c2bdaa29d,2,0xb421a98ca7825ad2951eaf6516bea4a9f08ffbfd(1x);0xf666057b3200c2af14534217ded1b8275dca53eb(1x)
0.1,0xf6e87c397d727c764d8c87853243b43f2d54680c,2,0xb421a98ca7825ad2951eaf6516bea4a9f08ffbfd(1x);0xf666057b3200c2af14534217ded1b8275dca53eb(1x)
0.1,0xc860e63ab38cef2dfe55de521f8682b9a1e0f99a,2,0xb421a98ca7825ad2951eaf6516bea4a9f08ffbfd(1x);0xf666057b3200c2af14534217ded1b8275dca53eb(1x)
0.1,0x1251248fea3eefe0a14c603259232e3833b54ac4,2,0xb421a98ca7825ad2951eaf6516bea4a9f08ffbfd(1x);0xf666057b3200c2af14534217ded1b8275dca53eb(1x)
0.1,0x3361cf01e9701fb87a5bdc70ef78e523c39fffb3,2,0xb421a98ca7825ad2951eaf6516bea4a9f08ffbfd(1x);0xf666057b3200c2af14534217ded1b8275dca53eb(1x)
0.1,0x01adba10e6e2eab430f06bd0b77f6c60ab99365f,2,0xb421a98ca7825ad2951eaf6516bea4a9f08ffbfd(1x);0xf666057b3200c2af14534217ded1b8275dca53eb(1x)
0.1,0x40aadc5f77d732ab92acf936ab69eb0f0a85b70e,2,0xb421a98ca7825ad2951eaf6516bea4a9f08ffbfd(1x);0xf666057b3200c2af14534217ded1b8275dca53eb(1x)
0.1,0x4690e47f463b810ca70a2998718bc24ece923289,2,0xb421a98ca7825ad2951eaf6516bea4a9f08ffbfd(1x);0xf666057b3200c2af14534217ded1b8275dca53eb(1x)
0.1,0x2db120d65111201868ca4c81249a4f6f51f89f00,2,0xb421a98ca7825ad2951eaf6516bea4a9f08ffbfd(1x);0xf666057b3200c2af14534217ded1b8275dca53eb(1x)
0.1,0xa5ecc290a66159b9b8a048906ceab30e8ade638e,2,0xb421a98ca7825ad2951eaf6516bea4a9f08ffbfd(1x);0xf666057b3200c2af14534217ded1b8275dca53eb(1x)
0.1,0x37d52c9e9a9620f10264c100f398184d7d61422a,2,0xb421a98ca7825ad2951eaf6516bea4a9f08ffbfd(1x);0xf666057b3200c2af14534217ded1b8275dca53eb(1x)
0.1,0x1469303806b10801dcf534eb58503406aa73893a,2,0xb421a98ca7825ad2951eaf6516bea4a9f08ffbfd(1x);0xf666057b3200c2af14534217ded1b8275dca53eb(1x)
0.1,0xedd8ede49f27f37bba163aab9dd98df08c7ee645,2,0xb421a98ca7825ad2951eaf6516bea4a9f08ffbfd(1x);0xf666057b3200c2af14534217ded1b8275dca53eb(1x)
0.1,0x47bc66471c40613350986de9716aee8628aba1f2,2,0xb421a98ca7825ad2951eaf6516bea4a9f08ffbfd(1x);0xf666057b3200c2af14534217ded1b8275dca53eb(1x)
0.1,0x0b158af6e78d35216185f0775bbfaa6390be2f83,2,0xb421a98ca7825ad2951eaf6516bea4a9f08ffbfd(1x);0xf666057b3200c2af14534217ded1b8275dca53eb(1x)
0.1,0xd027850cd4951a2e62f878ce16326ed29caf2135,2,0xb421a98ca7825ad2951eaf6516bea4a9f08ffbfd(1x);0xf666057b3200c2af14534217ded1b8275dca53eb(1x)
0.1,0xbc683e49764655767c4a6405f0fcec2a91d4a194,2,0xb421a98ca7825ad2951eaf6516bea4a9f08ffbfd(1x);0xf666057b3200c2af14534217ded1b8275dca53eb(1x)
0.1,0xbee28fac38626c20ff42eeba0c207e0aaec6be4c,2,0xb421a98ca7825ad2951eaf6516bea4a9f08ffbfd(1x);0xf666057b3200c2af14534217ded1b8275dca53eb(1x)
0.1,0x4ffae853ecd5c88e7779a5cb5d6c0fe1de3ac5a4,2,0xb421a98ca7825ad2951eaf6516bea4a9f08ffbfd(1x);0xf666057b3200c2af14534217ded1b8275dca53eb(1x)
0.1,0xa0304a8d9f08ce09349ff3bfcae761a95057e1b5,2,0xb421a98ca7825ad2951eaf6516bea4a9f08ffbfd(1x);0xf666057b3200c2af14534217ded1b8275dca53eb(1x)
0.1,0xced11171089572a7043f90806c58392781bc49be,2,0xb421a98ca7825ad2951eaf6516bea4a9f08ffbfd(1x);0xf666057b3200c2af14534217ded1b8275dca53eb(1x)
0.1,0x321bd1f717f7899d8e478b8bb3164a55d500af75,2,0xb421a98ca7825ad2951eaf6516bea4a9f08ffbfd(1x);0xf666057b3200c2af14534217ded1b8275dca53eb(1x)
0.1,0x4822fa7754da6d508a5a10fdd39f818802e50cf0,2,0xb421a98ca7825ad2951eaf6516bea4a9f08ffbfd(1x);0xf666057b3200c2af14534217ded1b8275dca53eb(1x)
0.1,0x93aa3475b95262da302dcb06571f96070507c283,2,0xb421a98ca7825ad2951eaf6516bea4a9f08ffbfd(1x);0xf666057b3200c2af14534217ded1b8275dca53eb(1x)
0.1,0xbc407b483c5a0554f694bbb61b7a37621f605b6c,2,0xb421a98ca7825ad2951eaf6516bea4a9f08ffbfd(1x);0xf666057b3200c2af14534217ded1b8275dca53eb(1x)
0.1,0x0aa5e27f9de3bc713deaf6ea579d3cd24de2c767,2,0xb421a98ca7825ad2951eaf6516bea4a9f08ffbfd(1x);0xf666057b3200c2af14534217ded1b8275dca53eb(1x)
0.1,0x5684c62787c19bed68330fcb2c4ab955479a15f4,2,0xb421a98ca7825ad2951eaf6516bea4a9f08ffbfd(1x);0xf666057b3200c2af14534217ded1b8275dca53eb(1x)
0.1,0x8f0994192360c7b4f7b8b29421f9b9ef9d91e59a,2,0xb421a98ca7825ad2951eaf6516bea4a9f08ffbfd(1x);0xf666057b3200c2af14534217ded1b8275dca53eb(1x)
0.1,0xab446be30c5ff971f92eee1691909cfbb59cf483,2,0xb421a98ca7825ad2951eaf6516bea4a9f08ffbfd(1x);0xf666057b3200c2af14534217ded1b8275dca53eb(1x)
0.1,0x481446a126495691a5968ff9052067e28a1ec400,2,0xb421a98ca7825ad2951eaf6516bea4a9f08ffbfd(1x);0xf666057b3200c2af14534217ded1b8275dca53eb(1x)
0.1,0xbe6b5f05c9bd3750ba3537b19aef554076522484,2,0xb421a98ca7825ad2951eaf6516bea4a9f08ffbfd(1x);0xf666057b3200c2af14534217ded1b8275dca53eb(1x)
0.1,0xe9fcf4ead18b9f7f53b50678ce3921aa1a117f2a,2,0xb421a98ca7825ad2951eaf6516bea4a9f08ffbfd(1x);0xf666057b3200c2af14534217ded1b8275dca53eb(1x)
0.1,0xbd5c55ef2f35169d28520aeffb9ca944eb292b30,2,0xb421a98ca7825ad2951eaf6516bea4a9f08ffbfd(1x);0xf666057b3200c2af14534217ded1b8275dca53eb(1x)
0.1,0x0e4022940cb8dc90d7cda4b841dae86d2b7eee38,2,0xb421a98ca7825ad2951eaf6516bea4a9f08ffbfd(1x);0xf666057b3200c2af14534217ded1b8275dca53eb(1x)
0.1,0x5fe8205beed02e2072ab37fbe30c682c4c6ed5e5,2,0xb421a98ca7825ad2951eaf6516bea4a9f08ffbfd(1x);0xf666057b3200c2af14534217ded1b8275dca53eb(1x)
0.1,0xad2850dda05dd01b007930f8e03c4c83034a0911,2,0xb421a98ca7825ad2951eaf6516bea4a9f08ffbfd(1x);0xf666057b3200c2af14534217ded1b8275dca53eb(1x)
0.1,0x570352bc676a4223acee6a5144419c96b8bd31a5,2,0xb421a98ca7825ad2951eaf6516bea4a9f08ffbfd(1x);0xf666057b3200c2af14534217ded1b8275dca53eb(1x)
0.1,0xc9235c52c9f9450f4623a281fdfcbd886d282c5c,2,0xb421a98ca7825ad2951eaf6516bea4a9f08ffbfd(1x);0xf666057b3200c2af14534217ded1b8275dca53eb(1x)
0.1,0x513cfe2001a02411b1ea528b1c9a867b1c0d6b37,2,0xb421a98ca7825ad2951eaf6516bea4a9f08ffbfd(1x);0xf666057b3200c2af14534217ded1b8275dca53eb(1x)
0.1,0xe1abf106cfee57342c945041e52d796ffc7896a8,2,0xb421a98ca7825ad2951eaf6516bea4a9f08ffbfd(1x);0xf666057b3200c2af14534217ded1b8275dca53eb(1x)
0.1,0x6dd9b81e6658cab2daae456e470b3ed341ce2beb,2,0xb421a98ca7825ad2951eaf6516bea4a9f08ffbfd(1x);0xf666057b3200c2af14534217ded1b8275dca53eb(1x)
0.1,0x2c98ac9361b98f2640f4862e680d2dad8560f4bc,2,0xb421a98ca7825ad2951eaf6516bea4a9f08ffbfd(1x);0xf666057b3200c2af14534217ded1b8275dca53eb(1x)
0.1,0x37cf5740ebf682690c0657f3f729203d00353b30,2,0xb421a98ca7825ad2951eaf6516bea4a9f08ffbfd(1x);0xf666057b3200c2af14534217ded1b8275dca53eb(1x)
0.1,0xcdfda75e5534753bac73abd82236c863ef9bbeb0,2,0xb421a98ca7825ad2951eaf6516bea4a9f08ffbfd(1x);0xf666057b3200c2af14534217ded1b8275dca53eb(1x)
0.1,0x037f195d4dcb85959035305c04e0efdc35667018,2,0xb421a98ca7825ad2951eaf6516bea4a9f08ffbfd(1x);0xf666057b3200c2af14534217ded1b8275dca53eb(1x)
0.1,0xa7f82838884a384cd0b13e63dfa1d0e8fd792692,2,0xb421a98ca7825ad2951eaf6516bea4a9f08ffbfd(1x);0xf666057b3200c2af14534217ded1b8275dca53eb(1x)
0.1,0xb0f0df7fe77a31cfcc47c15b57f8b6efd712400d,2,0xb421a98ca7825ad2951eaf6516bea4a9f08ffbfd(1x);0xf666057b3200c2af14534217ded1b8275dca53eb(1x)
0.1,0xbb2c3b4218d96b37aa4e926406ccda013139c415,2,0xb421a98ca7825ad2951eaf6516bea4a9f08ffbfd(1x);0xf666057b3200c2af14534217ded1b8275dca53eb(1x)
0.1,0x04fbd379753394941c7d541d1e18d92130a14dce,2,0xb421a98ca7825ad2951eaf6516bea4a9f08ffbfd(1x);0xf666057b3200c2af14534217ded1b8275dca53eb(1x)
0.1,0x9bc888e7e90985a17f3b9a5229728dfc9e5b87c3,2,0xb421a98ca7825ad2951eaf6516bea4a9f08ffbfd(1x);0xf666057b3200c2af14534217ded1b8275dca53eb(1x)
0.1,0x62e39d1cb75e3fc6153617a45fb617e265577d93,2,0xb421a98ca7825ad2951eaf6516bea4a9f08ffbfd(1x);0xf666057b3200c2af14534217ded1b8275dca53eb(1x)
0.1,0xc147f27fb6cb57991a7492942653f6d5a460e782,2,0xb421a98ca7825ad2951eaf6516bea4a9f08ffbfd(1x);0xf666057b3200c2af14534217ded1b8275dca53eb(1x)
0.1,0x4038e21a95b21f753326a12ff1985fbe275445e6,2,0xb421a98ca7825ad2951eaf6516bea4a9f08ffbfd(1x);0xf666057b3200c2af14534217ded1b8275dca53eb(1x)
0.1,0x51d0b63d1c20c9ba806eb74ddce16f1a444e1621,2,0xb421a98ca7825ad2951eaf6516bea4a9f08ffbfd(1x);0xf666057b3200c2af14534217ded1b8275dca53eb(1x)
0.1,0x80087216f1f76502035f64bbed879dab3e418fd6,2,0xb421a98ca7825ad2951eaf6516bea4a9f08ffbfd(1x);0xf666057b3200c2af14534217ded1b8275dca53eb(1x)
0.1,0x7fe65ac29a60977d1d1ffb83bdae46b233603443,2,0xb421a98ca7825ad2951eaf6516bea4a9f08ffbfd(1x);0xf666057b3200c2af14534217ded1b8275dca53eb(1x)
0.1,0x363aaabf1cf20ca9c0ef251a86811a014e42b755,2,0xb421a98ca7825ad2951eaf6516bea4a9f08ffbfd(1x);0xf666057b3200c2af14534217ded1b8275dca53eb(1x)
0.1,0x6bf9e80d80ee3ef3479e8c31bced599e3e4750b5,2,0xb421a98ca7825ad2951eaf6516bea4a9f08ffbfd(4x);0xf666057b3200c2af14534217ded1b8275dca53eb(4x)
0.1,0x86cccba2b638dc92eb832be2663b54592bcb20c3,2,0xb421a98ca7825ad2951eaf6516bea4a9f08ffbfd(1x);0xf666057b3200c2af14534217ded1b8275dca53eb(1x)
0.1,0xc1c10eca28c649bcb6fc08295901cbfc39fbf541,2,0xb421a98ca7825ad2951eaf6516bea4a9f08ffbfd(1x);0xf666057b3200c2af14534217ded1b8275dca53eb(1x)
0.1,0xebc7520690c899fa407c96fb222a015844f405f1,2,0xb421a98ca7825ad2951eaf6516bea4a9f08ffbfd(1x);0xf666057b3200c2af14534217ded1b8275dca53eb(1x)
0.1,0x6641f766baf351552ffef32cb3ff6f78b5865420,2,0xb421a98ca7825ad2951eaf6516bea4a9f08ffbfd(1x);0xf666057b3200c2af14534217ded1b8275dca53eb(1x)
0.1,0xd5633b84765a4e88990663ef14f7b00c46c4b338,2,0xb421a98ca7825ad2951eaf6516bea4a9f08ffbfd(1x);0xf666057b3200c2af14534217ded1b8275dca53eb(1x)
0.1,0x6acebb35d6768d150228db9192a8654c9eb1a4c1,2,0xb421a98ca7825ad2951eaf6516bea4a9f08ffbfd(1x);0xf666057b3200c2af14534217ded1b8275dca53eb(1x)
0.1,0x370b1d707a2b6d6c4901f336d66eb793a612273e,2,0xb421a98ca7825ad2951eaf6516bea4a9f08ffbfd(1x);0xf666057b3200c2af14534217ded1b8275dca53eb(1x)
0.1,0x081557774943da0142fe2a7dbb16cf463daeda48,2,0xb421a98ca7825ad2951eaf6516bea4a9f08ffbfd(1x);0xf666057b3200c2af14534217ded1b8275dca53eb(1x)
0.1,0x86399f3a5ca44840ae51ec8bb5d08309bd7960af,2,0xb421a98ca7825ad2951eaf6516bea4a9f08ffbfd(1x);0xf666057b3200c2af14534217ded1b8275dca53eb(1x)
0.1,0x8a4683b5152f922c07cfd1c828cb00644b59f2c8,2,0xb421a98ca7825ad2951eaf6516bea4a9f08ffbfd(2x);0xf666057b3200c2af14534217ded1b8275dca53eb(2x)
0.1,0x5350ea8340072b2abe4c73ea66c920bd76a6cc06,2,0xb421a98ca7825ad2951eaf6516bea4a9f08ffbfd(2x);0xf666057b3200c2af14534217ded1b8275dca53eb(2x)
0.1,0xf5e448730edd2ddc16827b45ecb35aed167e4eba,2,0xb421a98ca7825ad2951eaf6516bea4a9f08ffbfd(8x);0xf666057b3200c2af14534217ded1b8275dca53eb(8x)
0.1,0x3e7edaa08e311112fbfb98d7d3562eb292de7bd9,2,0xb421a98ca7825ad2951eaf6516bea4a9f08ffbfd(1x);0xf666057b3200c2af14534217ded1b8275dca53eb(1x)
0.1,0x8ca5998654b6f531885d24ef4f66b764ab8688dc,2,0xb421a98ca7825ad2951eaf6516bea4a9f08ffbfd(1x);0xf666057b3200c2af14534217ded1b8275dca53eb(1x)
0.1,0xef1ab42ccf804f166e303824bfb1b13c659ffb3e,2,0xb421a98ca7825ad2951eaf6516bea4a9f08ffbfd(1x);0xf666057b3200c2af14534217ded1b8275dca53eb(1x)
0.1,0x7debc7a1df0b126cf0df98c8085335233bec1d94,2,0xb421a98ca7825ad2951eaf6516bea4a9f08ffbfd(1x);0xf666057b3200c2af14534217ded1b8275dca53eb(1x)
0.1,0xf96cc1971c980a254e45f32cc70f1ca9598a3ce3,2,0xb421a98ca7825ad2951eaf6516bea4a9f08ffbfd(1x);0xf666057b3200c2af14534217ded1b8275dca53eb(1x)
0.1,0x21ba52b404d3ff7fd820f08086952ff2ee685e46,2,0xb421a98ca7825ad2951eaf6516bea4a9f08ffbfd(1x);0xf666057b3200c2af14534217ded1b8275dca53eb(1x)
0.1,0x91e1f759c370d1ba762ddaa71c362e674c4966ac,2,0xb421a98ca7825ad2951eaf6516bea4a9f08ffbfd(1x);0xf666057b3200c2af14534217ded1b8275dca53eb(1x)
0.1,0x93c8c4ece660dbf5076394a57a3a8f44fe75e1ab,2,0xb421a98ca7825ad2951eaf6516bea4a9f08ffbfd(1x);0xf666057b3200c2af14534217ded1b8275dca53eb(1x)
0.1,0x4ba8b825848be2bc45b64c28dd41b8aad666f254,2,0xb421a98ca7825ad2951eaf6516bea4a9f08ffbfd(1x);0xf666057b3200c2af14534217ded1b8275dca53eb(1x)
0.1,0xafae0fa526fc69939f38cd4467d1ffc4a57873a7,2,0xb421a98ca7825ad2951eaf6516bea4a9f08ffbfd(1x);0xf666057b3200c2af14534217ded1b8275dca53eb(1x)
0.1,0x246de5edd2a281f427add66518150a46935d6138,2,0xb421a98ca7825ad2951eaf6516bea4a9f08ffbfd(1x);0xf666057b3200c2af14534217ded1b8275dca53eb(1x)
0.1,0x7bfe6ca59ea1c95a630aaa8a756326616063b805,2,0xb421a98ca7825ad2951eaf6516bea4a9f08ffbfd(1x);0xf666057b3200c2af14534217ded1b8275dca53eb(1x)
0.1,0x3db0953d0e6d821b6f579c4595383d8bec9c37cd,2,0xb421a98ca7825ad2951eaf6516bea4a9f08ffbfd(1x);0xf666057b3200c2af14534217ded1b8275dca53eb(1x)
0.1,0xcea83e6236a6eea58543fe200516afe0bd3b44a8,2,0xb421a98ca7825ad2951eaf6516bea4a9f08ffbfd(1x);0xf666057b3200c2af14534217ded1b8275dca53eb(1x)
0.1,0xf896631b82f9890bae4c35bef865364413945cc3,2,0xb421a98ca7825ad2951eaf6516bea4a9f08ffbfd(1x);0xf666057b3200c2af14534217ded1b8275dca53eb(1x)
0.1,0x16a12e6028bbd27270e6a98bc5d8ef773a110166,2,0xb421a98ca7825ad2951eaf6516bea4a9f08ffbfd(1x);0xf666057b3200c2af14534217ded1b8275dca53eb(1x)
0.1,0x466972c635a149434bbc4726cab597e00325bcf3,2,0xb421a98ca7825ad2951eaf6516bea4a9f08ffbfd(1x);0xf666057b3200c2af14534217ded1b8275dca53eb(1x)
0.1,0x249bb0d6d36ae3d66131d1cadfb11a8cbe5d4a75,2,0xb421a98ca7825ad2951eaf6516bea4a9f08ffbfd(1x);0xf666057b3200c2af14534217ded1b8275dca53eb(1x)
0.1,0x3de301e2451f0548527f8225ad6d8fcd3ed4ab3a,2,0xb421a98ca7825ad2951eaf6516bea4a9f08ffbfd(1x);0xf666057b3200c2af14534217ded1b8275dca53eb(1x)
0.1,0x0d8fe57658704514e5c8beae4de6d6ee03cc2e85,2,0xb421a98ca7825ad2951eaf6516bea4a9f08ffbfd(1x);0xf666057b3200c2af14534217ded1b8275dca53eb(1x)
0.1,0xbe825023351d460dd3c64bbad629155b4c42fb35,2,0xb421a98ca7825ad2951eaf6516bea4a9f08ffbfd(1x);0xf666057b3200c2af14534217ded1b8275dca53eb(1x)
0.1,0xb811e11ba8fa0399e4a3cf740c029d49f385763b,2,0xb421a98ca7825ad2951eaf6516bea4a9f08ffbfd(1x);0xf666057b3200c2af14534217ded1b8275dca53eb(1x)
0.1,0x9eee9471c7b271bb71e4346f82d632ed6bbf7268,2,0xb421a98ca7825ad2951eaf6516bea4a9f08ffbfd(1x);0xf666057b3200c2af14534217ded1b8275dca53eb(1x)
0.1,0x988259ccfd199fc234df3046a3ddc3cb5b2cf0ea,2,0xb421a98ca7825ad2951eaf6516bea4a9f08ffbfd(1x);0xf666057b3200c2af14534217ded1b8275dca53eb(1x)
0.1,0x7769471b952ce29949d9c12f31a9ae6dbfa955fb,2,0xb421a98ca7825ad2951eaf6516bea4a9f08ffbfd(1x);0xf666057b3200c2af14534217ded1b8275dca53eb(1x)
0.1,0x207dfb03713055a57ef6f7760bee2462ef221cac,2,0xb421a98ca7825ad2951eaf6516bea4a9f08ffbfd(4x);0xf666057b3200c2af14534217ded1b8275dca53eb(4x)
0.1,0xd506b74fa07faa1565a40311bc66a444c310a14f,2,0xb421a98ca7825ad2951eaf6516bea4a9f08ffbfd(1x);0xf666057b3200c2af14534217ded1b8275dca53eb(1x)
0.1,0x19af7d04bf8862e389474d3603e3290d9df71773,2,0xb421a98ca7825ad2951eaf6516bea4a9f08ffbfd(1x);0xf666057b3200c2af14534217ded1b8275dca53eb(1x)
0.1,0x42cb4dab0a52db911217715b3163742c1398d5e3,2,0xb421a98ca7825ad2951eaf6516bea4a9f08ffbfd(1x);0xf666057b3200c2af14534217ded1b8275dca53eb(1x)
0.1,0x8836dcb96795cd8151758e359170487db5b8ba26,2,0xb421a98ca7825ad2951eaf6516bea4a9f08ffbfd(1x);0xf666057b3200c2af14534217ded1b8275dca53eb(1x)
0.1,0x3bfa3df1d1ef31c938b9fad702249dc1e8f4dacc,2,0xb421a98ca7825ad2951eaf6516bea4a9f08ffbfd(1x);0xf666057b3200c2af14534217ded1b8275dca53eb(1x)
0.1,0x9437913c500f954e63120502ea3c8fd29daafd89,2,0xb421a98ca7825ad2951eaf6516bea4a9f08ffbfd(1x);0xf666057b3200c2af14534217ded1b8275dca53eb(1x)
0.1,0x137e1d18efbacd90cc717ec69c9bb7672b4477f0,2,0xb421a98ca7825ad2951eaf6516bea4a9f08ffbfd(13x);0xf666057b3200c2af14534217ded1b8275dca53eb(13x)
0.1,0x9cc2ce4cd00ecf3f42d0e476e06f45a8b2e3b84d,2,0xb421a98ca7825ad2951eaf6516bea4a9f08ffbfd(1x);0xf666057b3200c2af14534217ded1b8275dca53eb(1x)
0.1,0xfe734ee44b8028ebaf71b4c251b4b2ce1fb34b59,2,0xb421a98ca7825ad2951eaf6516bea4a9f08ffbfd(1x);0xf666057b3200c2af14534217ded1b8275dca53eb(1x)
0.1,0x835492ecd3da44dff048270981801fc1daf0f473,2,0xb421a98ca7825ad2951eaf6516bea4a9f08ffbfd(1x);0xf666057b3200c2af14534217ded1b8275dca53eb(1x)
0.1,0xac3f6acfc5b3f76d9d3b64a338d513f9c389be64,2,0xb421a98ca7825ad2951eaf6516bea4a9f08ffbfd(1x);0xf666057b3200c2af14534217ded1b8275dca53eb(1x)
0.1,0x199ac271507fb0c4d2e7880489c8549e79ca3ad1,2,0xb421a98ca7825ad2951eaf6516bea4a9f08ffbfd(1x);0xf666057b3200c2af14534217ded1b8275dca53eb(1x)
0.1,0x82d6c3eb9aae92f35aa21ac2f8b6635fd85398e9,2,0xb421a98ca7825ad2951eaf6516bea4a9f08ffbfd(1x);0xf666057b3200c2af14534217ded1b8275dca53eb(1x)
0.1,0x1292147ffdff63dfac958c92d9049266f76c4ef7,2,0xb421a98ca7825ad2951eaf6516bea4a9f08ffbfd(1x);0xf666057b3200c2af14534217ded1b8275dca53eb(1x)
0.1,0x06580a7b42723ff732f6ef0d710cfa9ed4489ba7,2,0xb421a98ca7825ad2951eaf6516bea4a9f08ffbfd(1x);0xf666057b3200c2af14534217ded1b8275dca53eb(1x)
0.1,0x92d09415f177b0d5809b0ed5ed12cc88fd15c80c,2,0xb421a98ca7825ad2951eaf6516bea4a9f08ffbfd(1x);0xf666057b3200c2af14534217ded1b8275dca53eb(1x)
0.1,0x944949c404cae6195d7dceab19269724b964be2c,2,0xb421a98ca7825ad2951eaf6516bea4a9f08ffbfd(1x);0xf666057b3200c2af14534217ded1b8275dca53eb(1x)
0.1,0xf3d1920165877456a5a4a545ba091da6abf696f3,2,0xb421a98ca7825ad2951eaf6516bea4a9f08ffbfd(1x);0xf666057b3200c2af14534217ded1b8275dca53eb(1x)
0.1,0x568c8b08af029c5e7a2f8ee3908446bbe11e3796,2,0xb421a98ca7825ad2951eaf6516bea4a9f08ffbfd(1x);0xf666057b3200c2af14534217ded1b8275dca53eb(1x)
0.1,0x814378b4a7e788ff5198f6b7142764b2b11f18cb,2,0xb421a98ca7825ad2951eaf6516bea4a9f08ffbfd(1x);0xf666057b3200c2af14534217ded1b8275dca53eb(1x)
0.1,0x35ef3df74ec4b9857c7a567bd27bf1a00d9633f0,2,0xb421a98ca7825ad2951eaf6516bea4a9f08ffbfd(1x);0xf666057b3200c2af14534217ded1b8275dca53eb(1x)
0.1,0x29400d033cf38934ae520832ec46a6b569cdc258,2,0xb421a98ca7825ad2951eaf6516bea4a9f08ffbfd(1x);0xf666057b3200c2af14534217ded1b8275dca53eb(1x)
0.1,0x840066ffa2174e9dcb13c0b0e8757515bf6cd52f,2,0xb421a98ca7825ad2951eaf6516bea4a9f08ffbfd(1x);0xf666057b3200c2af14534217ded1b8275dca53eb(1x)
0.1,0x342ac9272745050494a955e063c8eb081766c078,2,0xb421a98ca7825ad2951eaf6516bea4a9f08ffbfd(1x);0xf666057b3200c2af14534217ded1b8275dca53eb(1x)
0.1,0x9abd16d9223a762bafc409c2258349f1757b06ab,2,0xb421a98ca7825ad2951eaf6516bea4a9f08ffbfd(1x);0xf666057b3200c2af14534217ded1b8275dca53eb(1x)
0.1,0xea08f8b82b7c073e58a80b0e2f7fea5c3d0001a7,2,0xb421a98ca7825ad2951eaf6516bea4a9f08ffbfd(1x);0xf666057b3200c2af14534217ded1b8275dca53eb(1x)
0.1,0x43dfea345d33bab434675d83969ae3d66c405662,2,0xb421a98ca7825ad2951eaf6516bea4a9f08ffbfd(1x);0xf666057b3200c2af14534217ded1b8275dca53eb(1x)
0.1,0xe1b2951c6660ad1b1b94659574ed4ccb5438887f,2,0xb421a98ca7825ad2951eaf6516bea4a9f08ffbfd(1x);0xf666057b3200c2af14534217ded1b8275dca53eb(1x)
0.1,0x3a199fab3a59c2acd49ae9313045d2fafd8a409e,2,0xb421a98ca7825ad2951eaf6516bea4a9f08ffbfd(1x);0xf666057b3200c2af14534217ded1b8275dca53eb(1x)
0.1,0x18cb4cc4bf8e59b986538338eb525ff6d3c05d29,2,0xb421a98ca7825ad2951eaf6516bea4a9f08ffbfd(5x);0xf666057b3200c2af14534217ded1b8275dca53eb(5x)
0.1,0x84af9d729d39b9ae4e4863663a586d5ceefbc44a,2,0xb421a98ca7825ad2951eaf6516bea4a9f08ffbfd(6x);0xf666057b3200c2af14534217ded1b8275dca53eb(6x)
0.1,0x05638ba438eaa2373c788810c412809c5df98b69,2,0xb421a98ca7825ad2951eaf6516bea4a9f08ffbfd(1x);0xf666057b3200c2af14534217ded1b8275dca53eb(1x)
0.1,0x39da64de37b3a897fcce72a8e59fec59d719ef54,2,0xb421a98ca7825ad2951eaf6516bea4a9f08ffbfd(1x);0xf666057b3200c2af14534217ded1b8275dca53eb(1x)
0.1,0x04e84e9413641333327b511b3d6388c5a3ccf305,2,0xb421a98ca7825ad2951eaf6516bea4a9f08ffbfd(1x);0xf666057b3200c2af14534217ded1b8275dca53eb(1x)
0.1,0x6e7c1a9ae5b997e05c0c91a07024859ec0b581e6,2,0xb421a98ca7825ad2951eaf6516bea4a9f08ffbfd(1x);0xf666057b3200c2af14534217ded1b8275dca53eb(1x)
0.1,0x8eda09e46b06a23012e8e4c2fe1c4f27e7d74d88,2,0xb421a98ca7825ad2951eaf6516bea4a9f08ffbfd(8x);0xf666057b3200c2af14534217ded1b8275dca53eb(8x)
0.1,0x3ec21a3ca1f91a274ecc239bebfb0509cb652813,2,0xb421a98ca7825ad2951eaf6516bea4a9f08ffbfd(1x);0xf666057b3200c2af14534217ded1b8275dca53eb(1x)
0.1,0x92eff923440db6c2d0808102f6dffe4d95eef3a7,2,0xb421a98ca7825ad2951eaf6516bea4a9f08ffbfd(1x);0xf666057b3200c2af14534217ded1b8275dca53eb(1x)
0.1,0x44838d22fbca24033f2abe2cf3429518bfe41585,2,0xb421a98ca7825ad2951eaf6516bea4a9f08ffbfd(7x);0xf666057b3200c2af14534217ded1b8275dca53eb(7x)
0.1,0x0ca3cb4c332b7ec5f7739009eabd825baed6e8c2,2,0xb421a98ca7825ad2951eaf6516bea4a9f08ffbfd(19x);0xf666057b3200c2af14534217ded1b8275dca53eb(19x)
0.1,0x5cfeb1fac85399d4f9b4b057b77ef56e61a41262,2,0xb421a98ca7825ad2951eaf6516bea4a9f08ffbfd(1x);0xf666057b3200c2af14534217ded1b8275dca53eb(1x)
0.1,0x91eabb3e52772b29efb6e514a4d80371a02adc9f,2,0xb421a98ca7825ad2951eaf6516bea4a9f08ffbfd(1x);0xf666057b3200c2af14534217ded1b8275dca53eb(1x)
0.1,0x4b12c8745036940c6a4efed1ce1d20e81abc05b3,2,0xb421a98ca7825ad2951eaf6516bea4a9f08ffbfd(1x);0xf666057b3200c2af14534217ded1b8275dca53eb(1x)
0.1,0xdbe25609d468b79de529ae87448395b820faa363,2,0xb421a98ca7825ad2951eaf6516bea4a9f08ffbfd(6x);0xf666057b3200c2af14534217ded1b8275dca53eb(6x)
0.1,0xb560030ff7b1ab9f90b662130e6075ac6d6f246b,2,0xb421a98ca7825ad2951eaf6516bea4a9f08ffbfd(1x);0xf666057b3200c2af14534217ded1b8275dca53eb(1x)
0.1,0x85b9543495ab374cb1d67e15587089e78ccaf721,2,0xb421a98ca7825ad2951eaf6516bea4a9f08ffbfd(2x);0xf666057b3200c2af14534217ded1b8275dca53eb(2x)
0.1,0x71e1f22be94141ef9503d47112b705879ad7e10f,2,0xb421a98ca7825ad2951eaf6516bea4a9f08ffbfd(1x);0xf666057b3200c2af14534217ded1b8275dca53eb(1x)
0.1,0x4fcd5c8b4f4b20235f64b41102707a045ca7331e,2,0xb421a98ca7825ad2951eaf6516bea4a9f08ffbfd(5x);0xf666057b3200c2af14534217ded1b8275dca53eb(5x)
0.1,0x7d02ae975b106a857b64a4f5c8bbecb8d9a72a26,2,0xb421a98ca7825ad2951eaf6516bea4a9f08ffbfd(1x);0xf666057b3200c2af14534217ded1b8275dca53eb(1x)
0.1,0xefb7fed97deb9eafdb379bdddc53dd2ca40fa213,2,0xb421a98ca7825ad2951eaf6516bea4a9f08ffbfd(8x);0xf666057b3200c2af14534217ded1b8275dca53eb(8x)
0.1,0x3caf2fdf712ea74bd6ce2147233c5b7daff3b957,2,0xb421a98ca7825ad2951eaf6516bea4a9f08ffbfd(1x);0xf666057b3200c2af14534217ded1b8275dca53eb(1x)
0.1,0x5b885841e0dba4c9f9edae9c2d508c6239cac33d,2,0xb421a98ca7825ad2951eaf6516bea4a9f08ffbfd(1x);0xf666057b3200c2af14534217ded1b8275dca53eb(1x)
0.1,0xc9ad464216f42444ccc96a4da9ca6054b64237ad,2,0xb421a98ca7825ad2951eaf6516bea4a9f08ffbfd(1x);0xf666057b3200c2af14534217ded1b8275dca53eb(1x)
0.1,0x85427c99ddc3fd3a69a415371b239b72e5a81fb0,2,0xb421a98ca7825ad2951eaf6516bea4a9f08ffbfd(1x);0xf666057b3200c2af14534217ded1b8275dca53eb(1x)
0.1,0x23da6997524550d376b042c916e9d7e57ed78b60,2,0xb421a98ca7825ad2951eaf6516bea4a9f08ffbfd(2x);0xf666057b3200c2af14534217ded1b8275dca53eb(2x)
0.1,0x4d095732b00b12c6adcea757a30d720baa70f69c,2,0xb421a98ca7825ad2951eaf6516bea4a9f08ffbfd(3x);0xf666057b3200c2af14534217ded1b8275dca53eb(3x)
0.1,0x8750841651248c784f0896e50f5b676c14ec5250,2,0xb421a98ca7825ad2951eaf6516bea4a9f08ffbfd(1x);0xf666057b3200c2af14534217ded1b8275dca53eb(1x)
0.1,0x5871cab23856c2e1013a1707fffb91949d1a7237,2,0xb421a98ca7825ad2951eaf6516bea4a9f08ffbfd(1x);0xf666057b3200c2af14534217ded1b8275dca53eb(1x)
0.1,0x0603ff4493278622f5f7347f5111dfc3b8205010,2,0xb421a98ca7825ad2951eaf6516bea4a9f08ffbfd(2x);0xf666057b3200c2af14534217ded1b8275dca53eb(2x)
0.1,0x304cbf6f28d5a1849a53572d35e2f124eb0a350b,2,0xb421a98ca7825ad2951eaf6516bea4a9f08ffbfd(1x);0xf666057b3200c2af14534217ded1b8275dca53eb(1x)
0.1,0x92954bd859cccfb3ffd39512b9d2127a4e2aeeb3,2,0xb421a98ca7825ad2951eaf6516bea4a9f08ffbfd(1x);0xf666057b3200c2af14534217ded1b8275dca53eb(1x)
0.1,0x9a6822b2d883ecd10777859c36a5faf7fed72a16,2,0xb421a98ca7825ad2951eaf6516bea4a9f08ffbfd(1x);0xf666057b3200c2af14534217ded1b8275dca53eb(1x)
0.1,0xb574747fba3995dd8031f803d7876fda08881dd3,2,0xb421a98ca7825ad2951eaf6516bea4a9f08ffbfd(1x);0xf666057b3200c2af14534217ded1b8275dca53eb(1x)
0.1,0xecb605d1f5947e585b13c607a97bee4b4fe02c28,2,0xb421a98ca7825ad2951eaf6516bea4a9f08ffbfd(1x);0xf666057b3200c2af14534217ded1b8275dca53eb(1x)
0.1,0x8cdca70b473ac500deb954697ae5bf7d74e686e1,2,0xb421a98ca7825ad2951eaf6516bea4a9f08ffbfd(1x);0xf666057b3200c2af14534217ded1b8275dca53eb(1x)
0.1,0x94a809b2581288c7cbb621dfda8a83b99046a4dd,2,0xb421a98ca7825ad2951eaf6516bea4a9f08ffbfd(1x);0xf666057b3200c2af14534217ded1b8275dca53eb(1x)
0.1,0xa3a229915f62ba4f16c4a21406aff78ef5949eb1,2,0xb421a98ca7825ad2951eaf6516bea4a9f08ffbfd(5x);0xf666057b3200c2af14534217ded1b8275dca53eb(5x)
0.1,0x2ba84d1fe7b4e61e3849336b6ddbc532f6c0cd3a,2,0xb421a98ca7825ad2951eaf6516bea4a9f08ffbfd(1x);0xf666057b3200c2af14534217ded1b8275dca53eb(1x)
0.1,0xd9e76317c78702b1041b891534187c1f2a031467,2,0xb421a98ca7825ad2951eaf6516bea4a9f08ffbfd(1x);0xf666057b3200c2af14534217ded1b8275dca53eb(1x)
0.1,0x571729335bfe413e0384a2bf36f1471822db34d5,2,0xb421a98ca7825ad2951eaf6516bea4a9f08ffbfd(1x);0xf666057b3200c2af14534217ded1b8275dca53eb(1x)
0.1,0xd040b5566fb81a4e61e145da6d8d3600d015be33,2,0xb421a98ca7825ad2951eaf6516bea4a9f08ffbfd(1x);0xf666057b3200c2af14534217ded1b8275dca53eb(1x)
0.1,0x8203486c65d676ed1f2a79a14d7c0f9903fce9ea,2,0xb421a98ca7825ad2951eaf6516bea4a9f08ffbfd(1x);0xf666057b3200c2af14534217ded1b8275dca53eb(1x)
0.1,0x872474fae53ff88200b31d9a25571cee8d51ff5d,2,0xb421a98ca7825ad2951eaf6516bea4a9f08ffbfd(1x);0xf666057b3200c2af14534217ded1b8275dca53eb(1x)
0.1,0x2bbb2bac6ccac0c805e0175ceb3bd5f58743ba23,2,0xb421a98ca7825ad2951eaf6516bea4a9f08ffbfd(1x);0xf666057b3200c2af14534217ded1b8275dca53eb(1x)
0.1,0x2bf884b8763ba5f9ccecf63adf83a07a917865e9,2,0xb421a98ca7825ad2951eaf6516bea4a9f08ffbfd(2x);0xf666057b3200c2af14534217ded1b8275dca53eb(2x)
0.1,0x6cb3011097af894e5f726a071f0bf888abb02f23,2,0xb421a98ca7825ad2951eaf6516bea4a9f08ffbfd(1x);0xf666057b3200c2af14534217ded1b8275dca53eb(1x)
0.1,0x1bc66b1d53eec00ef9a7785f443bbe05424a1295,2,0xb421a98ca7825ad2951eaf6516bea4a9f08ffbfd(1x);0xf666057b3200c2af14534217ded1b8275dca53eb(1x)
0.1,0xb7e6cb194ed1e82128170dcc0fb8a3a65e4c8b47,2,0xb421a98ca7825ad2951eaf6516bea4a9f08ffbfd(1x);0xf666057b3200c2af14534217ded1b8275dca53eb(1x)
0.1,0x28da47438dc84fd3cdad0539886e3b2f6aa511c2,2,0xb421a98ca7825ad2951eaf6516bea4a9f08ffbfd(1x);0xf666057b3200c2af14534217ded1b8275dca53eb(1x)
0.1,0xbbc2fbd8d47770a9c10d46318d4b3b7d3cc9f076,2,0xb421a98ca7825ad2951eaf6516bea4a9f08ffbfd(1x);0xf666057b3200c2af14534217ded1b8275dca53eb(1x)
0.1,0x31ee9a5d8d0a52b77dea0b3fde71028e390de26e,2,0xb421a98ca7825ad2951eaf6516bea4a9f08ffbfd(1x);0xf666057b3200c2af14534217ded1b8275dca53eb(1x)
0.1,0xa64c1026596768f3a865f8ee5cc97503f0e3a5fd,2,0xb421a98ca7825ad2951eaf6516bea4a9f08ffbfd(1x);0xf666057b3200c2af14534217ded1b8275dca53eb(1x)
0.1,0x9e198aaa803f0f2e7345ecb158f49b82ad893a50,2,0xb421a98ca7825ad2951eaf6516bea4a9f08ffbfd(1x);0xf666057b3200c2af14534217ded1b8275dca53eb(1x)
0.1,0xd129d2a4e831ad3445c62eaff863961f93626d9b,2,0xb421a98ca7825ad2951eaf6516bea4a9f08ffbfd(1x);0xf666057b3200c2af14534217ded1b8275dca53eb(1x)
0.1,0xd20d1e91615a445364569147f2e2ddb00a9fc744,2,0xb421a98ca7825ad2951eaf6516bea4a9f08ffbfd(1x);0xf666057b3200c2af14534217ded1b8275dca53eb(1x)
0.1,0x6b2e0592104d1e98be57a607f5c4246dd517a889,2,0xb421a98ca7825ad2951eaf6516bea4a9f08ffbfd(1x);0xf666057b3200c2af14534217ded1b8275dca53eb(1x)
0.1,0xb51fafe3021837146c6e59a07f847e3efe6cce97,2,0xb421a98ca7825ad2951eaf6516bea4a9f08ffbfd(4x);0xf666057b3200c2af14534217ded1b8275dca53eb(4x)
0.1,0x92f6cc008488c735a8acb8d67b2bbed4dfc431e3,2,0xb421a98ca7825ad2951eaf6516bea4a9f08ffbfd(1x);0xf666057b3200c2af14534217ded1b8275dca53eb(1x)
0.1,0xece3b30ae77460335c01611c04bce94d9357c721,2,0xb421a98ca7825ad2951eaf6516bea4a9f08ffbfd(7x);0xf666057b3200c2af14534217ded1b8275dca53eb(7x)
0.1,0x2bd54e20bc4bea5681aea55ca8e65dc130123d38,2,0xb421a98ca7825ad2951eaf6516bea4a9f08ffbfd(1x);0xf666057b3200c2af14534217ded1b8275dca53eb(1x)
0.1,0x13744619aac4099a239a7d3c07c42e98cdfb4659,2,0xb421a98ca7825ad2951eaf6516bea4a9f08ffbfd(6x);0xf666057b3200c2af14534217ded1b8275dca53eb(6x)
0.1,0x23c3f6cd9775428fba8f9f1920c78a8a800a8435,2,0xb421a98ca7825ad2951eaf6516bea4a9f08ffbfd(1x);0xf666057b3200c2af14534217ded1b8275dca53eb(1x)
0.1,0x648a88241d263c241e1105d821b6b128d63835b9,2,0xb421a98ca7825ad2951eaf6516bea4a9f08ffbfd(1x);0xf666057b3200c2af14534217ded1b8275dca53eb(1x)
0.1,0x3da22a7269442969c8be5909932a1bf305d2d2d4,2,0xb421a98ca7825ad2951eaf6516bea4a9f08ffbfd(1x);0xf666057b3200c2af14534217ded1b8275dca53eb(1x)
0.1,0x4d131ebe6fe5a7c3ad0fbc2bb7e95959c4e6c5b8,2,0xb421a98ca7825ad2951eaf6516bea4a9f08ffbfd(1x);0xf666057b3200c2af14534217ded1b8275dca53eb(1x)
0.1,0x1a0d65c441debe8e727689f5668311cc21fa50c2,2,0xb421a98ca7825ad2951eaf6516bea4a9f08ffbfd(1x);0xf666057b3200c2af14534217ded1b8275dca53eb(1x)
0.1,0x7983ad2fd851d381fd1cd0ed186d0daf345063d2,2,0xb421a98ca7825ad2951eaf6516bea4a9f08ffbfd(1x);0xf666057b3200c2af14534217ded1b8275dca53eb(1x)
0.1,0xe553594636408cd7da5ab703025c86748e3662b1,2,0xb421a98ca7825ad2951eaf6516bea4a9f08ffbfd(2x);0xf666057b3200c2af14534217ded1b8275dca53eb(2x)
0.1,0xeee610d1fde08ca98cabf67ec0aaa12627c59eb3,2,0xb421a98ca7825ad2951eaf6516bea4a9f08ffbfd(1x);0xf666057b3200c2af14534217ded1b8275dca53eb(1x)
0.1,0x4f6bc0893f11ed7e9f38c270c92bd86c4520008d,2,0xb421a98ca7825ad2951eaf6516bea4a9f08ffbfd(4x);0xf666057b3200c2af14534217ded1b8275dca53eb(4x)
0.1,0x040f3ce375af27f9d4733983cc3e0521c5070008,2,0xb421a98ca7825ad2951eaf6516bea4a9f08ffbfd(4x);0xf666057b3200c2af14534217ded1b8275dca53eb(4x)
0.1,0xb5e13e7bb737e4f450f72ba9067a5b7afbc07f99,2,0xb421a98ca7825ad2951eaf6516bea4a9f08ffbfd(1x);0xf666057b3200c2af14534217ded1b8275dca53eb(1x)
0.1,0x264033cf165255b1ebce5f400c29e1d191b94b62,2,0xb421a98ca7825ad2951eaf6516bea4a9f08ffbfd(1x);0xf666057b3200c2af14534217ded1b8275dca53eb(1x)
0.1,0x39590fae6ffb1047a361ee540be097a1c8bab787,2,0xb421a98ca7825ad2951eaf6516bea4a9f08ffbfd(1x);0xf666057b3200c2af14534217ded1b8275dca53eb(1x)
0.1,0x0ce04b03ebba9e418f046a327870656d5a8974be,2,0xb421a98ca7825ad2951eaf6516bea4a9f08ffbfd(2x);0xf666057b3200c2af14534217ded1b8275dca53eb(2x)
0.1,0xaee508799021e7781e66a78b421524f0ea8a2faa,2,0xb421a98ca7825ad2951eaf6516bea4a9f08ffbfd(2x);0xf666057b3200c2af14534217ded1b8275dca53eb(2x)
0.1,0x291321eee30e52fc601b5d42b96263b8705b01e9,2,0xb421a98ca7825ad2951eaf6516bea4a9f08ffbfd(1x);0xf666057b3200c2af14534217ded1b8275dca53eb(1x)
0.1,0xcaa4988aff2d12b2a63d0407b8f64e2b168ab4ff,2,0xb421a98ca7825ad2951eaf6516bea4a9f08ffbfd(1x);0xf666057b3200c2af14534217ded1b8275dca53eb(1x)
0.1,0x822602959bcd5c836109b5f791e9dda67c0ddc73,2,0xb421a98ca7825ad2951eaf6516bea4a9f08ffbfd(1x);0xf666057b3200c2af14534217ded1b8275dca53eb(1x)
0.1,0x1c8cee6b40ec73a62d48817e499d9d77ee28e984,2,0xb421a98ca7825ad2951eaf6516bea4a9f08ffbfd(1x);0xf666057b3200c2af14534217ded1b8275dca53eb(1x)
0.1,0xe5eddc50643a7536a8d380921e257c862b6dd32e,2,0xb421a98ca7825ad2951eaf6516bea4a9f08ffbfd(1x);0xf666057b3200c2af14534217ded1b8275dca53eb(1x)
0.1,0xd95705e5259cd6715cb588b1cd0afd4d8b053e77,2,0xb421a98ca7825ad2951eaf6516bea4a9f08ffbfd(2x);0xf666057b3200c2af14534217ded1b8275dca53eb(2x)
0.1,0x10bb04a112e38a2f55a048cc9911f27cae44a260,2,0xb421a98ca7825ad2951eaf6516bea4a9f08ffbfd(1x);0xf666057b3200c2af14534217ded1b8275dca53eb(1x)
0.1,0xf9b98ab34f38702c86bce52bdc4555f9878a0e1b,2,0xb421a98ca7825ad2951eaf6516bea4a9f08ffbfd(1x);0xf666057b3200c2af14534217ded1b8275dca53eb(1x)
0.1,0xdbe36910f5a08e92e9e8db5fa517ea04fd7f5f99,2,0xb421a98ca7825ad2951eaf6516bea4a9f08ffbfd(1x);0xf666057b3200c2af14534217ded1b8275dca53eb(1x)
0.1,0xa455464708d0cd277a21c81b7e991c52bd190b41,2,0xb421a98ca7825ad2951eaf6516bea4a9f08ffbfd(1x);0xf666057b3200c2af14534217ded1b8275dca53eb(1x)
0.1,0xccf8af0fbe45dbb3e5a859911009a6b20bada218,2,0xb421a98ca7825ad2951eaf6516bea4a9f08ffbfd(1x);0xf666057b3200c2af14534217ded1b8275dca53eb(1x)
0.1,0x14eefac88902a570255b0dc984edbb277833605d,2,0xb421a98ca7825ad2951eaf6516bea4a9f08ffbfd(1x);0xf666057b3200c2af14534217ded1b8275dca53eb(1x)
0.1,0x107a3dbf3703daae6dfdd0e203dac52bb1b1df05,2,0xb421a98ca7825ad2951eaf6516bea4a9f08ffbfd(1x);0xf666057b3200c2af14534217ded1b8275dca53eb(1x)
0.1,0xfe60815cfe0200be6ad8d6bbfbe1a2eb1708f060,2,0xb421a98ca7825ad2951eaf6516bea4a9f08ffbfd(1x);0xf666057b3200c2af14534217ded1b8275dca53eb(1x)
0.1,0x725a166c59297239ea03cd27bcf0ac824918d9a5,2,0xb421a98ca7825ad2951eaf6516bea4a9f08ffbfd(1x);0xf666057b3200c2af14534217ded1b8275dca53eb(1x)
0.1,0xd9c56e42729979aa08216065174d14bdd9777ad8,2,0xb421a98ca7825ad2951eaf6516bea4a9f08ffbfd(3x);0xf666057b3200c2af14534217ded1b8275dca53eb(3x)
0.1,0x84401823c9e840cc685f2e85b63a23b1c170bdd1,2,0xb421a98ca7825ad2951eaf6516bea4a9f08ffbfd(1x);0xf666057b3200c2af14534217ded1b8275dca53eb(1x)
0.1,0x3e2eef380cb8975f54b7027c8c2b5671242a1a9c,2,0xb421a98ca7825ad2951eaf6516bea4a9f08ffbfd(1x);0xf666057b3200c2af14534217ded1b8275dca53eb(1x)
0.1,0x403aad4641ce3702921e7e683599e90fda01ed53,2,0xb421a98ca7825ad2951eaf6516bea4a9f08ffbfd(3x);0xf666057b3200c2af14534217ded1b8275dca53eb(3x)
0.1,0xfaea79e58bfca2847953ea0003ee4be8d5d13d44,2,0xb421a98ca7825ad2951eaf6516bea4a9f08ffbfd(3x);0xf666057b3200c2af14534217ded1b8275dca53eb(3x)
0.1,0xfda8f03f4616171280d310dce6e1f825a2064447,2,0xb421a98ca7825ad2951eaf6516bea4a9f08ffbfd(1x);0xf666057b3200c2af14534217ded1b8275dca53eb(1x)
0.1,0x0fa9ecf73b6875b548dd1d72a5d3c9e1390a121a,2,0xb421a98ca7825ad2951eaf6516bea4a9f08ffbfd(1x);0xf666057b3200c2af14534217ded1b8275dca53eb(1x)
0.1,0x309ea00af3c567088ad8bc01629b8752c283cfe1,2,0xb421a98ca7825ad2951eaf6516bea4a9f08ffbfd(1x);0xf666057b3200c2af14534217ded1b8275dca53eb(1x)
0.1,0x9b69848c38f40512ddf3e0e088a998be61c2d74c,2,0xb421a98ca7825ad2951eaf6516bea4a9f08ffbfd(1x);0xf666057b3200c2af14534217ded1b8275dca53eb(1x)
0.1,0x0fbbc0b77f6d16e153357de66a20f93e0afc989d,2,0xb421a98ca7825ad2951eaf6516bea4a9f08ffbfd(1x);0xf666057b3200c2af14534217ded1b8275dca53eb(1x)
0.1,0x63fca5495857e42a48dd5110377ee49f1282e83c,2,0xb421a98ca7825ad2951eaf6516bea4a9f08ffbfd(1x);0xf666057b3200c2af14534217ded1b8275dca53eb(1x)
0.1,0x3282ec110c0bca3b1e5fb2282406d62a68e7846f,2,0xb421a98ca7825ad2951eaf6516bea4a9f08ffbfd(2x);0xf666057b3200c2af14534217ded1b8275dca53eb(2x)
0.1,0x98862d000deddc8df0d8c53b5f1f1bb4a9198a12,2,0xb421a98ca7825ad2951eaf6516bea4a9f08ffbfd(1x);0xf666057b3200c2af14534217ded1b8275dca53eb(1x)
0.1,0xd06fc240e53b5b5f443780884f2d7ccb947db842,2,0xb421a98ca7825ad2951eaf6516bea4a9f08ffbfd(1x);0xf666057b3200c2af14534217ded1b8275dca53eb(1x)
0.1,0xb7618a78bad3f4e21fcbbc8d6c1b02486c251924,2,0xb421a98ca7825ad2951eaf6516bea4a9f08ffbfd(1x);0xf666057b3200c2af14534217ded1b8275dca53eb(1x)
0.1,0xa11e91e29437f822c791a4f340d762bb06a795d1,2,0xb421a98ca7825ad2951eaf6516bea4a9f08ffbfd(1x);0xf666057b3200c2af14534217ded1b8275dca53eb(1x)
0.1,0x9b3f174a113d4878bb299814f278d2995c89cbbc,2,0xb421a98ca7825ad2951eaf6516bea4a9f08ffbfd(1x);0xf666057b3200c2af14534217ded1b8275dca53eb(1x)
0.1,0xcbfcac3316b8a95ff8f1cd135f1b17c35a4b11ca,2,0xb421a98ca7825ad2951eaf6516bea4a9f08ffbfd(2x);0xf666057b3200c2af14534217ded1b8275dca53eb(2x)
0.1,0x553c1d01f0eacb2658427087d73abc1fa21a9b1c,2,0xb421a98ca7825ad2951eaf6516bea4a9f08ffbfd(2x);0xf666057b3200c2af14534217ded1b8275dca53eb(2x)
0.1,0xbfb000d45174c38f01315aaaccb79cde70c1f29b,2,0xb421a98ca7825ad2951eaf6516bea4a9f08ffbfd(1x);0xf666057b3200c2af14534217ded1b8275dca53eb(1x)
0.1,0xef1df44e122872d0fef75644afc63a5c35f97674,2,0xb421a98ca7825ad2951eaf6516bea4a9f08ffbfd(1x);0xf666057b3200c2af14534217ded1b8275dca53eb(1x)
0.1,0x1a90d11a8d9bd174e3af971656d1fa633f8f761c,2,0xb421a98ca7825ad2951eaf6516bea4a9f08ffbfd(1x);0xf666057b3200c2af14534217ded1b8275dca53eb(1x)
0.1,0xe6f6b26fad21c8b608195aefa8a14fa727d59ea7,2,0xb421a98ca7825ad2951eaf6516bea4a9f08ffbfd(1x);0xf666057b3200c2af14534217ded1b8275dca53eb(1x)
0.1,0xa976db29d49e0379c9c5e9e4c9b284b69b1a6504,2,0xb421a98ca7825ad2951eaf6516bea4a9f08ffbfd(1x);0xf666057b3200c2af14534217ded1b8275dca53eb(1x)
0.1,0x94016e4db03288b7fa865205638ea08e799bdeab,2,0xb421a98ca7825ad2951eaf6516bea4a9f08ffbfd(1x);0xf666057b3200c2af14534217ded1b8275dca53eb(1x)
0.1,0x4e6992461535c477489420bad5417697c0624705,2,0xb421a98ca7825ad2951eaf6516bea4a9f08ffbfd(1x);0xf666057b3200c2af14534217ded1b8275dca53eb(1x)
0.1,0xd256d33ca1f1fd5edf0a3640f2a229968b79c4b9,2,0xb421a98ca7825ad2951eaf6516bea4a9f08ffbfd(1x);0xf666057b3200c2af14534217ded1b8275dca53eb(1x)
0.1,0xbedf3e75060ad90d5bdcfa0ad18db7f25c0aa8a3,2,0xb421a98ca7825ad2951eaf6516bea4a9f08ffbfd(1x);0xf666057b3200c2af14534217ded1b8275dca53eb(1x)
0.1,0x9cedace5094ad74ae29de34e583c1f4877c622a3,2,0xb421a98ca7825ad2951eaf6516bea4a9f08ffbfd(2x);0xf666057b3200c2af14534217ded1b8275dca53eb(2x)
0.1,0x3546ae880f1f6ee790864b43f049d2478e42dc12,2,0xb421a98ca7825ad2951eaf6516bea4a9f08ffbfd(5x);0xf666057b3200c2af14534217ded1b8275dca53eb(5x)
0.1,0x5d2c49a45c6be9fff3cb72652acb61fe28975449,2,0xb421a98ca7825ad2951eaf6516bea4a9f08ffbfd(1x);0xf666057b3200c2af14534217ded1b8275dca53eb(1x)
0.1,0xf770131ec0d47bb48ddc13cafdd68d111c24bb99,2,0xb421a98ca7825ad2951eaf6516bea4a9f08ffbfd(2x);0xf666057b3200c2af14534217ded1b8275dca53eb(2x)
0.1,0xcfeb92853253de7caf6d245dd383d382a9a005f6,2,0xb421a98ca7825ad2951eaf6516bea4a9f08ffbfd(2x);0xf666057b3200c2af14534217ded1b8275dca53eb(2x)
0.1,0x9b580bc8a5b91ed667c3b7ddf346fc55467eeacf,2,0xb421a98ca7825ad2951eaf6516bea4a9f08ffbfd(2x);0xf666057b3200c2af14534217ded1b8275dca53eb(2x)
0.1,0xb9170cb5fe34ef0e0127ea13e4c165fcd98593dc,2,0xb421a98ca7825ad2951eaf6516bea4a9f08ffbfd(2x);0xf666057b3200c2af14534217ded1b8275dca53eb(2x)
0.1,0x9f21213d3a280857138212f6ce8592346e5c66d6,2,0xb421a98ca7825ad2951eaf6516bea4a9f08ffbfd(14x);0xf666057b3200c2af14534217ded1b8275dca53eb(14x)
0.1,0x5606712a1b792bf3484357a5bfafdbd43cdb711e,2,0xb421a98ca7825ad2951eaf6516bea4a9f08ffbfd(6x);0xf666057b3200c2af14534217ded1b8275dca53eb(6x)
0.1,0xc4d8713924642147fd691b67fc2dc49466ade691,2,0xb421a98ca7825ad2951eaf6516bea4a9f08ffbfd(6x);0xf666057b3200c2af14534217ded1b8275dca53eb(6x)
0.1,0x2d65dc726e113ce8a44055f79264505564be5b1b,2,0xb421a98ca7825ad2951eaf6516bea4a9f08ffbfd(1x);0xf666057b3200c2af14534217ded1b8275dca53eb(1x)
0.1,0xd0ca64d06babb38100fc550d329fde34058dc5ec,2,0xb421a98ca7825ad2951eaf6516bea4a9f08ffbfd(4x);0xf666057b3200c2af14534217ded1b8275dca53eb(4x)
0.1,0x9ac043e67f041813ed1872a5d429def4698cbba9,2,0xb421a98ca7825ad2951eaf6516bea4a9f08ffbfd(1x);0xf666057b3200c2af14534217ded1b8275dca53eb(1x)
0.1,0x738e28ca4877eb5e27df9ab037b328ec9789300d,2,0xb421a98ca7825ad2951eaf6516bea4a9f08ffbfd(1x);0xf666057b3200c2af14534217ded1b8275dca53eb(1x)
0.1,0x81226e2af34bc84aca82fa78ca693176365efc35,2,0xb421a98ca7825ad2951eaf6516bea4a9f08ffbfd(5x);0xf666057b3200c2af14534217ded1b8275dca53eb(5x)
0.1,0x246629f45fa19642b686b03a24f37f11c06ba89a,2,0xb421a98ca7825ad2951eaf6516bea4a9f08ffbfd(1x);0xf666057b3200c2af14534217ded1b8275dca53eb(1x)
0.1,0xd406eb6a28fa587a816fa6d03133ad3d6241a975,2,0xb421a98ca7825ad2951eaf6516bea4a9f08ffbfd(2x);0xf666057b3200c2af14534217ded1b8275dca53eb(2x)
0.1,0x545acf7c163ee9fd28dea752ae246557df6944d1,2,0xb421a98ca7825ad2951eaf6516bea4a9f08ffbfd(1x);0xf666057b3200c2af14534217ded1b8275dca53eb(1x)
0.1,0x4d44d186e293dc94218e8a7fda1a1736b4e55087,2,0xb421a98ca7825ad2951eaf6516bea4a9f08ffbfd(5x);0xf666057b3200c2af14534217ded1b8275dca53eb(5x)
0.1,0xe9146efc4687953dcab2ea058836cb95a762a5f8,2,0xb421a98ca7825ad2951eaf6516bea4a9f08ffbfd(1x);0xf666057b3200c2af14534217ded1b8275dca53eb(1x)
0.1,0x1167df8a0e968e46cd53c60f6fdcf8f286e63d98,2,0xb421a98ca7825ad2951eaf6516bea4a9f08ffbfd(1x);0xf666057b3200c2af14534217ded1b8275dca53eb(1x)
0.1,0xb40db07c803d32438b5aeab789dca258f88cd8a9,2,0xb421a98ca7825ad2951eaf6516bea4a9f08ffbfd(2x);0xf666057b3200c2af14534217ded1b8275dca53eb(2x)
0.1,0x04abb516deb2c4be55059842e830ef9726f073e7,2,0xb421a98ca7825ad2951eaf6516bea4a9f08ffbfd(5x);0xf666057b3200c2af14534217ded1b8275dca53eb(5x)
0.1,0xa32647d612f1cf3fa857becf0d656dea63fc4763,2,0xb421a98ca7825ad2951eaf6516bea4a9f08ffbfd(8x);0xf666057b3200c2af14534217ded1b8275dca53eb(8x)
0.1,0x5b3422af9ea50ee882676bb2de4a77bf84bb922b,2,0xb421a98ca7825ad2951eaf6516bea4a9f08ffbfd(3x);0xf666057b3200c2af14534217ded1b8275dca53eb(3x)
0.1,0xc4bcd2b206822b9df6abd1c96059ef727ce608ec,2,0xb421a98ca7825ad2951eaf6516bea4a9f08ffbfd(7x);0xf666057b3200c2af14534217ded1b8275dca53eb(7x)
0.1,0x8271ee7b190683470df47606cf912bff1a9c92d1,2,0xb421a98ca7825ad2951eaf6516bea4a9f08ffbfd(1x);0xf666057b3200c2af14534217ded1b8275dca53eb(1x)
0.1,0xf4c9bcff0a21613596b38ad0ee8cf5198835bb96,2,0xb421a98ca7825ad2951eaf6516bea4a9f08ffbfd(6x);0xf666057b3200c2af14534217ded1b8275dca53eb(6x)
0.1,0xb187a3b50a6641ed5dcc35137de8ca04141a902e,2,0xb421a98ca7825ad2951eaf6516bea4a9f08ffbfd(1x);0xf666057b3200c2af14534217ded1b8275dca53eb(1x)
0.1,0x40eb7c1736f507b71a529fa5ba9078bb765e2194,2,0xb421a98ca7825ad2951eaf6516bea4a9f08ffbfd(1x);0xf666057b3200c2af14534217ded1b8275dca53eb(1x)
0.1,0x7c7b3ba6a30b969092d969b9bf41619bed4fa9e7,2,0xb421a98ca7825ad2951eaf6516bea4a9f08ffbfd(1x);0xf666057b3200c2af14534217ded1b8275dca53eb(1x)
0.1,0xeb397886fc0f9abff0380db939ff168e8bcbc53e,2,0xb421a98ca7825ad2951eaf6516bea4a9f08ffbfd(1x);0xf666057b3200c2af14534217ded1b8275dca53eb(1x)
0.1,0x528a77189685f690840571d747b0e882a0c437a4,2,0xb421a98ca7825ad2951eaf6516bea4a9f08ffbfd(1x);0xf666057b3200c2af14534217ded1b8275dca53eb(1x)
0.1,0xec58c330afbf058886163a2ae736a5e4e67bd40d,2,0xb421a98ca7825ad2951eaf6516bea4a9f08ffbfd(1x);0xf666057b3200c2af14534217ded1b8275dca53eb(1x)
0.1,0x901004693e5cfd1f4dccf00910320f97b37d13d7,2,0xb421a98ca7825ad2951eaf6516bea4a9f08ffbfd(2x);0xf666057b3200c2af14534217ded1b8275dca53eb(2x)
0.1,0xf551d11fe7d5d8a2970097414178699516fc8b3f,2,0xb421a98ca7825ad2951eaf6516bea4a9f08ffbfd(1x);0xf666057b3200c2af14534217ded1b8275dca53eb(1x)
0.1,0xbcb927c94e9a721769a7ec0e51abd21feb1682f3,2,0xb421a98ca7825ad2951eaf6516bea4a9f08ffbfd(1x);0xf666057b3200c2af14534217ded1b8275dca53eb(1x)
0.1,0x734f7421860d3c25b8c6fa87d87a9c75770d0876,2,0xb421a98ca7825ad2951eaf6516bea4a9f08ffbfd(8x);0xf666057b3200c2af14534217ded1b8275dca53eb(8x)
0.1,0xac0dd8e228658dc3399fd886ccc4883eb627a0c0,2,0xb421a98ca7825ad2951eaf6516bea4a9f08ffbfd(4x);0xf666057b3200c2af14534217ded1b8275dca53eb(4x)
0.1,0x35f82803ef69943a458df95979d6693daa3c0726,2,0xb421a98ca7825ad2951eaf6516bea4a9f08ffbfd(1x);0xf666057b3200c2af14534217ded1b8275dca53eb(1x)
0.1,0x5020ed6aaa0fa4b4071040623d3af1353802446e,2,0xb421a98ca7825ad2951eaf6516bea4a9f08ffbfd(1x);0xf666057b3200c2af14534217ded1b8275dca53eb(1x)
0.1,0x54ced65708dc4b46d0e2c54f31f66557719c1a4e,2,0xb421a98ca7825ad2951eaf6516bea4a9f08ffbfd(1x);0xf666057b3200c2af14534217ded1b8275dca53eb(1x)
0.1,0xdefac9ba567d266175f1927348d8346e4cf89b53,2,0xb421a98ca7825ad2951eaf6516bea4a9f08ffbfd(1x);0xf666057b3200c2af14534217ded1b8275dca53eb(1x)
0.1,0x5a1ad118c517ef129b09b2e59476c41f4cc7097e,2,0xb421a98ca7825ad2951eaf6516bea4a9f08ffbfd(1x);0xf666057b3200c2af14534217ded1b8275dca53eb(1x)
0.1,0xf2f4fe787be8fc7567487534efe1db1277d471e7,2,0xb421a98ca7825ad2951eaf6516bea4a9f08ffbfd(2x);0xf666057b3200c2af14534217ded1b8275dca53eb(2x)
0.1,0x07254f4857d727b770a0ae47e323d8e00a2ba471,2,0xb421a98ca7825ad2951eaf6516bea4a9f08ffbfd(1x);0xf666057b3200c2af14534217ded1b8275dca53eb(1x)
0.1,0x181778e2565771c6976cf8cdc407aa75752626cc,2,0xb421a98ca7825ad2951eaf6516bea4a9f08ffbfd(1x);0xf666057b3200c2af14534217ded1b8275dca53eb(1x)
0.1,0xc4dfada19969f2f5810d56461fa6ab9ac67e727f,2,0xb421a98ca7825ad2951eaf6516bea4a9f08ffbfd(1x);0xf666057b3200c2af14534217ded1b8275dca53eb(1x)
0.1,0x39315ad28364d2a8644887b03c61163a4eedf47c,2,0xb421a98ca7825ad2951eaf6516bea4a9f08ffbfd(1x);0xf666057b3200c2af14534217ded1b8275dca53eb(1x)
0.1,0xcb7ddc5caafca379bbd815d65430460f1d08ddd7,2,0xb421a98ca7825ad2951eaf6516bea4a9f08ffbfd(1x);0xf666057b3200c2af14534217ded1b8275dca53eb(1x)
0.1,0x2c08950dd1ac17379aa25a300327ea1fa3d29654,2,0xb421a98ca7825ad2951eaf6516bea4a9f08ffbfd(1x);0xf666057b3200c2af14534217ded1b8275dca53eb(1x)
0.1,0xe4defe70cca58e38fe24058d8f1b95b0e6e83b6f,2,0xb421a98ca7825ad2951eaf6516bea4a9f08ffbfd(1x);0xf666057b3200c2af14534217ded1b8275dca53eb(1x)
0.1,0xc81f8e38a7cb451027790ce78ddb0da812599f15,2,0xb421a98ca7825ad2951eaf6516bea4a9f08ffbfd(1x);0xf666057b3200c2af14534217ded1b8275dca53eb(1x)
0.1,0x6ab6ca2ca04f7a6275b067af2482f12bdd91514e,2,0xb421a98ca7825ad2951eaf6516bea4a9f08ffbfd(1x);0xf666057b3200c2af14534217ded1b8275dca53eb(1x)
0.1,0xdea0bed850f07c5bb4068ac38438707f1309c189,2,0xb421a98ca7825ad2951eaf6516bea4a9f08ffbfd(1x);0xf666057b3200c2af14534217ded1b8275dca53eb(1x)
0.1,0x8cda029433b18d53d311ad21112e869fdbc50dc5,2,0xb421a98ca7825ad2951eaf6516bea4a9f08ffbfd(1x);0xf666057b3200c2af14534217ded1b8275dca53eb(1x)
0.1,0xaae0e89de29d2b80e8afb764494b0dccc4f87963,2,0xb421a98ca7825ad2951eaf6516bea4a9f08ffbfd(8x);0xf666057b3200c2af14534217ded1b8275dca53eb(8x)
0.1,0xe21ddd2a0e57b710ee82d1ca63f5c438c589b874,2,0xb421a98ca7825ad2951eaf6516bea4a9f08ffbfd(2x);0xf666057b3200c2af14534217ded1b8275dca53eb(2x)
0.1,0xf0ac19abb9384d3916996fa509315bd96f37a387,2,0xb421a98ca7825ad2951eaf6516bea4a9f08ffbfd(1x);0xf666057b3200c2af14534217ded1b8275dca53eb(1x)
0.1,0x345cd6cf08ccf5e6410a172b0eb86ff26cade72e,2,0xb421a98ca7825ad2951eaf6516bea4a9f08ffbfd(4x);0xf666057b3200c2af14534217ded1b8275dca53eb(4x)
0.1,0x1b88c68b6a9f87c303b851cab043602040337f96,2,0xb421a98ca7825ad2951eaf6516bea4a9f08ffbfd(1x);0xf666057b3200c2af14534217ded1b8275dca53eb(1x)
0.1,0xbed0a810cf512dbb535b291ca6bf06bcb965cc84,2,0xb421a98ca7825ad2951eaf6516bea4a9f08ffbfd(1x);0xf666057b3200c2af14534217ded1b8275dca53eb(1x)
0.1,0xccb472fc7aef90b7c53e50eb21ad631c183f3f74,2,0xb421a98ca7825ad2951eaf6516bea4a9f08ffbfd(1x);0xf666057b3200c2af14534217ded1b8275dca53eb(1x)
0.1,0x0b6c558a55968c58da85d148a6922c76364446ef,2,0xb421a98ca7825ad2951eaf6516bea4a9f08ffbfd(1x);0xf666057b3200c2af14534217ded1b8275dca53eb(1x)
0.1,0x14352b72ea41b81867f294705b22a87b44a8a926,2,0xb421a98ca7825ad2951eaf6516bea4a9f08ffbfd(1x);0xf666057b3200c2af14534217ded1b8275dca53eb(1x)
0.1,0x76b4b8db9f8f2cd32d7045684c7ad3b70cb6eb98,2,0xb421a98ca7825ad2951eaf6516bea4a9f08ffbfd(1x);0xf666057b3200c2af14534217ded1b8275dca53eb(1x)
0.1,0xf0bd825bc499c3b61f8710d7c9c430f45c02ec87,2,0xb421a98ca7825ad2951eaf6516bea4a9f08ffbfd(1x);0xf666057b3200c2af14534217ded1b8275dca53eb(1x)
0.1,0xc9ab891c758dee4c66783123bb8bae20420cb6a6,2,0xb421a98ca7825ad2951eaf6516bea4a9f08ffbfd(1x);0xf666057b3200c2af14534217ded1b8275dca53eb(1x)
0.1,0x07cb9ed7a5f7a5b15eb6e09ff31270a0748fe334,2,0xb421a98ca7825ad2951eaf6516bea4a9f08ffbfd(1x);0xf666057b3200c2af14534217ded1b8275dca53eb(1x)
0.1,0xcc0e0242037e34f19541e2fb1fc0e5fe70340005,2,0xb421a98ca7825ad2951eaf6516bea4a9f08ffbfd(1x);0xf666057b3200c2af14534217ded1b8275dca53eb(1x)
0.1,0x5058daa4c0bfd2fc1d6d584fd658b0d76acec69b,2,0xb421a98ca7825ad2951eaf6516bea4a9f08ffbfd(1x);0xf666057b3200c2af14534217ded1b8275dca53eb(1x)
0.1,0x91a01befc092b517d736bd9b6fa30bec43f9938c,2,0xb421a98ca7825ad2951eaf6516bea4a9f08ffbfd(1x);0xf666057b3200c2af14534217ded1b8275dca53eb(1x)
0.1,0xd599a7b8e1261b55885ead3acdbfff13ce31db0a,2,0xb421a98ca7825ad2951eaf6516bea4a9f08ffbfd(1x);0xf666057b3200c2af14534217ded1b8275dca53eb(1x)
0.1,0xda63e8088c7eefb4a95d079eaac6e5d6ac25fa0e,2,0xb421a98ca7825ad2951eaf6516bea4a9f08ffbfd(1x);0xf666057b3200c2af14534217ded1b8275dca53eb(1x)
0.1,0xfda237727ab051bebc04a933acc7684b2e07747f,2,0xb421a98ca7825ad2951eaf6516bea4a9f08ffbfd(1x);0xf666057b3200c2af14534217ded1b8275dca53eb(1x)
0.1,0xc8d413b2fcc2ba49acfa77ae7c2eb73bc26c9b22,2,0xb421a98ca7825ad2951eaf6516bea4a9f08ffbfd(1x);0xf666057b3200c2af14534217ded1b8275dca53eb(1x)
0.1,0xd80ace03c283167498a8bf3faaf6d3b28506d1fe,2,0xb421a98ca7825ad2951eaf6516bea4a9f08ffbfd(1x);0xf666057b3200c2af14534217ded1b8275dca53eb(1x)
0.1,0xc3339d81e41b33646b61b8ab1016d1efedf85c30,2,0xb421a98ca7825ad2951eaf6516bea4a9f08ffbfd(1x);0xf666057b3200c2af14534217ded1b8275dca53eb(1x)
0.1,0xe309115309c651a23a9e93b1038e0db106d8db63,2,0xb421a98ca7825ad2951eaf6516bea4a9f08ffbfd(1x);0xf666057b3200c2af14534217ded1b8275dca53eb(1x)
0.1,0x7d2d520fd0cbba962ac067c0262f245519a7baa9,2,0xb421a98ca7825ad2951eaf6516bea4a9f08ffbfd(1x);0xf666057b3200c2af14534217ded1b8275dca53eb(1x)
0.1,0x0640daf08757cf9d8f23cee7104c12d66387be0a,2,0xb421a98ca7825ad2951eaf6516bea4a9f08ffbfd(2x);0xf666057b3200c2af14534217ded1b8275dca53eb(2x)
0.1,0x00cab815a2f2e5aaf584ead509f2717d038ee84d,2,0xb421a98ca7825ad2951eaf6516bea4a9f08ffbfd(3x);0xf666057b3200c2af14534217ded1b8275dca53eb(3x)
0.1,0x70c23c2e1f81a85c0178976b8cb3229847664251,2,0xb421a98ca7825ad2951eaf6516bea4a9f08ffbfd(1x);0xf666057b3200c2af14534217ded1b8275dca53eb(1x)
0.1,0x7486c553e42c4180f873f65717c546af950d6721,2,0xb421a98ca7825ad2951eaf6516bea4a9f08ffbfd(1x);0xf666057b3200c2af14534217ded1b8275dca53eb(1x)
0.1,0xdc230ea44513de2c1df6f5c9ea404cd2d20dfe90,2,0xb421a98ca7825ad2951eaf6516bea4a9f08ffbfd(1x);0xf666057b3200c2af14534217ded1b8275dca53eb(1x)
0.1,0xf0eb345881a89548882ce59c13df8a10c5df18c7,2,0xb421a98ca7825ad2951eaf6516bea4a9f08ffbfd(1x);0xf666057b3200c2af14534217ded1b8275dca53eb(1x)
0.1,0x2add0f08f5f396f2c1d75acb2e5627f008d0fe45,2,0xb421a98ca7825ad2951eaf6516bea4a9f08ffbfd(1x);0xf666057b3200c2af14534217ded1b8275dca53eb(1x)
0.1,0xb764a37e973a76de1fe85615dd3416a5fc519c9f,2,0xb421a98ca7825ad2951eaf6516bea4a9f08ffbfd(1x);0xf666057b3200c2af14534217ded1b8275dca53eb(1x)
0.1,0x1597c73789e0fb857cb55b1e44348cc7fe50f790,2,0xb421a98ca7825ad2951eaf6516bea4a9f08ffbfd(14x);0xf666057b3200c2af14534217ded1b8275dca53eb(14x)
0.1,0xa1b074e388f17385c2c97c3fc84a727e292ac870,2,0xb421a98ca7825ad2951eaf6516bea4a9f08ffbfd(1x);0xf666057b3200c2af14534217ded1b8275dca53eb(1x)
0.1,0x8b8727da1f378a73d7f0b7509b2edc6c336e6595,2,0xb421a98ca7825ad2951eaf6516bea4a9f08ffbfd(1x);0xf666057b3200c2af14534217ded1b8275dca53eb(1x)
0.1,0x93bdeee7bfe5996bc62bf2a22e52e8af180e8a61,2,0xb421a98ca7825ad2951eaf6516bea4a9f08ffbfd(1x);0xf666057b3200c2af14534217ded1b8275dca53eb(1x)
0.1,0x83479bc999b31cb00b842d009ce5d6a8012f1786,2,0xb421a98ca7825ad2951eaf6516bea4a9f08ffbfd(1x);0xf666057b3200c2af14534217ded1b8275dca53eb(1x)
0.1,0xdbeb59db8bee10b344f9a37a261391f58287fb57,2,0xb421a98ca7825ad2951eaf6516bea4a9f08ffbfd(1x);0xf666057b3200c2af14534217ded1b8275dca53eb(1x)
0.1,0xfce5ba359f3bdbc60939c1c02f57f81540c96d27,2,0xb421a98ca7825ad2951eaf6516bea4a9f08ffbfd(1x);0xf666057b3200c2af14534217ded1b8275dca53eb(1x)
0.1,0xe52c31e808f9a3c76e4f08b39f8e1856dbd8967d,2,0xb421a98ca7825ad2951eaf6516bea4a9f08ffbfd(1x);0xf666057b3200c2af14534217ded1b8275dca53eb(1x)
0.1,0xda4bdd66e2a4538ae2a622b5fac24594c33517fa,2,0xb421a98ca7825ad2951eaf6516bea4a9f08ffbfd(1x);0xf666057b3200c2af14534217ded1b8275dca53eb(1x)
0.1,0x32ed0dd0537de11920bc78043185b55843bf1dd1,2,0xb421a98ca7825ad2951eaf6516bea4a9f08ffbfd(1x);0xf666057b3200c2af14534217ded1b8275dca53eb(1x)
0.1,0xaf453fe3e15ca54ae50dd8ec9ad258cf827f5449,2,0xb421a98ca7825ad2951eaf6516bea4a9f08ffbfd(1x);0xf666057b3200c2af14534217ded1b8275dca53eb(1x)
0.1,0xc210655dae6ac38e07b581e0b616ca59a6a37993,2,0xb421a98ca7825ad2951eaf6516bea4a9f08ffbfd(3x);0xf666057b3200c2af14534217ded1b8275dca53eb(3x)
0.1,0x79b77662361fc9c439302b2ac12300c717d68429,2,0xb421a98ca7825ad2951eaf6516bea4a9f08ffbfd(1x);0xf666057b3200c2af14534217ded1b8275dca53eb(1x)
0.1,0x65b5433edc9a52fe79bfe7c7a25d8a9557ae8eb9,2,0xb421a98ca7825ad2951eaf6516bea4a9f08ffbfd(1x);0xf666057b3200c2af14534217ded1b8275dca53eb(1x)
0.1,0xccdf2d91c8dc29c17ed658f6e7153c90b067a9d2,2,0xb421a98ca7825ad2951eaf6516bea4a9f08ffbfd(1x);0xf666057b3200c2af14534217ded1b8275dca53eb(1x)
0.1,0x6e9f9ffac70896bf351774a7fc3397249d334d4c,2,0xb421a98ca7825ad2951eaf6516bea4a9f08ffbfd(1x);0xf666057b3200c2af14534217ded1b8275dca53eb(1x)
0.1,0xa41ad3304d5921ccd5262a95199476f63fcf5fd9,2,0xb421a98ca7825ad2951eaf6516bea4a9f08ffbfd(1x);0xf666057b3200c2af14534217ded1b8275dca53eb(1x)
0.1,0x7d8de1305cc4060184086870401ea6f998150055,2,0xb421a98ca7825ad2951eaf6516bea4a9f08ffbfd(1x);0xf666057b3200c2af14534217ded1b8275dca53eb(1x)
0.1,0x1ed43e87293acff7fb0f6309ef8b4ac347461a3d,2,0xb421a98ca7825ad2951eaf6516bea4a9f08ffbfd(1x);0xf666057b3200c2af14534217ded1b8275dca53eb(1x)
0.1,0x50faf91e495194ed112ae0edd92ad8f288eccd32,2,0xb421a98ca7825ad2951eaf6516bea4a9f08ffbfd(1x);0xf666057b3200c2af14534217ded1b8275dca53eb(1x)
0.1,0x772b3764babeb69d9869f54cc0a976fa38f5cb6d,2,0xb421a98ca7825ad2951eaf6516bea4a9f08ffbfd(1x);0xf666057b3200c2af14534217ded1b8275dca53eb(1x)
0.1,0xf993199af998ff981465a6e1967629ae56342208,2,0xb421a98ca7825ad2951eaf6516bea4a9f08ffbfd(1x);0xf666057b3200c2af14534217ded1b8275dca53eb(1x)
0.1,0xae370f0ffc2501bb536f92c5a587fd17d761b14c,2,0xb421a98ca7825ad2951eaf6516bea4a9f08ffbfd(2x);0xf666057b3200c2af14534217ded1b8275dca53eb(2x)
0.1,0xa786937b397837712ec0d2763ce72da6fe733911,2,0xb421a98ca7825ad2951eaf6516bea4a9f08ffbfd(1x);0xf666057b3200c2af14534217ded1b8275dca53eb(1x)
0.1,0x7805aaaa6cc3a4bfbfe75f22cc84ead586d54648,2,0xb421a98ca7825ad2951eaf6516bea4a9f08ffbfd(1x);0xf666057b3200c2af14534217ded1b8275dca53eb(1x)
0.1,0xc374fa75289e729f90451a71affd7bba3a8b1f37,2,0xb421a98ca7825ad2951eaf6516bea4a9f08ffbfd(5x);0xf666057b3200c2af14534217ded1b8275dca53eb(5x)
0.1,0x8afe368a6aa8557e5722f63acf92ea203e75c73c,2,0xb421a98ca7825ad2951eaf6516bea4a9f08ffbfd(1x);0xf666057b3200c2af14534217ded1b8275dca53eb(1x)
0.1,0x4b26d2685082e4e1abb19d8f62908345aa1bf196,2,0xb421a98ca7825ad2951eaf6516bea4a9f08ffbfd(1x);0xf666057b3200c2af14534217ded1b8275dca53eb(1x)
0.1,0x9b58e1ea288bb7b3e4281fcae8f6587998762662,2,0xb421a98ca7825ad2951eaf6516bea4a9f08ffbfd(1x);0xf666057b3200c2af14534217ded1b8275dca53eb(1x)
0.1,0xf35295b200a8ba4e23dca8fb63560abda482a408,2,0xb421a98ca7825ad2951eaf6516bea4a9f08ffbfd(1x);0xf666057b3200c2af14534217ded1b8275dca53eb(1x)
0.1,0x847dccd7c152c14a1391f6eed494b84546c06040,2,0xb421a98ca7825ad2951eaf6516bea4a9f08ffbfd(1x);0xf666057b3200c2af14534217ded1b8275dca53eb(1x)
0.1,0x18dd3a1b797c56e3b3ad0e7940ebe0191ec95a03,2,0xb421a98ca7825ad2951eaf6516bea4a9f08ffbfd(1x);0xf666057b3200c2af14534217ded1b8275dca53eb(1x)
0.1,0xccc7c985c0c3885fc1c2fc711fcaabc732f15c50,2,0xb421a98ca7825ad2951eaf6516bea4a9f08ffbfd(1x);0xf666057b3200c2af14534217ded1b8275dca53eb(1x)
0.1,0x1fd15b030f83d9ee38e0d7f7105c5de02f589360,2,0xb421a98ca7825ad2951eaf6516bea4a9f08ffbfd(2x);0xf666057b3200c2af14534217ded1b8275dca53eb(2x)
0.1,0xbb9043adba212a67cda3dedba12c2e0c92ec052f,2,0xb421a98ca7825ad2951eaf6516bea4a9f08ffbfd(1x);0xf666057b3200c2af14534217ded1b8275dca53eb(1x)
0.1,0xa2fea024e477f0999af53db56fc40fe355ff895b,2,0xb421a98ca7825ad2951eaf6516bea4a9f08ffbfd(1x);0xf666057b3200c2af14534217ded1b8275dca53eb(1x)
0.1,0xc491823a0dcd58a04281b93ffe3f63f6fced10c6,2,0xb421a98ca7825ad2951eaf6516bea4a9f08ffbfd(1x);0xf666057b3200c2af14534217ded1b8275dca53eb(1x)
0.1,0xe5dca0195a701dbd31f7cb2d0a31107d98121de0,2,0xb421a98ca7825ad2951eaf6516bea4a9f08ffbfd(1x);0xf666057b3200c2af14534217ded1b8275dca53eb(1x)
0.1,0xec43d5b41953828a4616a480fafdbe382b52f7ef,2,0xb421a98ca7825ad2951eaf6516bea4a9f08ffbfd(1x);0xf666057b3200c2af14534217ded1b8275dca53eb(1x)
0.1,0x553cb592acbf897c3661b6140bd8fd227b9180c4,2,0xb421a98ca7825ad2951eaf6516bea4a9f08ffbfd(1x);0xf666057b3200c2af14534217ded1b8275dca53eb(1x)
0.1,0xe1aa64f7c1f87e0f94baeb6402aab1f0ef007239,2,0xb421a98ca7825ad2951eaf6516bea4a9f08ffbfd(2x);0xf666057b3200c2af14534217ded1b8275dca53eb(2x)
0.1,0xfc87ad769c70760bbe2c1c8683569620f45a7004,2,0xb421a98ca7825ad2951eaf6516bea4a9f08ffbfd(1x);0xf666057b3200c2af14534217ded1b8275dca53eb(1x)
0.1,0x36bd86c00d4d202d359977e91f64304d7247d976,2,0xb421a98ca7825ad2951eaf6516bea4a9f08ffbfd(1x);0xf666057b3200c2af14534217ded1b8275dca53eb(1x)
0.1,0x4b040adf1c79f7b8d205aa8c2872ec682f51c6b4,2,0xb421a98ca7825ad2951eaf6516bea4a9f08ffbfd(1x);0xf666057b3200c2af14534217ded1b8275dca53eb(1x)
0.1,0xa5b66fed427c0a77318ef11445a5c2cbcade555e,2,0xb421a98ca7825ad2951eaf6516bea4a9f08ffbfd(1x);0xf666057b3200c2af14534217ded1b8275dca53eb(1x)
0.1,0xb8bc33d7f36ec0307c2c2499d7e23276aa93502a,2,0xb421a98ca7825ad2951eaf6516bea4a9f08ffbfd(1x);0xf666057b3200c2af14534217ded1b8275dca53eb(1x)
0.1,0x7d74d5c2863338b67da797237d1e3bd5f2a17a58,2,0xb421a98ca7825ad2951eaf6516bea4a9f08ffbfd(1x);0xf666057b3200c2af14534217ded1b8275dca53eb(1x)
0.1,0x2358605a1447cae5f970ccaa7350904f49da718d,2,0xb421a98ca7825ad2951eaf6516bea4a9f08ffbfd(1x);0xf666057b3200c2af14534217ded1b8275dca53eb(1x)
0.1,0xa892343bf03b2f4735e8eed317ed421f68fef300,2,0xb421a98ca7825ad2951eaf6516bea4a9f08ffbfd(1x);0xf666057b3200c2af14534217ded1b8275dca53eb(1x)
0.1,0x4711ed80a64ebbd7cc14439d3cbfb427e5428075,2,0xb421a98ca7825ad2951eaf6516bea4a9f08ffbfd(1x);0xf666057b3200c2af14534217ded1b8275dca53eb(1x)
0.1,0xdd235214331fc23dd7050d968e535727a5149de5,2,0xb421a98ca7825ad2951eaf6516bea4a9f08ffbfd(1x);0xf666057b3200c2af14534217ded1b8275dca53eb(1x)
0.1,0x1b66bbd40385e1aa0cde0ac6ad78759a9cea8b9b,2,0xb421a98ca7825ad2951eaf6516bea4a9f08ffbfd(1x);0xf666057b3200c2af14534217ded1b8275dca53eb(1x)
0.1,0x5c65cfb46cdcbaa4367ac09fd38253fc30580652,2,0xb421a98ca7825ad2951eaf6516bea4a9f08ffbfd(1x);0xf666057b3200c2af14534217ded1b8275dca53eb(1x)
0.1,0x914bc6d9ba8f4778bbd966861c5640ebb381bfc9,2,0xb421a98ca7825ad2951eaf6516bea4a9f08ffbfd(1x);0xf666057b3200c2af14534217ded1b8275dca53eb(1x)
0.1,0x2028de1038ad91b85d44707d94da1df1c7974ac9,2,0xb421a98ca7825ad2951eaf6516bea4a9f08ffbfd(1x);0xf666057b3200c2af14534217ded1b8275dca53eb(1x)
0.1,0xdf214bd0a4b068df3824d3b2076aac7d5a2c61e0,2,0xb421a98ca7825ad2951eaf6516bea4a9f08ffbfd(1x);0xf666057b3200c2af14534217ded1b8275dca53eb(1x)
0.1,0x66546c2f5e21502af05b0857e7842070d1b9222f,2,0xb421a98ca7825ad2951eaf6516bea4a9f08ffbfd(1x);0xf666057b3200c2af14534217ded1b8275dca53eb(1x)
0.1,0xadaef25791079b9b6fd053012b11c3d6b4f7777e,2,0xb421a98ca7825ad2951eaf6516bea4a9f08ffbfd(1x);0xf666057b3200c2af14534217ded1b8275dca53eb(1x)
0.1,0xa1f04d678aa9ca163e208d94de90a401c26d3701,2,0xb421a98ca7825ad2951eaf6516bea4a9f08ffbfd(1x);0xf666057b3200c2af14534217ded1b8275dca53eb(1x)
0.1,0x05056a911c510843600634e3958d0f82c9e42fd8,2,0xb421a98ca7825ad2951eaf6516bea4a9f08ffbfd(1x);0xf666057b3200c2af14534217ded1b8275dca53eb(1x)
0.1,0x03a1331fac155262c0be2a6ae1127b2e508357ad,2,0xb421a98ca7825ad2951eaf6516bea4a9f08ffbfd(1x);0xf666057b3200c2af14534217ded1b8275dca53eb(1x)
0.1,0x40906b7660ba06532ec0d6ef05a0ddcc9d67cfaf,2,0xb421a98ca7825ad2951eaf6516bea4a9f08ffbfd(1x);0xf666057b3200c2af14534217ded1b8275dca53eb(1x)
0.1,0x8319ab81b7db7b77f26ce1b14e0307a763e272cb,2,0xb421a98ca7825ad2951eaf6516bea4a9f08ffbfd(1x);0xf666057b3200c2af14534217ded1b8275dca53eb(1x)
0.1,0x6cce22fdba8be8cf79fc3a0ed781151ca9a96166,2,0xb421a98ca7825ad2951eaf6516bea4a9f08ffbfd(1x);0xf666057b3200c2af14534217ded1b8275dca53eb(1x)
0.1,0xc503c1a9e143d3775226b4674140b2729e7980f9,2,0xb421a98ca7825ad2951eaf6516bea4a9f08ffbfd(1x);0xf666057b3200c2af14534217ded1b8275dca53eb(1x)
0.1,0x0ea537740f5c5f33a311c20952cc4bc1b568f19e,2,0xb421a98ca7825ad2951eaf6516bea4a9f08ffbfd(1x);0xf666057b3200c2af14534217ded1b8275dca53eb(1x)
0.1,0x04ca4b4825c10766887d8c47b3de07ded6b27376,2,0xb421a98ca7825ad2951eaf6516bea4a9f08ffbfd(1x);0xf666057b3200c2af14534217ded1b8275dca53eb(1x)
0.1,0x069d98bb89e917b0015cf34af79544dbacaef42f,2,0xb421a98ca7825ad2951eaf6516bea4a9f08ffbfd(1x);0xf666057b3200c2af14534217ded1b8275dca53eb(1x)
0.1,0xe09cfeb319c6c932e78dc3b22c53b02f3e8f3a6f,2,0xb421a98ca7825ad2951eaf6516bea4a9f08ffbfd(1x);0xf666057b3200c2af14534217ded1b8275dca53eb(1x)
0.1,0xb1bca53eeda3deb45bf5364922736a45fb338c3f,2,0xb421a98ca7825ad2951eaf6516bea4a9f08ffbfd(1x);0xf666057b3200c2af14534217ded1b8275dca53eb(1x)
0.1,0xf0bfb33ea3b773df8dbfa909a47d273e54fffd7c,2,0xb421a98ca7825ad2951eaf6516bea4a9f08ffbfd(1x);0xf666057b3200c2af14534217ded1b8275dca53eb(1x)
0.1,0x06fa3f5523cdc298864ea17f9987716a2713bae1,2,0xb421a98ca7825ad2951eaf6516bea4a9f08ffbfd(1x);0xf666057b3200c2af14534217ded1b8275dca53eb(1x)
0.1,0xc4482ca63e816f47648c09fcee128b2cef1c3537,2,0xb421a98ca7825ad2951eaf6516bea4a9f08ffbfd(1x);0xf666057b3200c2af14534217ded1b8275dca53eb(1x)
0.1,0xdc26763f34db5cdafaf007025454b67fb4963c96,2,0xb421a98ca7825ad2951eaf6516bea4a9f08ffbfd(1x);0xf666057b3200c2af14534217ded1b8275dca53eb(1x)
0.1,0x888df87251282dedce470f429f8eadae73c1cd87,2,0xb421a98ca7825ad2951eaf6516bea4a9f08ffbfd(1x);0xf666057b3200c2af14534217ded1b8275dca53eb(1x)
0.1,0xef022e84d2f398ca08e2d8f686348ad2fcadbdb1,2,0xb421a98ca7825ad2951eaf6516bea4a9f08ffbfd(1x);0xf666057b3200c2af14534217ded1b8275dca53eb(1x)
0.1,0x0553287e76848b52d2d20cc3f3950d264617bd86,2,0xb421a98ca7825ad2951eaf6516bea4a9f08ffbfd(1x);0xf666057b3200c2af14534217ded1b8275dca53eb(1x)
0.1,0x06acd54e8e8dcdbca1dbfd5b4869ce8cccb1a4cc,2,0xb421a98ca7825ad2951eaf6516bea4a9f08ffbfd(1x);0xf666057b3200c2af14534217ded1b8275dca53eb(1x)
0.1,0x70976346838a1cc408939538452059076a0f1298,2,0xb421a98ca7825ad2951eaf6516bea4a9f08ffbfd(1x);0xf666057b3200c2af14534217ded1b8275dca53eb(1x)
0.1,0x5d6557b276846f4ee16efca313c3253f59b699de,2,0xb421a98ca7825ad2951eaf6516bea4a9f08ffbfd(1x);0xf666057b3200c2af14534217ded1b8275dca53eb(1x)
0.1,0xc8518677bd69bed6128aef898d692b5b94818e8b,2,0xb421a98ca7825ad2951eaf6516bea4a9f08ffbfd(1x);0xf666057b3200c2af14534217ded1b8275dca53eb(1x)
0.1,0xdb0d0daa45017af5c9747484f6799fad2aeb24a4,2,0xb421a98ca7825ad2951eaf6516bea4a9f08ffbfd(1x);0xf666057b3200c2af14534217ded1b8275dca53eb(1x)
0.1,0xcae31a2fe5bba35777bb5eb3cb03940ff5b42589,2,0xb421a98ca7825ad2951eaf6516bea4a9f08ffbfd(1x);0xf666057b3200c2af14534217ded1b8275dca53eb(1x)
0.1,0xc7231a0b5ab85a24b8917fa0dfa089b332a6655a,2,0xb421a98ca7825ad2951eaf6516bea4a9f08ffbfd(1x);0xf666057b3200c2af14534217ded1b8275dca53eb(1x)
0.1,0x35551c00de23826a13560c734d6dfc57b6dfc8e0,2,0xb421a98ca7825ad2951eaf6516bea4a9f08ffbfd(1x);0xf666057b3200c2af14534217ded1b8275dca53eb(1x)
0.1,0xbb7e501f282fe9238f525a117add11daa60b9f92,2,0xb421a98ca7825ad2951eaf6516bea4a9f08ffbfd(1x);0xf666057b3200c2af14534217ded1b8275dca53eb(1x)
0.1,0x6c8402ba06fe98d95efe435735b9d09e3e10655a,2,0xb421a98ca7825ad2951eaf6516bea4a9f08ffbfd(1x);0xf666057b3200c2af14534217ded1b8275dca53eb(1x)
0.1,0x1e4622afc8046052a784c79f63ae8366b64ca83f,2,0xb421a98ca7825ad2951eaf6516bea4a9f08ffbfd(1x);0xf666057b3200c2af14534217ded1b8275dca53eb(1x)
0.1,0x1e5b6aaecd2ed376050bd541340de70abaf510b6,2,0xb421a98ca7825ad2951eaf6516bea4a9f08ffbfd(1x);0xf666057b3200c2af14534217ded1b8275dca53eb(1x)
0.1,0xac5430ec10b4ee7fc582f7d31c564d72e8279dae,2,0xb421a98ca7825ad2951eaf6516bea4a9f08ffbfd(1x);0xf666057b3200c2af14534217ded1b8275dca53eb(1x)
0.1,0xcfa9b2175c12069c5cbcfa5b13d0ec60adb924ea,2,0xb421a98ca7825ad2951eaf6516bea4a9f08ffbfd(1x);0xf666057b3200c2af14534217ded1b8275dca53eb(1x)
0.1,0x89e46ef1bb7663a9b84aacaf387e4bc45bf9c208,2,0xb421a98ca7825ad2951eaf6516bea4a9f08ffbfd(1x);0xf666057b3200c2af14534217ded1b8275dca53eb(1x)
0.1,0xb0966ffe5a2a80c09745cef48a1a664d1e50edbf,2,0xb421a98ca7825ad2951eaf6516bea4a9f08ffbfd(1x);0xf666057b3200c2af14534217ded1b8275dca53eb(1x)
0.1,0xbac37a99ef157476918257178c5418be7c3b4559,2,0xb421a98ca7825ad2951eaf6516bea4a9f08ffbfd(1x);0xf666057b3200c2af14534217ded1b8275dca53eb(1x)
0.1,0x1726098a8686d96a1df5c45a5d0e8ab79845f74a,2,0xb421a98ca7825ad2951eaf6516bea4a9f08ffbfd(1x);0xf666057b3200c2af14534217ded1b8275dca53eb(1x)
0.1,0xd95066afa52cea595bf8044522ff2aa9151a8b3a,2,0xb421a98ca7825ad2951eaf6516bea4a9f08ffbfd(1x);0xf666057b3200c2af14534217ded1b8275dca53eb(1x)
0.1,0x73a0a027daad819b529b70333b16b349e9bb496c,2,0xb421a98ca7825ad2951eaf6516bea4a9f08ffbfd(1x);0xf666057b3200c2af14534217ded1b8275dca53eb(1x)
0.1,0x014f7635196a07fd99fea43cbe415cb066b0580a,2,0xb421a98ca7825ad2951eaf6516bea4a9f08ffbfd(1x);0xf666057b3200c2af14534217ded1b8275dca53eb(1x)
0.1,0x0798b32476b50b986f1b454863b4ca85c9a9e7b8,2,0xb421a98ca7825ad2951eaf6516bea4a9f08ffbfd(1x);0xf666057b3200c2af14534217ded1b8275dca53eb(1x)
0.1,0x1543588630b8f01c615b6b20216adae8d378692c,2,0xb421a98ca7825ad2951eaf6516bea4a9f08ffbfd(1x);0xf666057b3200c2af14534217ded1b8275dca53eb(1x)
0.1,0xc3b820d25622e64c2744d75b854c7789b31778a0,2,0xb421a98ca7825ad2951eaf6516bea4a9f08ffbfd(1x);0xf666057b3200c2af14534217ded1b8275dca53eb(1x)
0.1,0x7591ade13c93677853d0b6117b388dcf1308787b,2,0xb421a98ca7825ad2951eaf6516bea4a9f08ffbfd(1x);0xf666057b3200c2af14534217ded1b8275dca53eb(1x)
0.1,0xf820efd8aa874702d31db4cf2d1ebf81a1302957,2,0xb421a98ca7825ad2951eaf6516bea4a9f08ffbfd(1x);0xf666057b3200c2af14534217ded1b8275dca53eb(1x)
0.1,0x72a20dcaa4ba97aeb1f092a868a855ada0020988,2,0xb421a98ca7825ad2951eaf6516bea4a9f08ffbfd(1x);0xf666057b3200c2af14534217ded1b8275dca53eb(1x)
0.1,0x16b2583b87ffc52822d544e734744d3f8f0c5261,2,0xb421a98ca7825ad2951eaf6516bea4a9f08ffbfd(1x);0xf666057b3200c2af14534217ded1b8275dca53eb(1x)
0.1,0xfe5aa218d698072c3bafd9530d64d7c13978c9c9,2,0xb421a98ca7825ad2951eaf6516bea4a9f08ffbfd(1x);0xf666057b3200c2af14534217ded1b8275dca53eb(1x)
0.1,0xabb0131c0233cae990a763ed335ec43a7f06ba86,2,0xb421a98ca7825ad2951eaf6516bea4a9f08ffbfd(1x);0xf666057b3200c2af14534217ded1b8275dca53eb(1x)
0.1,0x8a266e644f696de7c56aa08a8a519d1e81caab37,2,0xb421a98ca7825ad2951eaf6516bea4a9f08ffbfd(1x);0xf666057b3200c2af14534217ded1b8275dca53eb(1x)
0.1,0x1300c563067d7014b8888c258d272454eaa2f905,2,0xb421a98ca7825ad2951eaf6516bea4a9f08ffbfd(1x);0xf666057b3200c2af14534217ded1b8275dca53eb(1x)
0.1,0x35d0de9a747e6d6c6c59c6081ed7a9a6e49d52c9,2,0xb421a98ca7825ad2951eaf6516bea4a9f08ffbfd(1x);0xf666057b3200c2af14534217ded1b8275dca53eb(1x)
0.1,0x81fcb7107ed0ddb80c5549f50c28d24f5ec8793f,2,0xb421a98ca7825ad2951eaf6516bea4a9f08ffbfd(1x);0xf666057b3200c2af14534217ded1b8275dca53eb(1x)
0.1,0x66855bca1f533af13a165f14a9746c4e16733064,2,0xb421a98ca7825ad2951eaf6516bea4a9f08ffbfd(1x);0xf666057b3200c2af14534217ded1b8275dca53eb(1x)
0.1,0xdabcc3ae31d76375d503561f951b2c5c59f955e6,2,0xb421a98ca7825ad2951eaf6516bea4a9f08ffbfd(1x);0xf666057b3200c2af14534217ded1b8275dca53eb(1x)
0.1,0xf25c0139798c8b598366bdc86f373962ad9c5c02,2,0xb421a98ca7825ad2951eaf6516bea4a9f08ffbfd(1x);0xf666057b3200c2af14534217ded1b8275dca53eb(1x)
0.1,0x4ebc17fb78ed400301ec296699d2f2aabd3d3972,2,0xb421a98ca7825ad2951eaf6516bea4a9f08ffbfd(1x);0xf666057b3200c2af14534217ded1b8275dca53eb(1x)
0.1,0x109232977d977a845e2797de11917767f5081343,2,0xb421a98ca7825ad2951eaf6516bea4a9f08ffbfd(1x);0xf666057b3200c2af14534217ded1b8275dca53eb(1x)
0.1,0xba9d1fe7568dd895f5f56e25ffe2c71d7ac86df3,2,0xb421a98ca7825ad2951eaf6516bea4a9f08ffbfd(1x);0xf666057b3200c2af14534217ded1b8275dca53eb(1x)
0.1,0x72ed2dc423ed72bdbb16a4a880c4de6f313cf0d5,2,0xb421a98ca7825ad2951eaf6516bea4a9f08ffbfd(1x);0xf666057b3200c2af14534217ded1b8275dca53eb(1x)
0.1,0x597fe93bce140ebb5715644252cfcc1605b923b6,2,0xb421a98ca7825ad2951eaf6516bea4a9f08ffbfd(1x);0xf666057b3200c2af14534217ded1b8275dca53eb(1x)
0.1,0xff851bde66a202d27ba7900bfb4391bb0516c757,2,0xb421a98ca7825ad2951eaf6516bea4a9f08ffbfd(1x);0xf666057b3200c2af14534217ded1b8275dca53eb(1x)
0.1,0x2181e49f5d44459578ad8748b76485b560b0e3d2,2,0xb421a98ca7825ad2951eaf6516bea4a9f08ffbfd(1x);0xf666057b3200c2af14534217ded1b8275dca53eb(1x)
0.1,0xfcba12a1c919cf583b08d95b7c6fcf4e9d9634ae,2,0xb421a98ca7825ad2951eaf6516bea4a9f08ffbfd(1x);0xf666057b3200c2af14534217ded1b8275dca53eb(1x)
0.1,0xc1fc48ba571e14777f5a718207bee5b100d211b9,2,0xb421a98ca7825ad2951eaf6516bea4a9f08ffbfd(1x);0xf666057b3200c2af14534217ded1b8275dca53eb(1x)
0.1,0xfe9cd5902e9a983cd81c4fa837573b36ec1c2920,2,0xb421a98ca7825ad2951eaf6516bea4a9f08ffbfd(1x);0xf666057b3200c2af14534217ded1b8275dca53eb(1x)
0.1,0x42d93e97b2cc27a0d5e4a371e6b5dca87fbbef7e,2,0xb421a98ca7825ad2951eaf6516bea4a9f08ffbfd(1x);0xf666057b3200c2af14534217ded1b8275dca53eb(1x)
0.1,0xeca1ff48afd85d1fa383029b365e152835a8419d,2,0xb421a98ca7825ad2951eaf6516bea4a9f08ffbfd(1x);0xf666057b3200c2af14534217ded1b8275dca53eb(1x)
0.1,0xa71ffabaa13047a5ed6ba171633d51f3c48b527d,2,0xb421a98ca7825ad2951eaf6516bea4a9f08ffbfd(1x);0xf666057b3200c2af14534217ded1b8275dca53eb(1x)
0.1,0xe47aefe97b516ba54d229802fead4bce99a5d86c,2,0xb421a98ca7825ad2951eaf6516bea4a9f08ffbfd(1x);0xf666057b3200c2af14534217ded1b8275dca53eb(1x)
0.1,0x8c27290b36234174e36d814e38470e4219a66c6f,2,0xb421a98ca7825ad2951eaf6516bea4a9f08ffbfd(1x);0xf666057b3200c2af14534217ded1b8275dca53eb(1x)
0.1,0xa94e851601f3b906d134e0cbf5f09477081e4e5b,2,0xb421a98ca7825ad2951eaf6516bea4a9f08ffbfd(1x);0xf666057b3200c2af14534217ded1b8275dca53eb(1x)
0.1,0x1aac544f1a082bbb95644ec0b91700ba8460f007,2,0xb421a98ca7825ad2951eaf6516bea4a9f08ffbfd(1x);0xf666057b3200c2af14534217ded1b8275dca53eb(1x)
0.1,0x3262e5c1f7ccca4fea0779aefe61fc1d7715ece8,2,0xb421a98ca7825ad2951eaf6516bea4a9f08ffbfd(1x);0xf666057b3200c2af14534217ded1b8275dca53eb(1x)
0.1,0x5ad6f502078297647724012297a70dcf38091d08,2,0xb421a98ca7825ad2951eaf6516bea4a9f08ffbfd(1x);0xf666057b3200c2af14534217ded1b8275dca53eb(1x)
0.1,0x5091097d51827205031a70aa4b409a15875b256a,2,0xb421a98ca7825ad2951eaf6516bea4a9f08ffbfd(1x);0xf666057b3200c2af14534217ded1b8275dca53eb(1x)
0.1,0x091d7f498219d2430f8ebaaaf71f177af10f989a,2,0xb421a98ca7825ad2951eaf6516bea4a9f08ffbfd(1x);0xf666057b3200c2af14534217ded1b8275dca53eb(1x)
0.1,0xbc9c1d7bbb83e756f8a76e51b4889c008f51942f,2,0xb421a98ca7825ad2951eaf6516bea4a9f08ffbfd(1x);0xf666057b3200c2af14534217ded1b8275dca53eb(1x)
0.1,0x459ec163263611fb63545fa926f088444db0b459,2,0xb421a98ca7825ad2951eaf6516bea4a9f08ffbfd(1x);0xf666057b3200c2af14534217ded1b8275dca53eb(1x)
0.1,0x10bdea68a27ecca1433735a650a3b52024f09be3,2,0xb421a98ca7825ad2951eaf6516bea4a9f08ffbfd(1x);0xf666057b3200c2af14534217ded1b8275dca53eb(1x)
0.1,0x260ea18bc662569cc1a2aac5dd99a6c308a5c4d1,2,0xb421a98ca7825ad2951eaf6516bea4a9f08ffbfd(1x);0xf666057b3200c2af14534217ded1b8275dca53eb(1x)
0.1,0x34ee93a7e9c7e6ab22a51a8fdbe50bbcd714a416,2,0xb421a98ca7825ad2951eaf6516bea4a9f08ffbfd(1x);0xf666057b3200c2af14534217ded1b8275dca53eb(1x)
0.1,0x1d2354c75de4b4c0a7ef940e2f3ddd9587d0cd4c,2,0xb421a98ca7825ad2951eaf6516bea4a9f08ffbfd(1x);0xf666057b3200c2af14534217ded1b8275dca53eb(1x)
0.1,0xd564ea463fbc256d5c1163651b405982b9dd9b4f,2,0xb421a98ca7825ad2951eaf6516bea4a9f08ffbfd(3x);0xf666057b3200c2af14534217ded1b8275dca53eb(3x)
0.1,0x88cc1e3fda6c76a96661cda8a027c64d562cf6f5,2,0xb421a98ca7825ad2951eaf6516bea4a9f08ffbfd(1x);0xf666057b3200c2af14534217ded1b8275dca53eb(1x)
0.1,0x6f30f6d77e707264c2e5cd50ac198df5c5d363df,2,0xb421a98ca7825ad2951eaf6516bea4a9f08ffbfd(1x);0xf666057b3200c2af14534217ded1b8275dca53eb(1x)
0.1,0xa351836037f2b590026756b6957631f79814e4b9,2,0xb421a98ca7825ad2951eaf6516bea4a9f08ffbfd(1x);0xf666057b3200c2af14534217ded1b8275dca53eb(1x)
0.1,0x6be57e9b5cabac374597cc8982274da677842d82,2,0xb421a98ca7825ad2951eaf6516bea4a9f08ffbfd(1x);0xf666057b3200c2af14534217ded1b8275dca53eb(1x)
0.1,0x9938a87ba8b9e2f95cac7212a62f6060da786c19,2,0xb421a98ca7825ad2951eaf6516bea4a9f08ffbfd(2x);0xf666057b3200c2af14534217ded1b8275dca53eb(2x)
0.1,0xba76ec8f3e819d1d2700b8055ec09ecf3d2e4ff7,2,0xb421a98ca7825ad2951eaf6516bea4a9f08ffbfd(1x);0xf666057b3200c2af14534217ded1b8275dca53eb(1x)
0.1,0x99d176cb0257a9b8a7db955d32b9e336fdeaea89,2,0xb421a98ca7825ad2951eaf6516bea4a9f08ffbfd(1x);0xf666057b3200c2af14534217ded1b8275dca53eb(1x)
0.1,0x86dfda9683115e23d40bfecc45acb1a2e14b3b3c,2,0xb421a98ca7825ad2951eaf6516bea4a9f08ffbfd(1x);0xf666057b3200c2af14534217ded1b8275dca53eb(1x)
0.1,0x2ec79278cd5a7085d933008d056398afc0f4d157,2,0xb421a98ca7825ad2951eaf6516bea4a9f08ffbfd(1x);0xf666057b3200c2af14534217ded1b8275dca53eb(1x)
0.1,0xe727b574789b86415e8eda49b7f8b23898b622c4,2,0xb421a98ca7825ad2951eaf6516bea4a9f08ffbfd(1x);0xf666057b3200c2af14534217ded1b8275dca53eb(1x)
0.1,0x9a23b9b5bdbefaa24773db0a9b9be6aff74bcefb,2,0xb421a98ca7825ad2951eaf6516bea4a9f08ffbfd(1x);0xf666057b3200c2af14534217ded1b8275dca53eb(1x)
0.1,0xdb1c04415c56b276ae5b7502115624a10e7a41b8,2,0xb421a98ca7825ad2951eaf6516bea4a9f08ffbfd(1x);0xf666057b3200c2af14534217ded1b8275dca53eb(1x)
0.1,0x036e7b6de01682edbd67feef81330fc74efa3036,2,0xb421a98ca7825ad2951eaf6516bea4a9f08ffbfd(1x);0xf666057b3200c2af14534217ded1b8275dca53eb(1x)
0.1,0x658d6d034b164b541a87fb5612ef289638ac6fef,2,0xb421a98ca7825ad2951eaf6516bea4a9f08ffbfd(1x);0xf666057b3200c2af14534217ded1b8275dca53eb(1x)
0.1,0xe3c3a623190f21afe59b371d0f49d9e6903a41b3,2,0xb421a98ca7825ad2951eaf6516bea4a9f08ffbfd(1x);0xf666057b3200c2af14534217ded1b8275dca53eb(1x)
0.1,0xe682f5ab86b12fc6116bb180709f1c71ae54c8bb,2,0xb421a98ca7825ad2951eaf6516bea4a9f08ffbfd(1x);0xf666057b3200c2af14534217ded1b8275dca53eb(1x)
0.1,0xdd42ff2d3caec5032de795e94f4424a246722030,2,0xb421a98ca7825ad2951eaf6516bea4a9f08ffbfd(1x);0xf666057b3200c2af14534217ded1b8275dca53eb(1x)
0.1,0xd064c0ed3caaebdda74acc74284bdb2ce46795f1,2,0xb421a98ca7825ad2951eaf6516bea4a9f08ffbfd(1x);0xf666057b3200c2af14534217ded1b8275dca53eb(1x)
0.1,0x938a60d6975bc01868ba238a191f261c15cc766f,2,0xb421a98ca7825ad2951eaf6516bea4a9f08ffbfd(1x);0xf666057b3200c2af14534217ded1b8275dca53eb(1x)
0.1,0x056d16a161b98bbdac4556449ff747574709597f,2,0xb421a98ca7825ad2951eaf6516bea4a9f08ffbfd(1x);0xf666057b3200c2af14534217ded1b8275dca53eb(1x)
0.1,0xf038a54cf2f344a698196a5c7fc1fda498a0d797,2,0xb421a98ca7825ad2951eaf6516bea4a9f08ffbfd(1x);0xf666057b3200c2af14534217ded1b8275dca53eb(1x)
0.1,0x703bd9bb393eff23abe7401520904b7934bac131,2,0xb421a98ca7825ad2951eaf6516bea4a9f08ffbfd(1x);0xf666057b3200c2af14534217ded1b8275dca53eb(1x)
0.1,0x19d6f46ef0d6c0599e7cb44e65de5cfc8b65bb18,2,0xb421a98ca7825ad2951eaf6516bea4a9f08ffbfd(1x);0xf666057b3200c2af14534217ded1b8275dca53eb(1x)
0.1,0xdcfb4e7ff229bdd72bc6eddc99f49a125ec75dc1,2,0xb421a98ca7825ad2951eaf6516bea4a9f08ffbfd(1x);0xf666057b3200c2af14534217ded1b8275dca53eb(1x)
0.1,0x9070c3001e5d9ee63ea0bc39b3e84136ed052457,2,0xb421a98ca7825ad2951eaf6516bea4a9f08ffbfd(1x);0xf666057b3200c2af14534217ded1b8275dca53eb(1x)
0.1,0x1c5c12cb1c9486f296c0b77712fc44dcd4fa37f9,2,0xb421a98ca7825ad2951eaf6516bea4a9f08ffbfd(1x);0xf666057b3200c2af14534217ded1b8275dca53eb(1x)
0.1,0xfc7c78fb75e592ec1777b0335eee2ee447e80b13,2,0xb421a98ca7825ad2951eaf6516bea4a9f08ffbfd(1x);0xf666057b3200c2af14534217ded1b8275dca53eb(1x)
0.1,0x61f392916d6356038a207a0d5f9467cc3cf4ab3f,2,0xb421a98ca7825ad2951eaf6516bea4a9f08ffbfd(1x);0xf666057b3200c2af14534217ded1b8275dca53eb(1x)
0.1,0x656744a11925177d44fe4f116a504d8208e43220,2,0xb421a98ca7825ad2951eaf6516bea4a9f08ffbfd(2x);0xf666057b3200c2af14534217ded1b8275dca53eb(2x)
0.1,0x4e59c008d62ad6f6cad7c2764e3c0434988b6e67,2,0xb421a98ca7825ad2951eaf6516bea4a9f08ffbfd(1x);0xf666057b3200c2af14534217ded1b8275dca53eb(1x)
0.1,0x297512a81cc2654d2d29c01d1ba087c8c1554393,2,0xb421a98ca7825ad2951eaf6516bea4a9f08ffbfd(1x);0xf666057b3200c2af14534217ded1b8275dca53eb(1x)
0.1,0x3e21c672a7cfe0d46ddb0690c69bdbe096b0588f,2,0xb421a98ca7825ad2951eaf6516bea4a9f08ffbfd(1x);0xf666057b3200c2af14534217ded1b8275dca53eb(1x)
0.1,0xeed59125b6e3acdb8061e238c3beed8f31f8893e,2,0xb421a98ca7825ad2951eaf6516bea4a9f08ffbfd(1x);0xf666057b3200c2af14534217ded1b8275dca53eb(1x)
0.1,0xbe3a2c4a32f308779a88cea1a2af58db10db9c58,2,0xb421a98ca7825ad2951eaf6516bea4a9f08ffbfd(1x);0xf666057b3200c2af14534217ded1b8275dca53eb(1x)
0.1,0x57cfe2cece3d1d853758748805e10731f3bac45f,2,0xb421a98ca7825ad2951eaf6516bea4a9f08ffbfd(1x);0xf666057b3200c2af14534217ded1b8275dca53eb(1x)
0.1,0xf056bf5fa4a12bf68b87baff4224c6552e9e247e,2,0xb421a98ca7825ad2951eaf6516bea4a9f08ffbfd(1x);0xf666057b3200c2af14534217ded1b8275dca53eb(1x)
0.1,0x5f5ae1cbb06a410c09723abc2129d800f155ec30,2,0xb421a98ca7825ad2951eaf6516bea4a9f08ffbfd(1x);0xf666057b3200c2af14534217ded1b8275dca53eb(1x)
0.1,0xef45c92506c4b642550b750814f4ee16594c375a,2,0xb421a98ca7825ad2951eaf6516bea4a9f08ffbfd(1x);0xf666057b3200c2af14534217ded1b8275dca53eb(1x)
0.1,0x23ae0704b98cc17117f9646f2e1c00ff44686147,2,0xb421a98ca7825ad2951eaf6516bea4a9f08ffbfd(1x);0xf666057b3200c2af14534217ded1b8275dca53eb(1x)
0.1,0x5887f510b237acd595b36d0ada90c24d64c47980,2,0xb421a98ca7825ad2951eaf6516bea4a9f08ffbfd(1x);0xf666057b3200c2af14534217ded1b8275dca53eb(1x)
0.1,0x6929a76ac60576e3aebfa8a7136325471e6713c0,2,0xb421a98ca7825ad2951eaf6516bea4a9f08ffbfd(1x);0xf666057b3200c2af14534217ded1b8275dca53eb(1x)
0.1,0x7598004ff2e3f7bb326956fcb12454d1655a74a4,2,0xb421a98ca7825ad2951eaf6516bea4a9f08ffbfd(1x);0xf666057b3200c2af14534217ded1b8275dca53eb(1x)
0.1,0x843f2f3e401d5ee5e686339176484d2a0a7cacf4,2,0xb421a98ca7825ad2951eaf6516bea4a9f08ffbfd(1x);0xf666057b3200c2af14534217ded1b8275dca53eb(1x)
0.1,0x4b62f32ff5763659246018a029d7b767d2543a63,2,0xb421a98ca7825ad2951eaf6516bea4a9f08ffbfd(1x);0xf666057b3200c2af14534217ded1b8275dca53eb(1x)
0.1,0x4e4c5b0547f9e540d48328c50266eebdd6d4f9c2,2,0xb421a98ca7825ad2951eaf6516bea4a9f08ffbfd(1x);0xf666057b3200c2af14534217ded1b8275dca53eb(1x)
0.1,0xfba35fe1fd4643892694be597cd087594ae15983,2,0xb421a98ca7825ad2951eaf6516bea4a9f08ffbfd(1x);0xf666057b3200c2af14534217ded1b8275dca53eb(1x)
0.1,0xe2be99d793179039d60aa27a01b8e9107c39ba8f,2,0xb421a98ca7825ad2951eaf6516bea4a9f08ffbfd(1x);0xf666057b3200c2af14534217ded1b8275dca53eb(1x)
0.1,0x81e1ffa80c14413bc1548b765f89cd9f7afaa685,2,0xb421a98ca7825ad2951eaf6516bea4a9f08ffbfd(1x);0xf666057b3200c2af14534217ded1b8275dca53eb(1x)
0.1,0x2d3a63a5dd55f9635d999fcd1dcd0021d02b18b0,2,0xb421a98ca7825ad2951eaf6516bea4a9f08ffbfd(1x);0xf666057b3200c2af14534217ded1b8275dca53eb(1x)
0.1,0x0a9bd9fce566c542fb9bff6f6c09c7f1a7ce9dd7,2,0xb421a98ca7825ad2951eaf6516bea4a9f08ffbfd(1x);0xf666057b3200c2af14534217ded1b8275dca53eb(1x)
0.1,0x8cf3746983ecd0afa29ac152be5256953f57523f,2,0xb421a98ca7825ad2951eaf6516bea4a9f08ffbfd(1x);0xf666057b3200c2af14534217ded1b8275dca53eb(1x)
0.1,0x3864567b5078367d7eb7c10c1c6df000c43b9727,2,0xb421a98ca7825ad2951eaf6516bea4a9f08ffbfd(1x);0xf666057b3200c2af14534217ded1b8275dca53eb(1x)
0.1,0x004cab682eddc52245f83a648b621eb1480f8dd1,2,0xb421a98ca7825ad2951eaf6516bea4a9f08ffbfd(1x);0xf666057b3200c2af14534217ded1b8275dca53eb(1x)
0.1,0x69839a4801d74c81e08b0315c604845d7339ff44,2,0xb421a98ca7825ad2951eaf6516bea4a9f08ffbfd(1x);0xf666057b3200c2af14534217ded1b8275dca53eb(1x)
0.1,0x206ee746582535c8790873aebd9cf9c2ea644258,2,0xb421a98ca7825ad2951eaf6516bea4a9f08ffbfd(1x);0xf666057b3200c2af14534217ded1b8275dca53eb(1x)
0.1,0xf72a576b4e84b68ee2767b3fd735922b07a0380b,2,0xb421a98ca7825ad2951eaf6516bea4a9f08ffbfd(1x);0xf666057b3200c2af14534217ded1b8275dca53eb(1x)
0.1,0x4cf6eb3d78f1113b2d81d78f6e7bf271939074d9,2,0xb421a98ca7825ad2951eaf6516bea4a9f08ffbfd(1x);0xf666057b3200c2af14534217ded1b8275dca53eb(1x)
0.1,0xe45c74c272efe210a70b5aefd6643277c03ef1c5,2,0xb421a98ca7825ad2951eaf6516bea4a9f08ffbfd(1x);0xf666057b3200c2af14534217ded1b8275dca53eb(1x)
0.1,0x6c1e3377a6b0724e1f9a919f1f6de5f5798513df,2,0xb421a98ca7825ad2951eaf6516bea4a9f08ffbfd(1x);0xf666057b3200c2af14534217ded1b8275dca53eb(1x)
0.1,0xa4cf8355c52b8aad64bb354d7a423a60eb047cd2,2,0xb421a98ca7825ad2951eaf6516bea4a9f08ffbfd(1x);0xf666057b3200c2af14534217ded1b8275dca53eb(1x)
0.1,0x377163da00a62510a27ce36777d1ab6582f0f29f,2,0xb421a98ca7825ad2951eaf6516bea4a9f08ffbfd(1x);0xf666057b3200c2af14534217ded1b8275dca53eb(1x)
0.1,0x6aaafef4ac6441ea1527bfa33c65d3b3904c9658,2,0xb421a98ca7825ad2951eaf6516bea4a9f08ffbfd(1x);0xf666057b3200c2af14534217ded1b8275dca53eb(1x)
0.1,0x307a84b30ebf0b0b9b35534180db2addd6b6405b,2,0xb421a98ca7825ad2951eaf6516bea4a9f08ffbfd(1x);0xf666057b3200c2af14534217ded1b8275dca53eb(1x)
0.1,0xd16663a88434c0bbdb9c98204a26ff5aa44efab1,2,0xb421a98ca7825ad2951eaf6516bea4a9f08ffbfd(1x);0xf666057b3200c2af14534217ded1b8275dca53eb(1x)
0.1,0xd29a4c01f1cca3ff5a42f4ecaff3862ac2a55f50,2,0xb421a98ca7825ad2951eaf6516bea4a9f08ffbfd(1x);0xf666057b3200c2af14534217ded1b8275dca53eb(1x)
0.1,0x732708ce12ef29df26c2a7949cd75e98ba527373,2,0xb421a98ca7825ad2951eaf6516bea4a9f08ffbfd(1x);0xf666057b3200c2af14534217ded1b8275dca53eb(1x)
0.1,0x7c8db0a3279ff86fd9135d330e6cddbc8dc7dcf4,2,0xb421a98ca7825ad2951eaf6516bea4a9f08ffbfd(1x);0xf666057b3200c2af14534217ded1b8275dca53eb(1x)
0.1,0x47891beaa078bfd372d720b6e31a68ffbbb92507,2,0xb421a98ca7825ad2951eaf6516bea4a9f08ffbfd(1x);0xf666057b3200c2af14534217ded1b8275dca53eb(1x)
0.1,0xea0ed478ed5e081206d73594f1b088eda301d0ab,2,0xb421a98ca7825ad2951eaf6516bea4a9f08ffbfd(1x);0xf666057b3200c2af14534217ded1b8275dca53eb(1x)
0.1,0x09107061c7456db6903570aec4103ab4e39bb8ae,2,0xb421a98ca7825ad2951eaf6516bea4a9f08ffbfd(1x);0xf666057b3200c2af14534217ded1b8275dca53eb(1x)
0.1,0xa2517dd4c63620fd2736a64829790d4e08482ac3,2,0xb421a98ca7825ad2951eaf6516bea4a9f08ffbfd(1x);0xf666057b3200c2af14534217ded1b8275dca53eb(1x)
0.1,0xb37d93ab0495294705da69c07f2e55c648ee8518,2,0xb421a98ca7825ad2951eaf6516bea4a9f08ffbfd(1x);0xf666057b3200c2af14534217ded1b8275dca53eb(1x)
0.1,0x0fd13967d3ade45e6e3ec742ebcac4d182ef3236,2,0xb421a98ca7825ad2951eaf6516bea4a9f08ffbfd(1x);0xf666057b3200c2af14534217ded1b8275dca53eb(1x)
0.1,0x6827b3034064b474cd84fe25aa5a278f0398d23f,2,0xb421a98ca7825ad2951eaf6516bea4a9f08ffbfd(1x);0xf666057b3200c2af14534217ded1b8275dca53eb(1x)
0.1,0x3988b86b8a65ec4d094bfe1519d879a78535ba65,2,0xb421a98ca7825ad2951eaf6516bea4a9f08ffbfd(1x);0xf666057b3200c2af14534217ded1b8275dca53eb(1x)
0.1,0xc8ecd0c0af164ee54bc57bdb322306df369b7c10,2,0xb421a98ca7825ad2951eaf6516bea4a9f08ffbfd(1x);0xf666057b3200c2af14534217ded1b8275dca53eb(1x)
0.1,0x2b4b3cca13d0cdf1cd3886515c487c669ae81ffd,2,0xb421a98ca7825ad2951eaf6516bea4a9f08ffbfd(1x);0xf666057b3200c2af14534217ded1b8275dca53eb(1x)
0.1,0x1c26179d15b3648ddfe7a501d2b472e4d5552387,2,0xb421a98ca7825ad2951eaf6516bea4a9f08ffbfd(1x);0xf666057b3200c2af14534217ded1b8275dca53eb(1x)
0.1,0x1f516247c2ae92778f030f77fa17d89a2ed22691,2,0xb421a98ca7825ad2951eaf6516bea4a9f08ffbfd(1x);0xf666057b3200c2af14534217ded1b8275dca53eb(1x)
0.1,0x5f6babbcfc8e3e47e341eaf5394811167cd824ca,2,0xb421a98ca7825ad2951eaf6516bea4a9f08ffbfd(1x);0xf666057b3200c2af14534217ded1b8275dca53eb(1x)
0.1,0x4e9994221cc9adf23458eb69001053b929fd4b48,2,0xb421a98ca7825ad2951eaf6516bea4a9f08ffbfd(1x);0xf666057b3200c2af14534217ded1b8275dca53eb(1x)
0.1,0xee1c5642a4ab02fe554ca6e4200542d0ffbd29c9,2,0xb421a98ca7825ad2951eaf6516bea4a9f08ffbfd(1x);0xf666057b3200c2af14534217ded1b8275dca53eb(1x)
0.1,0x4cca5eb68103ddd4e6670d0cbb0d1f160ba0415d,2,0xb421a98ca7825ad2951eaf6516bea4a9f08ffbfd(1x);0xf666057b3200c2af14534217ded1b8275dca53eb(1x)
0.1,0x0e5f5c2a8e8ffe67519c21addc04362fda69e16c,2,0xb421a98ca7825ad2951eaf6516bea4a9f08ffbfd(1x);0xf666057b3200c2af14534217ded1b8275dca53eb(1x)
0.1,0x55a682fbb9b82876a9bba02e97c86f9152ebc105,2,0xb421a98ca7825ad2951eaf6516bea4a9f08ffbfd(1x);0xf666057b3200c2af14534217ded1b8275dca53eb(1x)
1.0,0xbc837a221f2162bfe07d66568fd0fdf8dc4d6779,2,0xb421a98ca7825ad2951eaf6516bea4a9f08ffbfd(1x);0xf666057b3200c2af14534217ded1b8275dca53eb(1x)
1.0,0xded815beeda0808ac38fdc728c2247ba9cec393b,2,0xb421a98ca7825ad2951eaf6516bea4a9f08ffbfd(1x);0xf666057b3200c2af14534217ded1b8275dca53eb(1x)
1.0,0x56e5c2702681464621afcea09370c74fad6be06e,2,0xb421a98ca7825ad2951eaf6516bea4a9f08ffbfd(1x);0xf666057b3200c2af14534217ded1b8275dca53eb(1x)
1.0,0x593d7418279782b78ff7b5afd43d626b2b84c5f2,2,0xb421a98ca7825ad2951eaf6516bea4a9f08ffbfd(1x);0xf666057b3200c2af14534217ded1b8275dca53eb(1x)
1.0,0x7e0490cf47644d0f5452a7787ed572b98f386bc6,2,0xb421a98ca7825ad2951eaf6516bea4a9f08ffbfd(14x);0xf666057b3200c2af14534217ded1b8275dca53eb(14x)
1.0,0xc0308c4b4d425bc1bb3a53497483439b616feafa,2,0xb421a98ca7825ad2951eaf6516bea4a9f08ffbfd(6x);0xf666057b3200c2af14534217ded1b8275dca53eb(6x)
1.0,0xeaa9f66b689fd053f2d42635f50375fd5755a3d4,2,0xb421a98ca7825ad2951eaf6516bea4a9f08ffbfd(1x);0xf666057b3200c2af14534217ded1b8275dca53eb(1x)
1.0,0xdbabf41b36a0f01ca00054996debc5eeea129917,2,0xb421a98ca7825ad2951eaf6516bea4a9f08ffbfd(1x);0xf666057b3200c2af14534217ded1b8275dca53eb(1x)
1.0,0x7ac6b3979bccb1cf542a6f2b5f08a0c05ec52036,2,0xb421a98ca7825ad2951eaf6516bea4a9f08ffbfd(1x);0xf666057b3200c2af14534217ded1b8275dca53eb(1x)
1.0,0x35b39c3e801728172d02012f11944ca502072ca2,2,0xb421a98ca7825ad2951eaf6516bea4a9f08ffbfd(1x);0xf666057b3200c2af14534217ded1b8275dca53eb(1x)
1.0,0x29bea22fa87cb85acc36c0bccc3259a475b1dc3b,2,0xb421a98ca7825ad2951eaf6516bea4a9f08ffbfd(1x);0xf666057b3200c2af14534217ded1b8275dca53eb(1x)
1.0,0x85f2dbd81c8a27b733e457d21919d4604f5a578a,2,0xb421a98ca7825ad2951eaf6516bea4a9f08ffbfd(1x);0xf666057b3200c2af14534217ded1b8275dca53eb(1x)
1.0,0x7171b3f37a8d1564f10cd32185fca8cef99d224e,2,0xb421a98ca7825ad2951eaf6516bea4a9f08ffbfd(1x);0xf666057b3200c2af14534217ded1b8275dca53eb(1x)
1.0,0x177e99dbd8e9b97239824b3410d580564fffeb03,2,0xb421a98ca7825ad2951eaf6516bea4a9f08ffbfd(1x);0xf666057b3200c2af14534217ded1b8275dca53eb(1x)
1.0,0x5955115f8eee4e3303006a501ad962401159eb6e,2,0xb421a98ca7825ad2951eaf6516bea4a9f08ffbfd(1x);0xf666057b3200c2af14534217ded1b8275dca53eb(1x)
1.0,0x2e19f4427d81e8c6f3548deb3be7c9c469fe2b2d,2,0xb421a98ca7825ad2951eaf6516bea4a9f08ffbfd(1x);0xf666057b3200c2af14534217ded1b8275dca53eb(1x)
1.0,0xfecab73881cc94214cd81886c386e728ef0e283b,2,0xb421a98ca7825ad2951eaf6516bea4a9f08ffbfd(1x);0xf666057b3200c2af14534217ded1b8275dca53eb(1x)
1.0,0x328e6608715ee23c511a0d0800660a4c45fc23c6,2,0xb421a98ca7825ad2951eaf6516bea4a9f08ffbfd(1x);0xf666057b3200c2af14534217ded1b8275dca53eb(1x)
1.0,0x14860c30582b76345965cb92366ebc5d5a3005da,2,0xb421a98ca7825ad2951eaf6516bea4a9f08ffbfd(1x);0xf666057b3200c2af14534217ded1b8275dca53eb(1x)
1.0,0xd9f63d430beb2638b313aa23280b577e3e201343,2,0xb421a98ca7825ad2951eaf6516bea4a9f08ffbfd(1x);0xf666057b3200c2af14534217ded1b8275dca53eb(1x)
1.0,0x0b51d8bdd39e2c9efd70014c22e36b7ca6182155,2,0xb421a98ca7825ad2951eaf6516bea4a9f08ffbfd(1x);0xf666057b3200c2af14534217ded1b8275dca53eb(1x)
1.0,0x29dc1cdd4d6f0a6bd397863ff9ee7cab80632e96,2,0xb421a98ca7825ad2951eaf6516bea4a9f08ffbfd(1x);0xf666057b3200c2af14534217ded1b8275dca53eb(1x)
1.0,0xc56ab18b1c0d9e907bc2ff1d00215a713b1c773c,2,0xb421a98ca7825ad2951eaf6516bea4a9f08ffbfd(6x);0xf666057b3200c2af14534217ded1b8275dca53eb(6x)
1.0,0x82493415d2bca920c530f44b693d9c2295b6d981,2,0xb421a98ca7825ad2951eaf6516bea4a9f08ffbfd(1x);0xf666057b3200c2af14534217ded1b8275dca53eb(1x)
1.0,0x8aa16e238fb984d09ae4e43f0384797952fb2340,2,0xb421a98ca7825ad2951eaf6516bea4a9f08ffbfd(1x);0xf666057b3200c2af14534217ded1b8275dca53eb(1x)
1.0,0xd527f1bfe53d35c8692870e865ec4a9d4be73ebd,2,0xb421a98ca7825ad2951eaf6516bea4a9f08ffbfd(1x);0xf666057b3200c2af14534217ded1b8275dca53eb(1x)
1.0,0x6d745bf45b6ceb41e2d3963ebdb6399eaf50113f,2,0xb421a98ca7825ad2951eaf6516bea4a9f08ffbfd(1x);0xf666057b3200c2af14534217ded1b8275dca53eb(1x)
1.0,0x4e806acd3f0b8be66e38fab30df55e7cdf2bbaf9,2,0xb421a98ca7825ad2951eaf6516bea4a9f08ffbfd(2x);0xf666057b3200c2af14534217ded1b8275dca53eb(2x)
1.0,0xd4b5b5bcaa78e6051474fbfeba0ece8fcfe9b69f,2,0xb421a98ca7825ad2951eaf6516bea4a9f08ffbfd(1x);0xf666057b3200c2af14534217ded1b8275dca53eb(1x)
1.0,0x63198bf85b8ef4ad279c9318ad725d6da4576812,2,0xb421a98ca7825ad2951eaf6516bea4a9f08ffbfd(1x);0xf666057b3200c2af14534217ded1b8275dca53eb(1x)
1.0,0xa4867ef525c7cf8aca84a7d7f8e8fc5c32172f4e,2,0xb421a98ca7825ad2951eaf6516bea4a9f08ffbfd(1x);0xf666057b3200c2af14534217ded1b8275dca53eb(1x)
1.0,0x72a00d4374739a805f4c44d7b35370fe0ccc7d3d,2,0xb421a98ca7825ad2951eaf6516bea4a9f08ffbfd(2x);0xf666057b3200c2af14534217ded1b8275dca53eb(2x)
1.0,0x0410de6ecac3376dc960a579a569ef01f73eba52,2,0xb421a98ca7825ad2951eaf6516bea4a9f08ffbfd(1x);0xf666057b3200c2af14534217ded1b8275dca53eb(1x)
1.0,0x583fd3b7c59eefffb6b1f1e09d715cd1be2adfb4,2,0xb421a98ca7825ad2951eaf6516bea4a9f08ffbfd(1x);0xf666057b3200c2af14534217ded1b8275dca53eb(1x)
1.0,0xa65d6cf3af7ea2d29245844eb96d1e78e6cec47f,2,0xb421a98ca7825ad2951eaf6516bea4a9f08ffbfd(1x);0xf666057b3200c2af14534217ded1b8275dca53eb(1x)
1.0,0x6051165a93548620173d65bf3833eec6f5d79b4b,2,0xb421a98ca7825ad2951eaf6516bea4a9f08ffbfd(3x);0xf666057b3200c2af14534217ded1b8275dca53eb(3x)
1.0,0x5ec4888fd5f4ec25a17c71e399e8e5cd553b606f,2,0xb421a98ca7825ad2951eaf6516bea4a9f08ffbfd(2x);0xf666057b3200c2af14534217ded1b8275dca53eb(2x)
1.0,0x0dc070b935979290fc7c1bebcdbf3d35d4706083,2,0xb421a98ca7825ad2951eaf6516bea4a9f08ffbfd(3x);0xf666057b3200c2af14534217ded1b8275dca53eb(3x)
1.0,0x688d499283e020efc1f7254802da3d70dd3067d7,2,0xb421a98ca7825ad2951eaf6516bea4a9f08ffbfd(1x);0xf666057b3200c2af14534217ded1b8275dca53eb(1x)
1.0,0xa2832b8a5673dd91e069c8ab9e690e82a19dd96f,2,0xb421a98ca7825ad2951eaf6516bea4a9f08ffbfd(2x);0xf666057b3200c2af14534217ded1b8275dca53eb(2x)
1.0,0xa78af0da761f9922adacb23a9f0bd93288e4a436,2,0xb421a98ca7825ad2951eaf6516bea4a9f08ffbfd(1x);0xf666057b3200c2af14534217ded1b8275dca53eb(1x)
1.0,0xd75bdd0900488beca7402a12ffb3f710dcb22293,2,0xb421a98ca7825ad2951eaf6516bea4a9f08ffbfd(1x);0xf666057b3200c2af14534217ded1b8275dca53eb(1x)
1.0,0xf735e0bb799aef92ab9506a2248d98be93608601,2,0xb421a98ca7825ad2951eaf6516bea4a9f08ffbfd(1x);0xf666057b3200c2af14534217ded1b8275dca53eb(1x)
1.0,0x519f0b9ce887fcffd6354e18697acc8629184c6c,2,0xb421a98ca7825ad2951eaf6516bea4a9f08ffbfd(3x);0xf666057b3200c2af14534217ded1b8275dca53eb(3x)
1.0,0x6c3451cacef957780e9aa98a54e28776fe4288e2,2,0xb421a98ca7825ad2951eaf6516bea4a9f08ffbfd(5x);0xf666057b3200c2af14534217ded1b8275dca53eb(5x)
1.0,0x4c6c970193cee99d5126d9eac43cafbf8f876fbf,2,0xb421a98ca7825ad2951eaf6516bea4a9f08ffbfd(2x);0xf666057b3200c2af14534217ded1b8275dca53eb(2x)
1.0,0x7b539f44d55a0d000b10942068b1232086ee60a1,2,0xb421a98ca7825ad2951eaf6516bea4a9f08ffbfd(2x);0xf666057b3200c2af14534217ded1b8275dca53eb(2x)
1.0,0x3706b59323064c3c1ff50c7a011edf9401da9a88,2,0xb421a98ca7825ad2951eaf6516bea4a9f08ffbfd(1x);0xf666057b3200c2af14534217ded1b8275dca53eb(1x)
1.0,0xceffff0e1711fb3008a847572cfe27b941893d40,2,0xb421a98ca7825ad2951eaf6516bea4a9f08ffbfd(5x);0xf666057b3200c2af14534217ded1b8275dca53eb(5x)
1.0,0x87de9f7073a6176e3d2286a0e36a9c226c6913fd,2,0xb421a98ca7825ad2951eaf6516bea4a9f08ffbfd(2x);0xf666057b3200c2af14534217ded1b8275dca53eb(2x)
1.0,0x918fd2f7589b6272ab116e834101f9b4bc2c0766,2,0xb421a98ca7825ad2951eaf6516bea4a9f08ffbfd(1x);0xf666057b3200c2af14534217ded1b8275dca53eb(1x)
1.0,0x48c6089c7c6411914db176b03df3ade39fade815,2,0xb421a98ca7825ad2951eaf6516bea4a9f08ffbfd(2x);0xf666057b3200c2af14534217ded1b8275dca53eb(2x)
1.0,0xe16378f8e1b779135e9ebac6ade2edcbe6c7aa44,2,0xb421a98ca7825ad2951eaf6516bea4a9f08ffbfd(1x);0xf666057b3200c2af14534217ded1b8275dca53eb(1x)
1.0,0x9206274b2f94641231f540750909ca35f73a67f6,2,0xb421a98ca7825ad2951eaf6516bea4a9f08ffbfd(1x);0xf666057b3200c2af14534217ded1b8275dca53eb(1x)
1.0,0xa0ee6a5b53601bb7442dbc293ccffabbc8e29b99,2,0xb421a98ca7825ad2951eaf6516bea4a9f08ffbfd(2x);0xf666057b3200c2af14534217ded1b8275dca53eb(2x)
1.0,0x532cacc1304387ff7e24cbe7da1c107dcbc7aa7d,2,0xb421a98ca7825ad2951eaf6516bea4a9f08ffbfd(2x);0xf666057b3200c2af14534217ded1b8275dca53eb(2x)
1.0,0xa530c595e9d0a6558bff0dc6ce01a75e35481977,2,0xb421a98ca7825ad2951eaf6516bea4a9f08ffbfd(6x);0xf666057b3200c2af14534217ded1b8275dca53eb(6x)
1.0,0x95fc4d390c8bd58fe154e9f01389c7b430cfc638,2,0xb421a98ca7825ad2951eaf6516bea4a9f08ffbfd(1x);0xf666057b3200c2af14534217ded1b8275dca53eb(1x)
1.0,0x891b79301b0e86489075c24e58a04fefb4a19a1b,2,0xb421a98ca7825ad2951eaf6516bea4a9f08ffbfd(1x);0xf666057b3200c2af14534217ded1b8275dca53eb(1x)
1.0,0xa21a80549ce4b778c314af41399edd6e49b19168,2,0xb421a98ca7825ad2951eaf6516bea4a9f08ffbfd(1x);0xf666057b3200c2af14534217ded1b8275dca53eb(1x)
1.0,0xa79dfac41be9a63f0ad546f77aee6a7f9103634d,2,0xb421a98ca7825ad2951eaf6516bea4a9f08ffbfd(1x);0xf666057b3200c2af14534217ded1b8275dca53eb(1x)
1.0,0xc6057216c345b7f87fb505c7af49c34a4dcc3f8a,2,0xb421a98ca7825ad2951eaf6516bea4a9f08ffbfd(1x);0xf666057b3200c2af14534217ded1b8275dca53eb(1x)
1.0,0xeb733cbd8f0d36edd7ee274c9fa15f85a092fcda,2,0xb421a98ca7825ad2951eaf6516bea4a9f08ffbfd(1x);0xf666057b3200c2af14534217ded1b8275dca53eb(1x)
1.0,0xc07ede270518cff71daafed01b7ce453d073e01d,2,0xb421a98ca7825ad2951eaf6516bea4a9f08ffbfd(1x);0xf666057b3200c2af14534217ded1b8275dca53eb(1x)
1.0,0x5798a6783637a2aeb26e18eb536103c0786ad73a,2,0xb421a98ca7825ad2951eaf6516bea4a9f08ffbfd(1x);0xf666057b3200c2af14534217ded1b8275dca53eb(1x)
1.0,0x53ae07b8fe77edff135ee45d41f5d147de2dab6c,2,0xb421a98ca7825ad2951eaf6516bea4a9f08ffbfd(1x);0xf666057b3200c2af14534217ded1b8275dca53eb(1x)
1.0,0x242a9d039f0345cd123a494baae433909c2ccc2a,2,0xb421a98ca7825ad2951eaf6516bea4a9f08ffbfd(1x);0xf666057b3200c2af14534217ded1b8275dca53eb(1x)
1.0,0x200ec2182d8910c1854d4d6ed5717b19840c883f,2,0xb421a98ca7825ad2951eaf6516bea4a9f08ffbfd(1x);0xf666057b3200c2af14534217ded1b8275dca53eb(1x)
1.0,0x315b603980a7d392f71de4bb150e98d02e610301,2,0xb421a98ca7825ad2951eaf6516bea4a9f08ffbfd(1x);0xf666057b3200c2af14534217ded1b8275dca53eb(1x)
1.0,0xe0660e3569dd5a8f47498dd9a369286b2199d550,2,0xb421a98ca7825ad2951eaf6516bea4a9f08ffbfd(1x);0xf666057b3200c2af14534217ded1b8275dca53eb(1x)
1.0,0xa09da9594de2fcfbc45d2de2a885fb37aeb8e222,2,0xb421a98ca7825ad2951eaf6516bea4a9f08ffbfd(1x);0xf666057b3200c2af14534217ded1b8275dca53eb(1x)
1.0,0x9981f622abfb2b1d8b66cc8c05d21b2e74ec3ef6,2,0xb421a98ca7825ad2951eaf6516bea4a9f08ffbfd(1x);0xf666057b3200c2af14534217ded1b8275dca53eb(1x)
1.0,0x6031e694aa50753a17f1599aba945fa73eac9fb4,2,0xb421a98ca7825ad2951eaf6516bea4a9f08ffbfd(1x);0xf666057b3200c2af14534217ded1b8275dca53eb(1x)
1.0,0xa9788342425538ebd37ce4734f97281338d43d97,2,0xb421a98ca7825ad2951eaf6516bea4a9f08ffbfd(1x);0xf666057b3200c2af14534217ded1b8275dca53eb(1x)
1.0,0xe92155cff9a96a8d51b9d5babe8b2533ac9409c7,2,0xb421a98ca7825ad2951eaf6516bea4a9f08ffbfd(1x);0xf666057b3200c2af14534217ded1b8275dca53eb(1x)
1.0,0x387a1068633f92a01dbf0b50ed4888744ec00e4c,2,0xb421a98ca7825ad2951eaf6516bea4a9f08ffbfd(1x);0xf666057b3200c2af14534217ded1b8275dca53eb(1x)
1.0,0xa6e69101c6827eee0d13c792d3331af24449b9e3,2,0xb421a98ca7825ad2951eaf6516bea4a9f08ffbfd(1x);0xf666057b3200c2af14534217ded1b8275dca53eb(1x)
1.0,0xfb98d0c9ebb789fcd868d1aaa70111b6e73aacb5,2,0xb421a98ca7825ad2951eaf6516bea4a9f08ffbfd(1x);0xf666057b3200c2af14534217ded1b8275dca53eb(1x)
1.0,0xe4e6c45c24859716a6a12ccd6d98dcedf96d5c09,2,0xb421a98ca7825ad2951eaf6516bea4a9f08ffbfd(1x);0xf666057b3200c2af14534217ded1b8275dca53eb(1x)
1.0,0x51220f33adfa35a3ea93f29cc1071e85a3dfe7ba,2,0xb421a98ca7825ad2951eaf6516bea4a9f08ffbfd(1x);0xf666057b3200c2af14534217ded1b8275dca53eb(1x)
1.0,0xbe1d86434d103ff3c36b71d635e51a5d0ad2c793,2,0xb421a98ca7825ad2951eaf6516bea4a9f08ffbfd(1x);0xf666057b3200c2af14534217ded1b8275dca53eb(1x)
1.0,0xf820be6e733abda33a94c9fce919c60b929a91a7,2,0xb421a98ca7825ad2951eaf6516bea4a9f08ffbfd(1x);0xf666057b3200c2af14534217ded1b8275dca53eb(1x)
1.0,0xdc29851e80ab9970812c081c71c713c0025c0ce2,2,0xb421a98ca7825ad2951eaf6516bea4a9f08ffbfd(1x);0xf666057b3200c2af14534217ded1b8275dca53eb(1x)
1.0,0x0af903d077774cb3a5f758ee52e638a505e02401,2,0xb421a98ca7825ad2951eaf6516bea4a9f08ffbfd(1x);0xf666057b3200c2af14534217ded1b8275dca53eb(1x)
1.0,0x1abe6d2cf86d9d89bb7bd65da69c8a59e8987621,2,0xb421a98ca7825ad2951eaf6516bea4a9f08ffbfd(1x);0xf666057b3200c2af14534217ded1b8275dca53eb(1x)
1.0,0xea7cadff629a8ccf9509b7cc2c3155ecf9cd1d00,2,0xb421a98ca7825ad2951eaf6516bea4a9f08ffbfd(2x);0xf666057b3200c2af14534217ded1b8275dca53eb(2x)
1.0,0xbe8725e56f4ad3c775483dcbeaff9909f39587f2,2,0xb421a98ca7825ad2951eaf6516bea4a9f08ffbfd(1x);0xf666057b3200c2af14534217ded1b8275dca53eb(1x)
1.0,0x1e146e78756ba378cd5c34c564853c10e3518ced,2,0xb421a98ca7825ad2951eaf6516bea4a9f08ffbfd(6x);0xf666057b3200c2af14534217ded1b8275dca53eb(6x)
1.0,0xabfcb14de8b7277266152fa353e38e0e8f63df02,2,0xb421a98ca7825ad2951eaf6516bea4a9f08ffbfd(1x);0xf666057b3200c2af14534217ded1b8275dca53eb(1x)
1.0,0x40172b378e37d087e09551bcf94b36b4ea2c1efa,2,0xb421a98ca7825ad2951eaf6516bea4a9f08ffbfd(2x);0xf666057b3200c2af14534217ded1b8275dca53eb(2x)
1.0,0x59cb3971a42b2dee3737719fe2ea46111c2df9bb,2,0xb421a98ca7825ad2951eaf6516bea4a9f08ffbfd(1x);0xf666057b3200c2af14534217ded1b8275dca53eb(1x)
1.0,0xb7ea8e81a2829a4560478193aef426382eeb9ff4,2,0xb421a98ca7825ad2951eaf6516bea4a9f08ffbfd(1x);0xf666057b3200c2af14534217ded1b8275dca53eb(1x)
1.0,0xf0b7db04fa350b7bb039ac11a55b75f27e7c0fcf,2,0xb421a98ca7825ad2951eaf6516bea4a9f08ffbfd(1x);0xf666057b3200c2af14534217ded1b8275dca53eb(1x)
1.0,0x085988e595dfc0778f431e985f609527ade2ee4c,2,0xb421a98ca7825ad2951eaf6516bea4a9f08ffbfd(2x);0xf666057b3200c2af14534217ded1b8275dca53eb(2x)
1.0,0x020185174c7a250f39e6ab00f2f341316edb98be,2,0xb421a98ca7825ad2951eaf6516bea4a9f08ffbfd(3x);0xf666057b3200c2af14534217ded1b8275dca53eb(3x)
1.0,0x0baed646fea43ff92e80cdf6d3d5968f52322807,2,0xb421a98ca7825ad2951eaf6516bea4a9f08ffbfd(1x);0xf666057b3200c2af14534217ded1b8275dca53eb(1x)
1.0,0xfa8979a037a981c72d7588e3e160b2e55e3ca655,2,0xb421a98ca7825ad2951eaf6516bea4a9f08ffbfd(1x);0xf666057b3200c2af14534217ded1b8275dca53eb(1x)
1.0,0x23ebc761ce0ee835227fd376a7ee2b3bc6e8e885,2,0xb421a98ca7825ad2951eaf6516bea4a9f08ffbfd(1x);0xf666057b3200c2af14534217ded1b8275dca53eb(1x)
1.0,0xc163451e7cad7823a2c7b9fc8a840b6fc31d6cd8,2,0xb421a98ca7825ad2951eaf6516bea4a9f08ffbfd(1x);0xf666057b3200c2af14534217ded1b8275dca53eb(1x)
1.0,0x83b2f80a609828c56aef8dae36f8c53f4ca84059,2,0xb421a98ca7825ad2951eaf6516bea4a9f08ffbfd(1x);0xf666057b3200c2af14534217ded1b8275dca53eb(1x)
1.0,0xbdf58f5d84277ca5b8f5b79c5b16e95471f5512f,2,0xb421a98ca7825ad2951eaf6516bea4a9f08ffbfd(1x);0xf666057b3200c2af14534217ded1b8275dca53eb(1x)
1.0,0x3fa30384b7ceda116ded177c12628944a9707857,2,0xb421a98ca7825ad2951eaf6516bea4a9f08ffbfd(1x);0xf666057b3200c2af14534217ded1b8275dca53eb(1x)
1.0,0xac24e37b6d502421e7cb5bfe47b5f702403a970f,2,0xb421a98ca7825ad2951eaf6516bea4a9f08ffbfd(1x);0xf666057b3200c2af14534217ded1b8275dca53eb(1x)
1.0,0x2094c083473f0b21ad7a1809ec563b7965b2a689,2,0xb421a98ca7825ad2951eaf6516bea4a9f08ffbfd(1x);0xf666057b3200c2af14534217ded1b8275dca53eb(1x)
1.0,0x17c6fbd72a938da54ab6b3513f2ce5bc06b420ba,2,0xb421a98ca7825ad2951eaf6516bea4a9f08ffbfd(1x);0xf666057b3200c2af14534217ded1b8275dca53eb(1x)
1.0,0x3261d0575f7f2d0052a76681e0754d2dd1db7e55,2,0xb421a98ca7825ad2951eaf6516bea4a9f08ffbfd(1x);0xf666057b3200c2af14534217ded1b8275dca53eb(1x)
1.0,0xd48fe599f65a6a95ebc13432315e0d74f9ec9929,2,0xb421a98ca7825ad2951eaf6516bea4a9f08ffbfd(1x);0xf666057b3200c2af14534217ded1b8275dca53eb(1x)
1.0,0x0206bc8a1efeb12305fd3f1c428cdfb17849696b,2,0xb421a98ca7825ad2951eaf6516bea4a9f08ffbfd(1x);0xf666057b3200c2af14534217ded1b8275dca53eb(1x)
1.0,0xbe5bf8862d5bc3fa516fffc3e01c6d5548a616d3,2,0xb421a98ca7825ad2951eaf6516bea4a9f08ffbfd(8x);0xf666057b3200c2af14534217ded1b8275dca53eb(8x)
1.0,0xe4c181e617dbca14c0f68d4127e8a94071d9ffa0,2,0xb421a98ca7825ad2951eaf6516bea4a9f08ffbfd(1x);0xf666057b3200c2af14534217ded1b8275dca53eb(1x)
1.0,0x825bdec0442860b121dfad9ae3935f8988cf9d65,2,0xb421a98ca7825ad2951eaf6516bea4a9f08ffbfd(1x);0xf666057b3200c2af14534217ded1b8275dca53eb(1x)
1.0,0x75fad6f72068db2ff0b53b812c098a0687f08be2,2,0xb421a98ca7825ad2951eaf6516bea4a9f08ffbfd(1x);0xf666057b3200c2af14534217ded1b8275dca53eb(1x)
1.0,0x1dd1b8a6772a704d8160dc286bef081da868405a,2,0xb421a98ca7825ad2951eaf6516bea4a9f08ffbfd(1x);0xf666057b3200c2af14534217ded1b8275dca53eb(1x)
1.0,0xc0749ffe554363d0547c2273c2aca1d8882ad98a,2,0xb421a98ca7825ad2951eaf6516bea4a9f08ffbfd(1x);0xf666057b3200c2af14534217ded1b8275dca53eb(1x)
1.0,0xa4feb7e653f3a5a2b9b9f7f060d3d30e544475cf,2,0xb421a98ca7825ad2951eaf6516bea4a9f08ffbfd(1x);0xf666057b3200c2af14534217ded1b8275dca53eb(1x)
1.0,0xefe48740ebf2fd1dbf828e70b10011d26b7b1c9b,2,0xb421a98ca7825ad2951eaf6516bea4a9f08ffbfd(1x);0xf666057b3200c2af14534217ded1b8275dca53eb(1x)
1.0,0x892634d03ca6405cfdc7d9bbc4878af72273c8b3,2,0xb421a98ca7825ad2951eaf6516bea4a9f08ffbfd(1x);0xf666057b3200c2af14534217ded1b8275dca53eb(1x)
1.0,0xc4ff5cb17e7a81bd263e87419a0dc64a99be2a11,2,0xb421a98ca7825ad2951eaf6516bea4a9f08ffbfd(1x);0xf666057b3200c2af14534217ded1b8275dca53eb(1x)
1.0,0xe09d862f88209d2c3b178c8c736a4d26ffa7363c,2,0xb421a98ca7825ad2951eaf6516bea4a9f08ffbfd(1x);0xf666057b3200c2af14534217ded1b8275dca53eb(1x)
1.0,0xa37740b28546565fd18eafbc85c6a933d6dc20bf,2,0xb421a98ca7825ad2951eaf6516bea4a9f08ffbfd(1x);0xf666057b3200c2af14534217ded1b8275dca53eb(1x)
1.0,0x866cc0a24ea822ccf8ae5b47a70046e7140e0ced,2,0xb421a98ca7825ad2951eaf6516bea4a9f08ffbfd(1x);0xf666057b3200c2af14534217ded1b8275dca53eb(1x)
1.0,0xc32cd581ec0be3748f256d8c973d1056f02cd2a2,2,0xb421a98ca7825ad2951eaf6516bea4a9f08ffbfd(1x);0xf666057b3200c2af14534217ded1b8275dca53eb(1x)
1.0,0x22c53e1720746a7f96b5df84a9e18886ee0e92c1,2,0xb421a98ca7825ad2951eaf6516bea4a9f08ffbfd(1x);0xf666057b3200c2af14534217ded1b8275dca53eb(1x)
1.0,0xd304664557eefca26877d04d82c84ff2e705c48c,2,0xb421a98ca7825ad2951eaf6516bea4a9f08ffbfd(1x);0xf666057b3200c2af14534217ded1b8275dca53eb(1x)
1.0,0x0129855211112ff6e4a69fbc55d4a327d9f8ed10,2,0xb421a98ca7825ad2951eaf6516bea4a9f08ffbfd(1x);0xf666057b3200c2af14534217ded1b8275dca53eb(1x)
1.0,0x488853ef48097908da48c147d8b67ef2fd836403,2,0xb421a98ca7825ad2951eaf6516bea4a9f08ffbfd(1x);0xf666057b3200c2af14534217ded1b8275dca53eb(1x)
1.0,0x466e63daa08a5022b86fe04fba7668e38525a6d5,2,0xb421a98ca7825ad2951eaf6516bea4a9f08ffbfd(1x);0xf666057b3200c2af14534217ded1b8275dca53eb(1x)
1.0,0xcf06a8ac1d46e91f82738ec16916e44de5da9378,2,0xb421a98ca7825ad2951eaf6516bea4a9f08ffbfd(1x);0xf666057b3200c2af14534217ded1b8275dca53eb(1x)
1.0,0x504dbaf168ce9e249961ebd9f4bc2f103e2aad3a,2,0xb421a98ca7825ad2951eaf6516bea4a9f08ffbfd(1x);0xf666057b3200c2af14534217ded1b8275dca53eb(1x)
1.0,0x533e0e4605774c20e9f3bb6665b8b5c8f4cf0992,2,0xb421a98ca7825ad2951eaf6516bea4a9f08ffbfd(1x);0xf666057b3200c2af14534217ded1b8275dca53eb(1x)
1.0,0x44413487296b553e0725de37fb52ddbb8218e64f,2,0xb421a98ca7825ad2951eaf6516bea4a9f08ffbfd(1x);0xf666057b3200c2af14534217ded1b8275dca53eb(1x)
1.0,0x6c550b134e170b0a319fd7b61e5698be08d56018,2,0xb421a98ca7825ad2951eaf6516bea4a9f08ffbfd(1x);0xf666057b3200c2af14534217ded1b8275dca53eb(1x)
1.0,0x57d6d4621ea16d37dbe91786d6abc3fb8ef8e365,2,0xb421a98ca7825ad2951eaf6516bea4a9f08ffbfd(1x);0xf666057b3200c2af14534217ded1b8275dca53eb(1x)
1.0,0xbc483046bb1fec1dda85af44a41c026afda0d65e,2,0xb421a98ca7825ad2951eaf6516bea4a9f08ffbfd(1x);0xf666057b3200c2af14534217ded1b8275dca53eb(1x)
1.0,0x6d8281339e7c2198bf5f088877928a9bc3d9b439,2,0xb421a98ca7825ad2951eaf6516bea4a9f08ffbfd(2x);0xf666057b3200c2af14534217ded1b8275dca53eb(2x)
1.0,0x03f811ad239121f2f000c354f3958adf9a75a718,2,0xb421a98ca7825ad2951eaf6516bea4a9f08ffbfd(1x);0xf666057b3200c2af14534217ded1b8275dca53eb(1x)
1.0,0x7c391d2e95b0338ec4f96f91be43addf57bcff74,2,0xb421a98ca7825ad2951eaf6516bea4a9f08ffbfd(1x);0xf666057b3200c2af14534217ded1b8275dca53eb(1x)
1.0,0x61de1b1857c8cadd59fd3426c6ee77580b3dccf9,2,0xb421a98ca7825ad2951eaf6516bea4a9f08ffbfd(1x);0xf666057b3200c2af14534217ded1b8275dca53eb(1x)
1.0,0x3e38c0568bb46aa76aa7b5ad67562442ee93dafc,2,0xb421a98ca7825ad2951eaf6516bea4a9f08ffbfd(1x);0xf666057b3200c2af14534217ded1b8275dca53eb(1x)
1.0,0x20d699c19b5d9d10aeb1dd4f537d25bbe4d160a2,2,0xb421a98ca7825ad2951eaf6516bea4a9f08ffbfd(1x);0xf666057b3200c2af14534217ded1b8275dca53eb(1x)
1.0,0xe0b6e5ea8728b1144f709b48e822de42fa3a2d88,2,0xb421a98ca7825ad2951eaf6516bea4a9f08ffbfd(1x);0xf666057b3200c2af14534217ded1b8275dca53eb(1x)
1.0,0xbfdc7d9381388571d39e0767b7f3462b921c82fa,2,0xb421a98ca7825ad2951eaf6516bea4a9f08ffbfd(1x);0xf666057b3200c2af14534217ded1b8275dca53eb(1x)
1.0,0x189042405137b98f6f8b14de79e5c463b24afccb,2,0xb421a98ca7825ad2951eaf6516bea4a9f08ffbfd(1x);0xf666057b3200c2af14534217ded1b8275dca53eb(1x)
1.0,0x961924c050a3422d2395d9aeb1c7ff5fce5f33f3,2,0xb421a98ca7825ad2951eaf6516bea4a9f08ffbfd(1x);0xf666057b3200c2af14534217ded1b8275dca53eb(1x)
1.0,0x5082fe94f6bd9d9281422665984b0db991b9d04c,2,0xb421a98ca7825ad2951eaf6516bea4a9f08ffbfd(1x);0xf666057b3200c2af14534217ded1b8275dca53eb(1x)
1.0,0x9bc06920671ea947c19781801f08df5f0abb5ac9,2,0xb421a98ca7825ad2951eaf6516bea4a9f08ffbfd(1x);0xf666057b3200c2af14534217ded1b8275dca53eb(1x)
1.0,0xcaafc62a9b5946a600ca2696f323a6cdbcacaea8,2,0xb421a98ca7825ad2951eaf6516bea4a9f08ffbfd(1x);0xf666057b3200c2af14534217ded1b8275dca53eb(1x)
1.0,0x0b17ab41680228c3dea050fae2c7bbc486ad465a,2,0xb421a98ca7825ad2951eaf6516bea4a9f08ffbfd(1x);0xf666057b3200c2af14534217ded1b8275dca53eb(1x)
1.0,0x8e9000d69aeea946c297f9af83bb023de4b12023,2,0xb421a98ca7825ad2951eaf6516bea4a9f08ffbfd(1x);0xf666057b3200c2af14534217ded1b8275dca53eb(1x)
1.0,0x05369b460fda184fb0c9ec642e1dd789234474d7,2,0xb421a98ca7825ad2951eaf6516bea4a9f08ffbfd(1x);0xf666057b3200c2af14534217ded1b8275dca53eb(1x)
1.0,0x4c35a4789c7d174814bfc5c95a47b78c7a8abf8b,2,0xb421a98ca7825ad2951eaf6516bea4a9f08ffbfd(1x);0xf666057b3200c2af14534217ded1b8275dca53eb(1x)
1.0,0xce2cab5bde468dc2530b668a6ece75d09299faab,2,0xb421a98ca7825ad2951eaf6516bea4a9f08ffbfd(1x);0xf666057b3200c2af14534217ded1b8275dca53eb(1x)
1.0,0xf3b2b89d89774571f1c96cb9671f85fefa9e0121,2,0xb421a98ca7825ad2951eaf6516bea4a9f08ffbfd(1x);0xf666057b3200c2af14534217ded1b8275dca53eb(1x)
1.0,0xdcd174fae0f9d22d940c88b6e366c2049b1fd6a6,2,0xb421a98ca7825ad2951eaf6516bea4a9f08ffbfd(1x);0xf666057b3200c2af14534217ded1b8275dca53eb(1x)
1.0,0x4716fa0b3028cf0b7f4ec779b58ee247666d4286,2,0xb421a98ca7825ad2951eaf6516bea4a9f08ffbfd(1x);0xf666057b3200c2af14534217ded1b8275dca53eb(1x)
1.0,0xe551a01a027e2568576965102da417c956696b7f,2,0xb421a98ca7825ad2951eaf6516bea4a9f08ffbfd(1x);0xf666057b3200c2af14534217ded1b8275dca53eb(1x)
1.0,0xf4e7739170c9549e8a752435646ce8c72d5d68b0,2,0xb421a98ca7825ad2951eaf6516bea4a9f08ffbfd(1x);0xf666057b3200c2af14534217ded1b8275dca53eb(1x)
1.0,0x9ba945a87edf875d125cbea62b3438fae90d803b,2,0xb421a98ca7825ad2951eaf6516bea4a9f08ffbfd(1x);0xf666057b3200c2af14534217ded1b8275dca53eb(1x)
1.0,0x47417f7ec64721a2476d306a2ff1082098414f82,2,0xb421a98ca7825ad2951eaf6516bea4a9f08ffbfd(2x);0xf666057b3200c2af14534217ded1b8275dca53eb(2x)
1.0,0xc8120572318afaf2cc6dc8e8b9add265bc2e2359,2,0xb421a98ca7825ad2951eaf6516bea4a9f08ffbfd(1x);0xf666057b3200c2af14534217ded1b8275dca53eb(1x)
1.0,0x6375450f589b60fb36a3b021d7518ff72eb656e8,2,0xb421a98ca7825ad2951eaf6516bea4a9f08ffbfd(1x);0xf666057b3200c2af14534217ded1b8275dca53eb(1x)
1.0,0xd134127ddc41951bea1b0b6e079867a5b5c588a2,2,0xb421a98ca7825ad2951eaf6516bea4a9f08ffbfd(1x);0xf666057b3200c2af14534217ded1b8275dca53eb(1x)
1.0,0x5fb5a33ec2110d3575d01f16f9c3a75d69a8b954,2,0xb421a98ca7825ad2951eaf6516bea4a9f08ffbfd(1x);0xf666057b3200c2af14534217ded1b8275dca53eb(1x)
1.0,0x0a89dfbc95107cd6b11c71ace7d40960400efdd7,2,0xb421a98ca7825ad2951eaf6516bea4a9f08ffbfd(1x);0xf666057b3200c2af14534217ded1b8275dca53eb(1x)
1.0,0x7274327aec1fb7d3097754834c1b00cb5eb5e9c0,2,0xb421a98ca7825ad2951eaf6516bea4a9f08ffbfd(1x);0xf666057b3200c2af14534217ded1b8275dca53eb(1x)
1.0,0xa84431c93e0a2ec78197308ef1e16546b914b1eb,2,0xb421a98ca7825ad2951eaf6516bea4a9f08ffbfd(1x);0xf666057b3200c2af14534217ded1b8275dca53eb(1x)
1.0,0x7ef2fca86f4e950aca6833ff8985996f7e6452cd,2,0xb421a98ca7825ad2951eaf6516bea4a9f08ffbfd(1x);0xf666057b3200c2af14534217ded1b8275dca53eb(1x)
1.0,0x6dd9d018fed0c0007b490c26c7e51cc0ed311772,2,0xb421a98ca7825ad2951eaf6516bea4a9f08ffbfd(1x);0xf666057b3200c2af14534217ded1b8275dca53eb(1x)
1.0,0x12d7a72b7a754819436ee56b8dcff4ff7bd00eb9,2,0xb421a98ca7825ad2951eaf6516bea4a9f08ffbfd(1x);0xf666057b3200c2af14534217ded1b8275dca53eb(1x)
1.0,0x318a57c97fb526e102706eda7ced0985732113e2,2,0xb421a98ca7825ad2951eaf6516bea4a9f08ffbfd(1x);0xf666057b3200c2af14534217ded1b8275dca53eb(1x)
1.0,0xc17b529daf3a3223487a7a0672dec0a86ec06aff,2,0xb421a98ca7825ad2951eaf6516bea4a9f08ffbfd(1x);0xf666057b3200c2af14534217ded1b8275dca53eb(1x)
1.0,0x0407ac5c996af57329293fb018ce736c4342550a,2,0xb421a98ca7825ad2951eaf6516bea4a9f08ffbfd(1x);0xf666057b3200c2af14534217ded1b8275dca53eb(1x)
1.0,0xda391041bcf2631078f465cb14e4103929bcba40,2,0xb421a98ca7825ad2951eaf6516bea4a9f08ffbfd(1x);0xf666057b3200c2af14534217ded1b8275dca53eb(1x)
1.0,0xe61d6259aedf056e4d6903f308d9591b2a1a2e2a,2,0xb421a98ca7825ad2951eaf6516bea4a9f08ffbfd(1x);0xf666057b3200c2af14534217ded1b8275dca53eb(1x)
1.0,0xf90dd4afce633280456df9c009179d5de0454b59,2,0xb421a98ca7825ad2951eaf6516bea4a9f08ffbfd(1x);0xf666057b3200c2af14534217ded1b8275dca53eb(1x)
1.0,0x47cfdafc359f11137c9a7bcc30a75d9854e278d9,2,0xb421a98ca7825ad2951eaf6516bea4a9f08ffbfd(1x);0xf666057b3200c2af14534217ded1b8275dca53eb(1x)
1.0,0x13b25fbe87cd198394b80c4bb11f2f8357cd5ed6,2,0xb421a98ca7825ad2951eaf6516bea4a9f08ffbfd(1x);0xf666057b3200c2af14534217ded1b8275dca53eb(1x)
1.0,0xac6b91abaaec6eae48ebd5aa5e706ce07a5ed712,2,0xb421a98ca7825ad2951eaf6516bea4a9f08ffbfd(1x);0xf666057b3200c2af14534217ded1b8275dca53eb(1x)
1.0,0x75fce6e977861dc5f5f67b3dedd03fa9c0506a24,2,0xb421a98ca7825ad2951eaf6516bea4a9f08ffbfd(1x);0xf666057b3200c2af14534217ded1b8275dca53eb(1x)
1.0,0xcf4f740a13b5b3ab70ddf9fe8ba0ea14fe61c5f8,2,0xb421a98ca7825ad2951eaf6516bea4a9f08ffbfd(1x);0xf666057b3200c2af14534217ded1b8275dca53eb(1x)
1.0,0x92888d83b34b2cc590061019a86c7627f701badc,2,0xb421a98ca7825ad2951eaf6516bea4a9f08ffbfd(1x);0xf666057b3200c2af14534217ded1b8275dca53eb(1x)
1.0,0x329515fcd11ef0abbb6cab17f4d182482f22c06f,2,0xb421a98ca7825ad2951eaf6516bea4a9f08ffbfd(1x);0xf666057b3200c2af14534217ded1b8275dca53eb(1x)
1.0,0xf5d12aadc01cc4b75f894064fcb63f760a91d4cb,2,0xb421a98ca7825ad2951eaf6516bea4a9f08ffbfd(1x);0xf666057b3200c2af14534217ded1b8275dca53eb(1x)
1.0,0x04faed37d5fa118bf3533c83879e3395ffeafeac,2,0xb421a98ca7825ad2951eaf6516bea4a9f08ffbfd(1x);0xf666057b3200c2af14534217ded1b8275dca53eb(1x)
1.0,0x8acd98d06c41cdf04022069742e8ef85f4c3bcec,2,0xb421a98ca7825ad2951eaf6516bea4a9f08ffbfd(2x);0xf666057b3200c2af14534217ded1b8275dca53eb(2x)
1.0,0xd7805858035005adb4fab79189a54022a6e7324e,2,0xb421a98ca7825ad2951eaf6516bea4a9f08ffbfd(1x);0xf666057b3200c2af14534217ded1b8275dca53eb(1x)
1.0,0x03a3ed8956188e42c14f3ee6eafd056ba3053008,2,0xb421a98ca7825ad2951eaf6516bea4a9f08ffbfd(1x);0xf666057b3200c2af14534217ded1b8275dca53eb(1x)
1.0,0xd046d8cd4fe1c26e351bc532b00380040fcf5220,2,0xb421a98ca7825ad2951eaf6516bea4a9f08ffbfd(1x);0xf666057b3200c2af14534217ded1b8275dca53eb(1x)
1.0,0xa5ca61f4f11ae06910ceddeafdb1ef27392f528e,2,0xb421a98ca7825ad2951eaf6516bea4a9f08ffbfd(1x);0xf666057b3200c2af14534217ded1b8275dca53eb(1x)
1.0,0x42d8d5ba3120689b7788d93188a41d7ef9e4b0e9,2,0xb421a98ca7825ad2951eaf6516bea4a9f08ffbfd(1x);0xf666057b3200c2af14534217ded1b8275dca53eb(1x)
1.0,0x202d9fdea00e15d78999bf77bb0e2ad88f1a63af,2,0xb421a98ca7825ad2951eaf6516bea4a9f08ffbfd(1x);0xf666057b3200c2af14534217ded1b8275dca53eb(1x)
1.0,0xb788fdb8152890348f791a0c0591d6ef47d5a84a,2,0xb421a98ca7825ad2951eaf6516bea4a9f08ffbfd(1x);0xf666057b3200c2af14534217ded1b8275dca53eb(1x)
1.0,0x91bb141c23949930998216f85ce2781ccd272ec5,2,0xb421a98ca7825ad2951eaf6516bea4a9f08ffbfd(1x);0xf666057b3200c2af14534217ded1b8275dca53eb(1x)
1.0,0x576997e748619d3cab2f789851c5dcbd87cde5c4,2,0xb421a98ca7825ad2951eaf6516bea4a9f08ffbfd(1x);0xf666057b3200c2af14534217ded1b8275dca53eb(1x)
1.0,0x55905743e3476e07907deb6b92e4d09a2b510550,2,0xb421a98ca7825ad2951eaf6516bea4a9f08ffbfd(1x);0xf666057b3200c2af14534217ded1b8275dca53eb(1x)
1.0,0x2ba8d003d1fd10cd7a896864d4a62dc67977d311,2,0xb421a98ca7825ad2951eaf6516bea4a9f08ffbfd(1x);0xf666057b3200c2af14534217ded1b8275dca53eb(1x)
1.0,0x1a18e9b782a2966048305568c3f59edd949abf55,2,0xb421a98ca7825ad2951eaf6516bea4a9f08ffbfd(1x);0xf666057b3200c2af14534217ded1b8275dca53eb(1x)
1.0,0xf850132781201c5a0ecbbe8f9797fb82391690f5,2,0xb421a98ca7825ad2951eaf6516bea4a9f08ffbfd(1x);0xf666057b3200c2af14534217ded1b8275dca53eb(1x)
1.0,0x66579d8f6e1aadfab99da848ad00d4191640f8dd,2,0xb421a98ca7825ad2951eaf6516bea4a9f08ffbfd(1x);0xf666057b3200c2af14534217ded1b8275dca53eb(1x)
1.0,0x0258808a8dbad107b55f1dd569f9a3bd57b2c301,2,0xb421a98ca7825ad2951eaf6516bea4a9f08ffbfd(1x);0xf666057b3200c2af14534217ded1b8275dca53eb(1x)
1.0,0x1ce8c9f4f329fd1909df3d2e7e3ae2ffcea8133e,2,0xb421a98ca7825ad2951eaf6516bea4a9f08ffbfd(1x);0xf666057b3200c2af14534217ded1b8275dca53eb(1x)
1.0,0x0cb143b12d6ab0c75c4aa4413ea6870a4d6317c0,2,0xb421a98ca7825ad2951eaf6516bea4a9f08ffbfd(1x);0xf666057b3200c2af14534217ded1b8275dca53eb(1x)
1.0,0xced4153e2d1af939436157a4a72ce43b0b138b21,2,0xb421a98ca7825ad2951eaf6516bea4a9f08ffbfd(1x);0xf666057b3200c2af14534217ded1b8275dca53eb(1x)
1.0,0x376e4a368f408acde19e72e541c3a9602d989929,2,0xb421a98ca7825ad2951eaf6516bea4a9f08ffbfd(1x);0xf666057b3200c2af14534217ded1b8275dca53eb(1x)
1.0,0x9b29db24e637fa1598b0ab4701b1e346986d4f26,2,0xb421a98ca7825ad2951eaf6516bea4a9f08ffbfd(1x);0xf666057b3200c2af14534217ded1b8275dca53eb(1x)
1.0,0xc5c40e35ce285e5c42c361273f093445f3df2c3f,2,0xb421a98ca7825ad2951eaf6516bea4a9f08ffbfd(1x);0xf666057b3200c2af14534217ded1b8275dca53eb(1x)
1.0,0xd0a667b9994ec5cb438e710054ea9a3d7c923c64,2,0xb421a98ca7825ad2951eaf6516bea4a9f08ffbfd(1x);0xf666057b3200c2af14534217ded1b8275dca53eb(1x)
1.0,0x50927153ec24bd5023d7016738c1997ddf6527e1,2,0xb421a98ca7825ad2951eaf6516bea4a9f08ffbfd(1x);0xf666057b3200c2af14534217ded1b8275dca53eb(1x)
1.0,0x7729f0b5ad1bbe27b209c68c620d7b1dedf08157,2,0xb421a98ca7825ad2951eaf6516bea4a9f08ffbfd(1x);0xf666057b3200c2af14534217ded1b8275dca53eb(1x)
1.0,0x567e412f5a7ca9fc7be6c75f9ea083f72e9e792c,2,0xb421a98ca7825ad2951eaf6516bea4a9f08ffbfd(1x);0xf666057b3200c2af14534217ded1b8275dca53eb(1x)
1.0,0xec555f994d0add2277ff3ef14167e3188bf31fa9,2,0xb421a98ca7825ad2951eaf6516bea4a9f08ffbfd(1x);0xf666057b3200c2af14534217ded1b8275dca53eb(1x)
1.0,0xba158ce46267326ec7e4f6fa4b24acb86515c0ea,2,0xb421a98ca7825ad2951eaf6516bea4a9f08ffbfd(3x);0xf666057b3200c2af14534217ded1b8275dca53eb(3x)
1.0,0x29c4ba33f9d4c61527b88c026815c6bdafe895cb,2,0xb421a98ca7825ad2951eaf6516bea4a9f08ffbfd(1x);0xf666057b3200c2af14534217ded1b8275dca53eb(1x)
1.0,0x51de130bdb74c683c0d16b48feb936cdeb3af6ca,2,0xb421a98ca7825ad2951eaf6516bea4a9f08ffbfd(1x);0xf666057b3200c2af14534217ded1b8275dca53eb(1x)
1.0,0x26a53f41ea645cf9f0a734778fc92e8e3e670015,2,0xb421a98ca7825ad2951eaf6516bea4a9f08ffbfd(1x);0xf666057b3200c2af14534217ded1b8275dca53eb(1x)
1.0,0xea2674907342c040e8123e7b4021d94ebc970fb6,2,0xb421a98ca7825ad2951eaf6516bea4a9f08ffbfd(1x);0xf666057b3200c2af14534217ded1b8275dca53eb(1x)
1.0,0x5eab5fd9dcae6a03fd9aad4dcdc758450b73e87a,2,0xb421a98ca7825ad2951eaf6516bea4a9f08ffbfd(1x);0xf666057b3200c2af14534217ded1b8275dca53eb(1x)
1.0,0xedb821797847981cc093b92fef503172d275ab7e,2,0xb421a98ca7825ad2951eaf6516bea4a9f08ffbfd(1x);0xf666057b3200c2af14534217ded1b8275dca53eb(1x)
1.0,0xc6db83fb52af182802def1fa69a9bc686219b400,2,0xb421a98ca7825ad2951eaf6516bea4a9f08ffbfd(1x);0xf666057b3200c2af14534217ded1b8275dca53eb(1x)
1.0,0x31bb1b4bfbbe9337f5d3458a8e8c1e664d034f9d,2,0xb421a98ca7825ad2951eaf6516bea4a9f08ffbfd(1x);0xf666057b3200c2af14534217ded1b8275dca53eb(1x)
1.0,0x829e8dd945f12a7bacf15165a4da636184bc7b6d,2,0xb421a98ca7825ad2951eaf6516bea4a9f08ffbfd(1x);0xf666057b3200c2af14534217ded1b8275dca53eb(1x)
1.0,0x1e1b08cab1086934b149a41aaa6fc5c31ae212b0,2,0xb421a98ca7825ad2951eaf6516bea4a9f08ffbfd(1x);0xf666057b3200c2af14534217ded1b8275dca53eb(1x)
1.0,0x3be53b67fac857d637be20df3d229ed683dbade9,2,0xb421a98ca7825ad2951eaf6516bea4a9f08ffbfd(1x);0xf666057b3200c2af14534217ded1b8275dca53eb(1x)
1.0,0x845375fddb8700e369836f0aa4c42c0d99451712,2,0xb421a98ca7825ad2951eaf6516bea4a9f08ffbfd(1x);0xf666057b3200c2af14534217ded1b8275dca53eb(1x)
1.0,0xc5fa318941fb4157d67f6a8a8b104e01e4107637,2,0xb421a98ca7825ad2951eaf6516bea4a9f08ffbfd(1x);0xf666057b3200c2af14534217ded1b8275dca53eb(1x)
1.0,0x4a1efa4328787e391bb0f9a6e55191255c138a48,2,0xb421a98ca7825ad2951eaf6516bea4a9f08ffbfd(1x);0xf666057b3200c2af14534217ded1b8275dca53eb(1x)
1.0,0xdf4ee9f7aea37d31c02d00a48b8025093d1edbdd,2,0xb421a98ca7825ad2951eaf6516bea4a9f08ffbfd(1x);0xf666057b3200c2af14534217ded1b8275dca53eb(1x)
1.0,0x76647195fd6ad0518a0957c87b7575debd56549f,2,0xb421a98ca7825ad2951eaf6516bea4a9f08ffbfd(1x);0xf666057b3200c2af14534217ded1b8275dca53eb(1x)
1.0,0x520783c321b6cc5758b279a36dfa2c96e51746e3,2,0xb421a98ca7825ad2951eaf6516bea4a9f08ffbfd(1x);0xf666057b3200c2af14534217ded1b8275dca53eb(1x)
1.0,0xb3d96f1e4bc8719015d0287267b3c3a51a87e5bc,2,0xb421a98ca7825ad2951eaf6516bea4a9f08ffbfd(1x);0xf666057b3200c2af14534217ded1b8275dca53eb(1x)
1.0,0x589f77eabb807b2e0f3aa31abd08cbf6f0aadf9e,2,0xb421a98ca7825ad2951eaf6516bea4a9f08ffbfd(1x);0xf666057b3200c2af14534217ded1b8275dca53eb(1x)
1.0,0xf6d8d44082b397fdf4e31db8914d0ae2de4f34ac,2,0xb421a98ca7825ad2951eaf6516bea4a9f08ffbfd(1x);0xf666057b3200c2af14534217ded1b8275dca53eb(1x)
1.0,0x5f268d420368763d0f86a5bd5ebd523910acaa11,2,0xb421a98ca7825ad2951eaf6516bea4a9f08ffbfd(1x);0xf666057b3200c2af14534217ded1b8275dca53eb(1x)
1.0,0x31423d00cd92223214b81eb071118b5a00dddfa3,2,0xb421a98ca7825ad2951eaf6516bea4a9f08ffbfd(1x);0xf666057b3200c2af14534217ded1b8275dca53eb(1x)
1.0,0xaf94bcdc5ea2aca72c5d46b92514b39f76953be8,2,0xb421a98ca7825ad2951eaf6516bea4a9f08ffbfd(1x);0xf666057b3200c2af14534217ded1b8275dca53eb(1x)
1.0,0x049bee044ff0df0cc31dd5318b28b8d4894923be,2,0xb421a98ca7825ad2951eaf6516bea4a9f08ffbfd(1x);0xf666057b3200c2af14534217ded1b8275dca53eb(1x)
1.0,0x991506b5a03aef0cf71f32d8322f0861f699f9a4,2,0xb421a98ca7825ad2951eaf6516bea4a9f08ffbfd(1x);0xf666057b3200c2af14534217ded1b8275dca53eb(1x)
1.0,0x7c5d38902d788b7f3f1003f610d24edcb1a41394,2,0xb421a98ca7825ad2951eaf6516bea4a9f08ffbfd(1x);0xf666057b3200c2af14534217ded1b8275dca53eb(1x)
1.0,0x53ebeace86710b5e8137942482620964157ddffb,2,0xb421a98ca7825ad2951eaf6516bea4a9f08ffbfd(1x);0xf666057b3200c2af14534217ded1b8275dca53eb(1x)
1.0,0xbc5912869d19623dc223a7ec4e9495898d3c6034,2,0xb421a98ca7825ad2951eaf6516bea4a9f08ffbfd(1x);0xf666057b3200c2af14534217ded1b8275dca53eb(1x)
1.0,0x03b5099936216eb7f8591201718c6db6e3c1614d,2,0xb421a98ca7825ad2951eaf6516bea4a9f08ffbfd(1x);0xf666057b3200c2af14534217ded1b8275dca53eb(1x)
1.0,0x6808ff30a3b3d9fb79074133d20bcd9b8f297d3b,2,0xb421a98ca7825ad2951eaf6516bea4a9f08ffbfd(1x);0xf666057b3200c2af14534217ded1b8275dca53eb(1x)
1.0,0xeb13de6599e699cab17db74d9d964feb20416fd0,2,0xb421a98ca7825ad2951eaf6516bea4a9f08ffbfd(1x);0xf666057b3200c2af14534217ded1b8275dca53eb(1x)
1.0,0x2562ff74bc7f979f009155920a0c0460d5d3fcb1,2,0xb421a98ca7825ad2951eaf6516bea4a9f08ffbfd(1x);0xf666057b3200c2af14534217ded1b8275dca53eb(1x)
1.0,0x84e2f99b820cdb4485c2cce88f41c22db1734c67,2,0xb421a98ca7825ad2951eaf6516bea4a9f08ffbfd(1x);0xf666057b3200c2af14534217ded1b8275dca53eb(1x)
1.0,0x8750faf76b53de25e1ef7e435d4e138527f645b0,2,0xb421a98ca7825ad2951eaf6516bea4a9f08ffbfd(1x);0xf666057b3200c2af14534217ded1b8275dca53eb(1x)
1.0,0x6b9069d8b05a0dedf8363acf3133b52245bb9cb5,2,0xb421a98ca7825ad2951eaf6516bea4a9f08ffbfd(1x);0xf666057b3200c2af14534217ded1b8275dca53eb(1x)
1.0,0xff17e937c16faea00bfdf6da55123f75e6504a44,2,0xb421a98ca7825ad2951eaf6516bea4a9f08ffbfd(1x);0xf666057b3200c2af14534217ded1b8275dca53eb(1x)
1.0,0xc1d2ca5d4385e2e45b58e98dc72dea6ec729fe38,2,0xb421a98ca7825ad2951eaf6516bea4a9f08ffbfd(1x);0xf666057b3200c2af14534217ded1b8275dca53eb(1x)
1.0,0x3dd80334ecde64dfefcbefe670c2bf6fd94b19bf,2,0xb421a98ca7825ad2951eaf6516bea4a9f08ffbfd(1x);0xf666057b3200c2af14534217ded1b8275dca53eb(1x)
1.0,0xa9f774402923c35e367365839593c815a279e48e,2,0xb421a98ca7825ad2951eaf6516bea4a9f08ffbfd(1x);0xf666057b3200c2af14534217ded1b8275dca53eb(1x)
1.0,0xf9f1bafaee73590a20740afc1e62f5dbca8fb1aa,2,0xb421a98ca7825ad2951eaf6516bea4a9f08ffbfd(1x);0xf666057b3200c2af14534217ded1b8275dca53eb(1x)
1.0,0x95f6a9dc28942245964adda15b3f795b08abd85a,2,0xb421a98ca7825ad2951eaf6516bea4a9f08ffbfd(1x);0xf666057b3200c2af14534217ded1b8275dca53eb(1x)
1.0,0x612486914709cf8323b6a3fa3679c0a84db0e776,2,0xb421a98ca7825ad2951eaf6516bea4a9f08ffbfd(1x);0xf666057b3200c2af14534217ded1b8275dca53eb(1x)
1.0,0x18eda052ad0d01763957f37f1cc9ef36a07d9142,2,0xb421a98ca7825ad2951eaf6516bea4a9f08ffbfd(1x);0xf666057b3200c2af14534217ded1b8275dca53eb(1x)
1.0,0x37df31bda0943ee3d9a0d794d0faa8b8062caabc,2,0xb421a98ca7825ad2951eaf6516bea4a9f08ffbfd(1x);0xf666057b3200c2af14534217ded1b8275dca53eb(1x)
1.0,0x10d496882277d5a2b81c5838b7195ca9afea5e54,2,0xb421a98ca7825ad2951eaf6516bea4a9f08ffbfd(1x);0xf666057b3200c2af14534217ded1b8275dca53eb(1x)
1.0,0x84a7ea39add389983429896354b5948fbc1f0311,2,0xb421a98ca7825ad2951eaf6516bea4a9f08ffbfd(1x);0xf666057b3200c2af14534217ded1b8275dca53eb(1x)
1.0,0x476499a049efa8c8d3931ba21cc988c433109b3a,2,0xb421a98ca7825ad2951eaf6516bea4a9f08ffbfd(1x);0xf666057b3200c2af14534217ded1b8275dca53eb(1x)
1.0,0x011624c18828393864004d4756b338062421cf80,2,0xb421a98ca7825ad2951eaf6516bea4a9f08ffbfd(1x);0xf666057b3200c2af14534217ded1b8275dca53eb(1x)
1.0,0xef1025703cea3a05641256f2509e80ef6df1181d,2,0xb421a98ca7825ad2951eaf6516bea4a9f08ffbfd(1x);0xf666057b3200c2af14534217ded1b8275dca53eb(1x)
1.0,0x9ff47852bcec36bb9dba58326babfd89585da348,2,0xb421a98ca7825ad2951eaf6516bea4a9f08ffbfd(1x);0xf666057b3200c2af14534217ded1b8275dca53eb(1x)
1.0,0xa4aa51010af4fb152ecb8ebf7c2d07465c05fcb1,2,0xb421a98ca7825ad2951eaf6516bea4a9f08ffbfd(1x);0xf666057b3200c2af14534217ded1b8275dca53eb(1x)
1.0,0x82b3fca12856840fc776370b27c66491dcd865af,2,0xb421a98ca7825ad2951eaf6516bea4a9f08ffbfd(1x);0xf666057b3200c2af14534217ded1b8275dca53eb(1x)
1.0,0x66640366ea7b38da425abf6eebaf047cbbc69629,2,0xb421a98ca7825ad2951eaf6516bea4a9f08ffbfd(1x);0xf666057b3200c2af14534217ded1b8275dca53eb(1x)
1.0,0x2f9e69537cca26b1505af62a8b89873d957ed65c,2,0xb421a98ca7825ad2951eaf6516bea4a9f08ffbfd(1x);0xf666057b3200c2af14534217ded1b8275dca53eb(1x)
1.0,0x8b3aef338567edf6e63985ec77756a130ca633ec,2,0xb421a98ca7825ad2951eaf6516bea4a9f08ffbfd(1x);0xf666057b3200c2af14534217ded1b8275dca53eb(1x)
1.0,0x628d81970beeea30fda3ebf0506c5b336aa4f69d,2,0xb421a98ca7825ad2951eaf6516bea4a9f08ffbfd(1x);0xf666057b3200c2af14534217ded1b8275dca53eb(1x)
1.0,0x79420fd34de6ac82e84a7aa7cb5d5d09b171c251,2,0xb421a98ca7825ad2951eaf6516bea4a9f08ffbfd(1x);0xf666057b3200c2af14534217ded1b8275dca53eb(1x)
1.0,0xf0e89730e9f652a9b8b14204294be79ca468e620,2,0xb421a98ca7825ad2951eaf6516bea4a9f08ffbfd(1x);0xf666057b3200c2af14534217ded1b8275dca53eb(1x)
1.0,0xf0f35e1297078ecb8b56210ddfaf0655a01f3ade,2,0xb421a98ca7825ad2951eaf6516bea4a9f08ffbfd(1x);0xf666057b3200c2af14534217ded1b8275dca53eb(1x)
1.0,0xa07d20d2bc745f6e390d5a31fcd2072b30bfe1e2,2,0xb421a98ca7825ad2951eaf6516bea4a9f08ffbfd(1x);0xf666057b3200c2af14534217ded1b8275dca53eb(1x)
1.0,0xff470ffb1f0114aec19eaccc51b714c5ced1d7c7,2,0xb421a98ca7825ad2951eaf6516bea4a9f08ffbfd(1x);0xf666057b3200c2af14534217ded1b8275dca53eb(1x)
1.0,0xf218541bfa5512072da5b9c09816a5179d90ebed,2,0xb421a98ca7825ad2951eaf6516bea4a9f08ffbfd(1x);0xf666057b3200c2af14534217ded1b8275dca53eb(1x)
1.0,0x99b210e09deea08b24447ba6b9d236ddd35ed6ec,2,0xb421a98ca7825ad2951eaf6516bea4a9f08ffbfd(1x);0xf666057b3200c2af14534217ded1b8275dca53eb(1x)
1.0,0xbf292547eb91c759102c2898eb7efb4ee065eb9c,2,0xb421a98ca7825ad2951eaf6516bea4a9f08ffbfd(1x);0xf666057b3200c2af14534217ded1b8275dca53eb(1x)
1.0,0x04eb8ac2f1c28086f5e475e63f0ba98531f519f5,2,0xb421a98ca7825ad2951eaf6516bea4a9f08ffbfd(1x);0xf666057b3200c2af14534217ded1b8275dca53eb(1x)
1.0,0x8f6c2e652c32b7d53faeb9de81c7cdffb4d337ab,2,0xb421a98ca7825ad2951eaf6516bea4a9f08ffbfd(1x);0xf666057b3200c2af14534217ded1b8275dca53eb(1x)
1.0,0xd320ddbcd50b606f92140e9c090e256008daa5a8,2,0xb421a98ca7825ad2951eaf6516bea4a9f08ffbfd(1x);0xf666057b3200c2af14534217ded1b8275dca53eb(1x)
1.0,0xeed3a869b9f466721262bab5921b2da1158d3c06,2,0xb421a98ca7825ad2951eaf6516bea4a9f08ffbfd(1x);0xf666057b3200c2af14534217ded1b8275dca53eb(1x)
1.0,0xfae837e964f942b0411469b69f5e8fc48d06db81,2,0xb421a98ca7825ad2951eaf6516bea4a9f08ffbfd(1x);0xf666057b3200c2af14534217ded1b8275dca53eb(1x)
1.0,0x6aedfb199e73055d91bccc7839771cc6744ff626,2,0xb421a98ca7825ad2951eaf6516bea4a9f08ffbfd(1x);0xf666057b3200c2af14534217ded1b8275dca53eb(1x)
1.0,0xba56a7aee9539ce68c42bbf4a374b10e3b7e7959,2,0xb421a98ca7825ad2951eaf6516bea4a9f08ffbfd(1x);0xf666057b3200c2af14534217ded1b8275dca53eb(1x)
1.0,0xd881c5d0a30ca6bf0dad9fb42e549ca80f7b457c,2,0xb421a98ca7825ad2951eaf6516bea4a9f08ffbfd(6x);0xf666057b3200c2af14534217ded1b8275dca53eb(6x)
1.0,0xa74196ea47b774296e0dfa6e427e0978944d9b18,2,0xb421a98ca7825ad2951eaf6516bea4a9f08ffbfd(1x);0xf666057b3200c2af14534217ded1b8275dca53eb(1x)
1.0,0xd87a3656f86b3dad85af80dc2130fc5298847cfd,2,0xb421a98ca7825ad2951eaf6516bea4a9f08ffbfd(1x);0xf666057b3200c2af14534217ded1b8275dca53eb(1x)
1.0,0xbea3fa4be3c22bf677563077c35ce81f582a25da,2,0xb421a98ca7825ad2951eaf6516bea4a9f08ffbfd(1x);0xf666057b3200c2af14534217ded1b8275dca53eb(1x)
1.0,0xfe1848eba3e5b699eef455ecf2a7b77ac1c219d3,2,0xb421a98ca7825ad2951eaf6516bea4a9f08ffbfd(1x);0xf666057b3200c2af14534217ded1b8275dca53eb(1x)
1.0,0xbdb68fa2a4eb7504df76f349cf734db27c6bc3ee,2,0xb421a98ca7825ad2951eaf6516bea4a9f08ffbfd(1x);0xf666057b3200c2af14534217ded1b8275dca53eb(1x)
1.0,0x2b68ba752ddd6bb6eed3565faa8ddb68d8ccfdac,2,0xb421a98ca7825ad2951eaf6516bea4a9f08ffbfd(1x);0xf666057b3200c2af14534217ded1b8275dca53eb(1x)
1.0,0x507e0799d01461d0f77087f92784763245a11549,2,0xb421a98ca7825ad2951eaf6516bea4a9f08ffbfd(1x);0xf666057b3200c2af14534217ded1b8275dca53eb(1x)
1.0,0xb8ee6e2a8264e3608b052cc86f88665888c71d57,2,0xb421a98ca7825ad2951eaf6516bea4a9f08ffbfd(1x);0xf666057b3200c2af14534217ded1b8275dca53eb(1x)
1.0,0x6e49fc3f0343927e3131a9f20cd0f692362d3f8d,2,0xb421a98ca7825ad2951eaf6516bea4a9f08ffbfd(1x);0xf666057b3200c2af14534217ded1b8275dca53eb(1x)
1.0,0x2a104cce19a50443c53cc514b6927b87a5a17399,2,0xb421a98ca7825ad2951eaf6516bea4a9f08ffbfd(1x);0xf666057b3200c2af14534217ded1b8275dca53eb(1x)
1.0,0x5e662def5e6fbb6fee048546a518ec47c32591fb,2,0xb421a98ca7825ad2951eaf6516bea4a9f08ffbfd(1x);0xf666057b3200c2af14534217ded1b8275dca53eb(1x)
1.0,0xa2a11869bbcf67dbc4c9d4f16ffd8399ef98cf33,2,0xb421a98ca7825ad2951eaf6516bea4a9f08ffbfd(1x);0xf666057b3200c2af14534217ded1b8275dca53eb(1x)
1.0,0x52201b6c6107281b608899617fbb4dab2617685f,2,0xb421a98ca7825ad2951eaf6516bea4a9f08ffbfd(1x);0xf666057b3200c2af14534217ded1b8275dca53eb(1x)
1.0,0x9e78810205044fb3e6ec4e8c826d70e936d10069,2,0xb421a98ca7825ad2951eaf6516bea4a9f08ffbfd(1x);0xf666057b3200c2af14534217ded1b8275dca53eb(1x)
1.0,0x937cd3f25e2cdb4c3ebd247634e41daae1f93011,2,0xb421a98ca7825ad2951eaf6516bea4a9f08ffbfd(1x);0xf666057b3200c2af14534217ded1b8275dca53eb(1x)
1.0,0xaff24e4932c999d89ef207f2f3921cb748e7f026,2,0xb421a98ca7825ad2951eaf6516bea4a9f08ffbfd(1x);0xf666057b3200c2af14534217ded1b8275dca53eb(1x)
1.0,0x15fe1579482fd9bf3d0d83657930b184b397782f,2,0xb421a98ca7825ad2951eaf6516bea4a9f08ffbfd(1x);0xf666057b3200c2af14534217ded1b8275dca53eb(1x)
1.0,0xc86616ae87bb9e72a57fe693841cbd8063e538b3,2,0xb421a98ca7825ad2951eaf6516bea4a9f08ffbfd(2x);0xf666057b3200c2af14534217ded1b8275dca53eb(2x)
1.0,0xff969fe74a0c81f7a13d749d416f56c8b9df88a0,2,0xb421a98ca7825ad2951eaf6516bea4a9f08ffbfd(1x);0xf666057b3200c2af14534217ded1b8275dca53eb(1x)
1.0,0xb5c37ca80934e1d96eb961825ff8a6001d0b4987,2,0xb421a98ca7825ad2951eaf6516bea4a9f08ffbfd(1x);0xf666057b3200c2af14534217ded1b8275dca53eb(1x)
1.0,0x649bd9caf4bfc783ea0553b3baa70ec7900e3334,2,0xb421a98ca7825ad2951eaf6516bea4a9f08ffbfd(1x);0xf666057b3200c2af14534217ded1b8275dca53eb(1x)
1.0,0x25d0540060aec3826526d812d0d3f3618930e539,2,0xb421a98ca7825ad2951eaf6516bea4a9f08ffbfd(1x);0xf666057b3200c2af14534217ded1b8275dca53eb(1x)
1.0,0x3d257f82d6fbc1e83f23a3ef1312dc805d6f0efa,2,0xb421a98ca7825ad2951eaf6516bea4a9f08ffbfd(1x);0xf666057b3200c2af14534217ded1b8275dca53eb(1x)
1.0,0x3c4294222351398e28c46d9f2c7bdf20628ba483,2,0xb421a98ca7825ad2951eaf6516bea4a9f08ffbfd(1x);0xf666057b3200c2af14534217ded1b8275dca53eb(1x)
1.0,0x87ebecadc93005bf1d91d3816395763afd85c8de,2,0xb421a98ca7825ad2951eaf6516bea4a9f08ffbfd(1x);0xf666057b3200c2af14534217ded1b8275dca53eb(1x)
1.0,0x2e6bd44044981a9c1d34a03dfed513ddcc8de939,2,0xb421a98ca7825ad2951eaf6516bea4a9f08ffbfd(1x);0xf666057b3200c2af14534217ded1b8275dca53eb(1x)
1.0,0xff69dab02c4db9770b5040983a23d027793a9f2f,2,0xb421a98ca7825ad2951eaf6516bea4a9f08ffbfd(1x);0xf666057b3200c2af14534217ded1b8275dca53eb(1x)
1.0,0xf3316cb2a248d01de42d09e45524561558f237cf,2,0xb421a98ca7825ad2951eaf6516bea4a9f08ffbfd(1x);0xf666057b3200c2af14534217ded1b8275dca53eb(1x)
1.0,0xe7875b593b088d1d815acd79f2a8c073f53e08ef,2,0xb421a98ca7825ad2951eaf6516bea4a9f08ffbfd(1x);0xf666057b3200c2af14534217ded1b8275dca53eb(1x)
1.0,0x16a5ecd7e6b13f9ad7c91ba97f0c0354fbabedc0,2,0xb421a98ca7825ad2951eaf6516bea4a9f08ffbfd(1x);0xf666057b3200c2af14534217ded1b8275dca53eb(1x)
1.0,0xa33e9f3b7fd3f4a49ef5dd45b2559d773a2ccd0b,2,0xb421a98ca7825ad2951eaf6516bea4a9f08ffbfd(1x);0xf666057b3200c2af14534217ded1b8275dca53eb(1x)
1.0,0xcd46e9527d48357636d6740eadbb12d74476a928,2,0xb421a98ca7825ad2951eaf6516bea4a9f08ffbfd(1x);0xf666057b3200c2af14534217ded1b8275dca53eb(1x)
1.0,0x1dd11a08958825634e309187f16c2e04fa2bd59b,2,0xb421a98ca7825ad2951eaf6516bea4a9f08ffbfd(1x);0xf666057b3200c2af14534217ded1b8275dca53eb(1x)
1.0,0xa0e5a62273ab8f17f3ede7a11d0d5f7b830f48ba,2,0xb421a98ca7825ad2951eaf6516bea4a9f08ffbfd(1x);0xf666057b3200c2af14534217ded1b8275dca53eb(1x)
1.0,0xc710e94e6089f054c8e9de1982155599ed42023f,2,0xb421a98ca7825ad2951eaf6516bea4a9f08ffbfd(1x);0xf666057b3200c2af14534217ded1b8275dca53eb(1x)
1.0,0xcb3c747e1266d2ab03e155e9fd4c200bdb0fa8d5,2,0xb421a98ca7825ad2951eaf6516bea4a9f08ffbfd(1x);0xf666057b3200c2af14534217ded1b8275dca53eb(1x)
1.0,0xbe06d146ac2fe4ebcf1ba7c3825b343f3a2a672c,2,0xb421a98ca7825ad2951eaf6516bea4a9f08ffbfd(1x);0xf666057b3200c2af14534217ded1b8275dca53eb(1x)
1.0,0x0613444e41eb882e4b30460f3dc7dec86be06ce0,2,0xb421a98ca7825ad2951eaf6516bea4a9f08ffbfd(1x);0xf666057b3200c2af14534217ded1b8275dca53eb(1x)
1.0,0xc4ac2336f392bb527a2e1696a61b355068bc7727,2,0xb421a98ca7825ad2951eaf6516bea4a9f08ffbfd(1x);0xf666057b3200c2af14534217ded1b8275dca53eb(1x)
1.0,0x9edd3362ab36a5e9c1f3639453da6ca1d796eb1b,2,0xb421a98ca7825ad2951eaf6516bea4a9f08ffbfd(1x);0xf666057b3200c2af14534217ded1b8275dca53eb(1x)
1.0,0x1b8a89fb576d936afd762244c6409e5cb84dc520,2,0xb421a98ca7825ad2951eaf6516bea4a9f08ffbfd(1x);0xf666057b3200c2af14534217ded1b8275dca53eb(1x)
1.0,0x4dd7ccc4d30f40f6efa3d884f0b2cf7eed324f72,2,0xb421a98ca7825ad2951eaf6516bea4a9f08ffbfd(1x);0xf666057b3200c2af14534217ded1b8275dca53eb(1x)
1.0,0xad90cff176a1836fdf4b1326ba7af7518b32806b,2,0xb421a98ca7825ad2951eaf6516bea4a9f08ffbfd(1x);0xf666057b3200c2af14534217ded1b8275dca53eb(1x)
1.0,0xad922dcddcabfab6d2d67e4a3020edede0eacda5,2,0xb421a98ca7825ad2951eaf6516bea4a9f08ffbfd(1x);0xf666057b3200c2af14534217ded1b8275dca53eb(1x)
1.0,0xee4c45cc5eaa535cb8a8ffdc92f2839a601fe226,2,0xb421a98ca7825ad2951eaf6516bea4a9f08ffbfd(2x);0xf666057b3200c2af14534217ded1b8275dca53eb(2x)
1.0,0xca1c1637938bb37a890d765949636e5f23f48c63,2,0xb421a98ca7825ad2951eaf6516bea4a9f08ffbfd(1x);0xf666057b3200c2af14534217ded1b8275dca53eb(1x)
1.0,0x553b1e8f745a076741b89bafbddf729595474ed5,2,0xb421a98ca7825ad2951eaf6516bea4a9f08ffbfd(1x);0xf666057b3200c2af14534217ded1b8275dca53eb(1x)
1.0,0x9f6b4a84e938841e412af1cb9279f49124d3887e,2,0xb421a98ca7825ad2951eaf6516bea4a9f08ffbfd(1x);0xf666057b3200c2af14534217ded1b8275dca53eb(1x)
1.0,0x578ec893013be759655ee133e8d383f60a2ecc9b,2,0xb421a98ca7825ad2951eaf6516bea4a9f08ffbfd(1x);0xf666057b3200c2af14534217ded1b8275dca53eb(1x)
1.0,0xb8a14b2421acce3b63794c1f61f53d0db06ce88e,2,0xb421a98ca7825ad2951eaf6516bea4a9f08ffbfd(1x);0xf666057b3200c2af14534217ded1b8275dca53eb(1x)
1.0,0xe5c1494df46438f1e6d3ce9d430a447853f32726,2,0xb421a98ca7825ad2951eaf6516bea4a9f08ffbfd(1x);0xf666057b3200c2af14534217ded1b8275dca53eb(1x)
1.0,0x14d4dbee99dd9ba8ccc8c10af737656921829843,2,0xb421a98ca7825ad2951eaf6516bea4a9f08ffbfd(1x);0xf666057b3200c2af14534217ded1b8275dca53eb(1x)
1.0,0x2a2e6a8944c4004f3bbf24d0b1658472044f856b,2,0xb421a98ca7825ad2951eaf6516bea4a9f08ffbfd(1x);0xf666057b3200c2af14534217ded1b8275dca53eb(1x)
1.0,0x6d725553be50d57e0f7be8bd6fcfb2f23f2cba66,2,0xb421a98ca7825ad2951eaf6516bea4a9f08ffbfd(1x);0xf666057b3200c2af14534217ded1b8275dca53eb(1x)
1.0,0xb5bb02f036ba85fe16cbe4d4f3502c9482d8b7d1,2,0xb421a98ca7825ad2951eaf6516bea4a9f08ffbfd(1x);0xf666057b3200c2af14534217ded1b8275dca53eb(1x)
1.0,0x5f40d550574f1e6424d322a09ae51ad3b1f68dab,2,0xb421a98ca7825ad2951eaf6516bea4a9f08ffbfd(1x);0xf666057b3200c2af14534217ded1b8275dca53eb(1x)
1.0,0x947819e1a08dad8def68d3165e3e49fff956b209,2,0xb421a98ca7825ad2951eaf6516bea4a9f08ffbfd(1x);0xf666057b3200c2af14534217ded1b8275dca53eb(1x)
1.0,0x13cc1b7a9edee23dd87e9b08de0925544c751fb5,2,0xb421a98ca7825ad2951eaf6516bea4a9f08ffbfd(1x);0xf666057b3200c2af14534217ded1b8275dca53eb(1x)
1.0,0x51a439adeec881b6eeb14823110fd577eac22d03,2,0xb421a98ca7825ad2951eaf6516bea4a9f08ffbfd(1x);0xf666057b3200c2af14534217ded1b8275dca53eb(1x)
1.0,0xe3bc846f79ece53ccd03106c5d27d53a05153d4c,2,0xb421a98ca7825ad2951eaf6516bea4a9f08ffbfd(1x);0xf666057b3200c2af14534217ded1b8275dca53eb(1x)
1.0,0x21f94026ac4d714a2f9e9a41280038660d8828b2,2,0xb421a98ca7825ad2951eaf6516bea4a9f08ffbfd(1x);0xf666057b3200c2af14534217ded1b8275dca53eb(1x)
1.0,0x45bf81fc6fc7d51a54634dab748dd60d296760f0,2,0xb421a98ca7825ad2951eaf6516bea4a9f08ffbfd(1x);0xf666057b3200c2af14534217ded1b8275dca53eb(1x)
1.0,0x6eba1f42f4ee8d5f9822c753014ed391503be9ec,2,0xb421a98ca7825ad2951eaf6516bea4a9f08ffbfd(1x);0xf666057b3200c2af14534217ded1b8275dca53eb(1x)
1.0,0x40e2376ed4fadfed5a17fb0c86c502afa68c7497,2,0xb421a98ca7825ad2951eaf6516bea4a9f08ffbfd(1x);0xf666057b3200c2af14534217ded1b8275dca53eb(1x)
1.0,0x65193cae3591e6d585ba0736aa78b4accb977f9c,2,0xb421a98ca7825ad2951eaf6516bea4a9f08ffbfd(1x);0xf666057b3200c2af14534217ded1b8275dca53eb(1x)
1.0,0xcf6ea0dd608893c4105112386df2af2d82c1e90a,2,0xb421a98ca7825ad2951eaf6516bea4a9f08ffbfd(1x);0xf666057b3200c2af14534217ded1b8275dca53eb(1x)
1.0,0xdffe0960ae93c353a5013b50a5ed6a951a92a123,2,0xb421a98ca7825ad2951eaf6516bea4a9f08ffbfd(1x);0xf666057b3200c2af14534217ded1b8275dca53eb(1x)
1.0,0x86db05199c0a096775aeff6023e23e408dc5800b,2,0xb421a98ca7825ad2951eaf6516bea4a9f08ffbfd(1x);0xf666057b3200c2af14534217ded1b8275dca53eb(1x)
1.0,0x1c5110057e061046f1832a1e813d5a748bb6618b,2,0xb421a98ca7825ad2951eaf6516bea4a9f08ffbfd(1x);0xf666057b3200c2af14534217ded1b8275dca53eb(1x)
1.0,0x4dace7e0fb3367c1edba53e4b4099c0511cc3882,2,0xb421a98ca7825ad2951eaf6516bea4a9f08ffbfd(1x);0xf666057b3200c2af14534217ded1b8275dca53eb(1x)
1.0,0xfbef5b9634124468fd50849b5e763ab037749ba2,2,0xb421a98ca7825ad2951eaf6516bea4a9f08ffbfd(1x);0xf666057b3200c2af14534217ded1b8275dca53eb(1x)
1.0,0x80728b56efce8c016f1ded2fe806133abdbf2f06,2,0xb421a98ca7825ad2951eaf6516bea4a9f08ffbfd(5x);0xf666057b3200c2af14534217ded1b8275dca53eb(5x)
1.0,0xf51a936f42079768169b4259dad29adca30c79ab,2,0xb421a98ca7825ad2951eaf6516bea4a9f08ffbfd(2x);0xf666057b3200c2af14534217ded1b8275dca53eb(2x)
1.0,0xa804aff71a52c85219404c2f09a43638263e6ec5,2,0xb421a98ca7825ad2951eaf6516bea4a9f08ffbfd(1x);0xf666057b3200c2af14534217ded1b8275dca53eb(1x)
1.0,0x4ead156bcaee92035cead3650c24bbdb40e036b6,2,0xb421a98ca7825ad2951eaf6516bea4a9f08ffbfd(1x);0xf666057b3200c2af14534217ded1b8275dca53eb(1x)
1.0,0x47ce21df573a292a793db2040169145aba5e4520,2,0xb421a98ca7825ad2951eaf6516bea4a9f08ffbfd(1x);0xf666057b3200c2af14534217ded1b8275dca53eb(1x)
1.0,0xefc3841f283bdf15ff972ea686a8db7416c657f6,2,0xb421a98ca7825ad2951eaf6516bea4a9f08ffbfd(1x);0xf666057b3200c2af14534217ded1b8275dca53eb(1x)
1.0,0xd4f5b8bd50c3718b56f49e885810e50339f356da,2,0xb421a98ca7825ad2951eaf6516bea4a9f08ffbfd(1x);0xf666057b3200c2af14534217ded1b8275dca53eb(1x)
1.0,0x42c23ebf382194e6864d0e239c194803eabf8cf6,2,0xb421a98ca7825ad2951eaf6516bea4a9f08ffbfd(1x);0xf666057b3200c2af14534217ded1b8275dca53eb(1x)
1.0,0x33059ba29875b924ebfee6a099815d9fc8d9eec7,2,0xb421a98ca7825ad2951eaf6516bea4a9f08ffbfd(1x);0xf666057b3200c2af14534217ded1b8275dca53eb(1x)
1.0,0x30f9c0f1913bd24f4f74d51ef573a5b2dd917d45,2,0xb421a98ca7825ad2951eaf6516bea4a9f08ffbfd(1x);0xf666057b3200c2af14534217ded1b8275dca53eb(1x)
1.0,0x9954f5db7a185e35adb26c022107da2db8256aa1,2,0xb421a98ca7825ad2951eaf6516bea4a9f08ffbfd(1x);0xf666057b3200c2af14534217ded1b8275dca53eb(1x)
1.0,0x2a3841c988273a85be85025f66afed5ccb99afbc,2,0xb421a98ca7825ad2951eaf6516bea4a9f08ffbfd(1x);0xf666057b3200c2af14534217ded1b8275dca53eb(1x)
1.0,0xa4491be86164057812a7c6c16a17f71d81f8d76e,2,0xb421a98ca7825ad2951eaf6516bea4a9f08ffbfd(1x);0xf666057b3200c2af14534217ded1b8275dca53eb(1x)
1.0,0x515dc129b16e00b6a4ce704efb9144eff5b56b5f,2,0xb421a98ca7825ad2951eaf6516bea4a9f08ffbfd(1x);0xf666057b3200c2af14534217ded1b8275dca53eb(1x)
1.0,0xec5b8ca0cd4508244e2d1c9a8a49bf9932711e2a,2,0xb421a98ca7825ad2951eaf6516bea4a9f08ffbfd(1x);0xf666057b3200c2af14534217ded1b8275dca53eb(1x)
1.0,0x2525a91aa70532779e55fd16b426f0a653acd33f,2,0xb421a98ca7825ad2951eaf6516bea4a9f08ffbfd(1x);0xf666057b3200c2af14534217ded1b8275dca53eb(1x)
1.0,0x626beaba9357b9cf4c018ed7ee4699edc5103f20,2,0xb421a98ca7825ad2951eaf6516bea4a9f08ffbfd(1x);0xf666057b3200c2af14534217ded1b8275dca53eb(1x)
1.0,0xd602b727896903692657192062ae142776b825ca,2,0xb421a98ca7825ad2951eaf6516bea4a9f08ffbfd(1x);0xf666057b3200c2af14534217ded1b8275dca53eb(1x)
1.0,0x75eebf5acedee7ecb56c69ae4785315c0f4f55e9,2,0xb421a98ca7825ad2951eaf6516bea4a9f08ffbfd(1x);0xf666057b3200c2af14534217ded1b8275dca53eb(1x)
1.0,0x133b6aaf6c5c893ee28661025ca23e808b11946d,2,0xb421a98ca7825ad2951eaf6516bea4a9f08ffbfd(1x);0xf666057b3200c2af14534217ded1b8275dca53eb(1x)
1.0,0x4d2979398f8a4c584d8dc71f9d001fdf26a1a308,2,0xb421a98ca7825ad2951eaf6516bea4a9f08ffbfd(1x);0xf666057b3200c2af14534217ded1b8275dca53eb(1x)
1.0,0xc7d103f5135615976645dcdd8a349a39cc441967,2,0xb421a98ca7825ad2951eaf6516bea4a9f08ffbfd(1x);0xf666057b3200c2af14534217ded1b8275dca53eb(1x)
1.0,0x125696193d715ab1bb66041fbde2872049c1f501,2,0xb421a98ca7825ad2951eaf6516bea4a9f08ffbfd(1x);0xf666057b3200c2af14534217ded1b8275dca53eb(1x)
1.0,0xbb221ab29893f4a646f1a28981cabd348e6a5882,2,0xb421a98ca7825ad2951eaf6516bea4a9f08ffbfd(1x);0xf666057b3200c2af14534217ded1b8275dca53eb(1x)
1.0,0xf4fd0f65b4c83a323eb9c3cdc31e7421caf88c98,2,0xb421a98ca7825ad2951eaf6516bea4a9f08ffbfd(1x);0xf666057b3200c2af14534217ded1b8275dca53eb(1x)
1.0,0x8b6d4123ce0281ad9be1f1df64467898889e2c76,2,0xb421a98ca7825ad2951eaf6516bea4a9f08ffbfd(1x);0xf666057b3200c2af14534217ded1b8275dca53eb(1x)
1.0,0x3e957fc249acfbd9b40c5542bda3adc42217263c,2,0xb421a98ca7825ad2951eaf6516bea4a9f08ffbfd(1x);0xf666057b3200c2af14534217ded1b8275dca53eb(1x)
1.0,0x787e97ab816ce070aa4e397890a37f7fd4c06811,2,0xb421a98ca7825ad2951eaf6516bea4a9f08ffbfd(1x);0xf666057b3200c2af14534217ded1b8275dca53eb(1x)
1.0,0x80f8b93b9e502e2ad89319e5be5797e0b2c26885,2,0xb421a98ca7825ad2951eaf6516bea4a9f08ffbfd(1x);0xf666057b3200c2af14534217ded1b8275dca53eb(1x)
1.0,0x2aff7a4363423458eaa2c8646d55de130994300a,2,0xb421a98ca7825ad2951eaf6516bea4a9f08ffbfd(1x);0xf666057b3200c2af14534217ded1b8275dca53eb(1x)
1.0,0x1c779401605101db1f09aca67cb8d0396cddbbed,2,0xb421a98ca7825ad2951eaf6516bea4a9f08ffbfd(1x);0xf666057b3200c2af14534217ded1b8275dca53eb(1x)
1.0,0x413bc153286bf89d9c36b4f7d226e81aeb360f96,2,0xb421a98ca7825ad2951eaf6516bea4a9f08ffbfd(1x);0xf666057b3200c2af14534217ded1b8275dca53eb(1x)
1.0,0x956f0101462f2426491c5e04b32fe0a0ea517403,2,0xb421a98ca7825ad2951eaf6516bea4a9f08ffbfd(1x);0xf666057b3200c2af14534217ded1b8275dca53eb(1x)
1.0,0x4f91e5d4e13c310c9f1090e809d4c313f6fdfc2b,2,0xb421a98ca7825ad2951eaf6516bea4a9f08ffbfd(1x);0xf666057b3200c2af14534217ded1b8275dca53eb(1x)
1.0,0xfc2b3eca190f49fbca768a871649830cd20108d2,2,0xb421a98ca7825ad2951eaf6516bea4a9f08ffbfd(1x);0xf666057b3200c2af14534217ded1b8275dca53eb(1x)
1.0,0xa1faa9ced3f2bc550aca8d35b858fde8b10c8cab,2,0xb421a98ca7825ad2951eaf6516bea4a9f08ffbfd(1x);0xf666057b3200c2af14534217ded1b8275dca53eb(1x)
1.0,0x9fe41de9ffd1f7aa59e53b3b356a2b9cd4a534d3,2,0xb421a98ca7825ad2951eaf6516bea4a9f08ffbfd(1x);0xf666057b3200c2af14534217ded1b8275dca53eb(1x)
1.0,0x8f3ce8ffdf03e22aba34755750455c60a2bc0ef5,2,0xb421a98ca7825ad2951eaf6516bea4a9f08ffbfd(1x);0xf666057b3200c2af14534217ded1b8275dca53eb(1x)
1.0,0x779bc851bf829b4fc378cde0be5c98b9c4532dcf,2,0xb421a98ca7825ad2951eaf6516bea4a9f08ffbfd(1x);0xf666057b3200c2af14534217ded1b8275dca53eb(1x)
1.0,0xd083752ca93027f017c3448c15a8473623b53c17,2,0xb421a98ca7825ad2951eaf6516bea4a9f08ffbfd(1x);0xf666057b3200c2af14534217ded1b8275dca53eb(1x)
1.0,0x2e7a40f23f4afe10610c7cb529fa78c1fed37ead,2,0xb421a98ca7825ad2951eaf6516bea4a9f08ffbfd(1x);0xf666057b3200c2af14534217ded1b8275dca53eb(1x)
1.0,0x7e66c70797f3f8209a68a52b11b0d08597778570,2,0xb421a98ca7825ad2951eaf6516bea4a9f08ffbfd(1x);0xf666057b3200c2af14534217ded1b8275dca53eb(1x)
1.0,0x055f6f78874e92e1a43663cc3efbcc638998ee89,2,0xb421a98ca7825ad2951eaf6516bea4a9f08ffbfd(1x);0xf666057b3200c2af14534217ded1b8275dca53eb(1x)
1.0,0x60165cb0636fc71038071046f1804c71c48b0945,2,0xb421a98ca7825ad2951eaf6516bea4a9f08ffbfd(1x);0xf666057b3200c2af14534217ded1b8275dca53eb(1x)
1.0,0x05a6051be34880a0014824b8ec7761aa79f2944a,2,0xb421a98ca7825ad2951eaf6516bea4a9f08ffbfd(1x);0xf666057b3200c2af14534217ded1b8275dca53eb(1x)
1.0,0x10976f4747f2d4645edcec2679dc01fc2af87544,2,0xb421a98ca7825ad2951eaf6516bea4a9f08ffbfd(1x);0xf666057b3200c2af14534217ded1b8275dca53eb(1x)
1.0,0x663aa883b4b35684e137f91489402ffa6f2a0612,2,0xb421a98ca7825ad2951eaf6516bea4a9f08ffbfd(1x);0xf666057b3200c2af14534217ded1b8275dca53eb(1x)
1.0,0x9b26434fc571663da3b94818e03ffc24d9301995,2,0xb421a98ca7825ad2951eaf6516bea4a9f08ffbfd(1x);0xf666057b3200c2af14534217ded1b8275dca53eb(1x)
1.0,0x8b6b2d36e4d303e06a46b326328757115e127b2c,2,0xb421a98ca7825ad2951eaf6516bea4a9f08ffbfd(1x);0xf666057b3200c2af14534217ded1b8275dca53eb(1x)
1.0,0x970b57055402105561fc10406f3d7e4ea791d1db,2,0xb421a98ca7825ad2951eaf6516bea4a9f08ffbfd(1x);0xf666057b3200c2af14534217ded1b8275dca53eb(1x)
1.0,0xbe5d98eff61dd614de5227506140d78d7d9fa594,2,0xb421a98ca7825ad2951eaf6516bea4a9f08ffbfd(1x);0xf666057b3200c2af14534217ded1b8275dca53eb(1x)
1.0,0x13f9c873fce1a7f17b5adcf730db21ea7f2792cf,2,0xb421a98ca7825ad2951eaf6516bea4a9f08ffbfd(1x);0xf666057b3200c2af14534217ded1b8275dca53eb(1x)
1.0,0x24fc3116493aa95143b7079f1f90da75393fa6bb,2,0xb421a98ca7825ad2951eaf6516bea4a9f08ffbfd(1x);0xf666057b3200c2af14534217ded1b8275dca53eb(1x)
1.0,0xac22697050a023e047c8e52eabd10045e95c9316,2,0xb421a98ca7825ad2951eaf6516bea4a9f08ffbfd(1x);0xf666057b3200c2af14534217ded1b8275dca53eb(1x)
1.0,0xcc4071b0e8aad53c19d7872bfae73e0f96735dfb,2,0xb421a98ca7825ad2951eaf6516bea4a9f08ffbfd(1x);0xf666057b3200c2af14534217ded1b8275dca53eb(1x)
1.0,0x7dfeb29865a4aeb30e60d47932f48071ae1abc78,2,0xb421a98ca7825ad2951eaf6516bea4a9f08ffbfd(1x);0xf666057b3200c2af14534217ded1b8275dca53eb(1x)
1.0,0xcc9ab7ca7b330c43d06e5965f64a2d50163b2786,2,0xb421a98ca7825ad2951eaf6516bea4a9f08ffbfd(1x);0xf666057b3200c2af14534217ded1b8275dca53eb(1x)
1.0,0x7f9ad56d5357e82132bf796b548b0236ddadf66a,2,0xb421a98ca7825ad2951eaf6516bea4a9f08ffbfd(1x);0xf666057b3200c2af14534217ded1b8275dca53eb(1x)
1.0,0x3cf38246592f6dc4d761b20000048627de32fa7d,2,0xb421a98ca7825ad2951eaf6516bea4a9f08ffbfd(1x);0xf666057b3200c2af14534217ded1b8275dca53eb(1x)
1.0,0x0acd5eabb9b475ba7698f1247a22339c08d3e5a5,2,0xb421a98ca7825ad2951eaf6516bea4a9f08ffbfd(1x);0xf666057b3200c2af14534217ded1b8275dca53eb(1x)
1.0,0xd09e58ecb9ede0cb77e6a12fb7422e08adf8400a,2,0xb421a98ca7825ad2951eaf6516bea4a9f08ffbfd(1x);0xf666057b3200c2af14534217ded1b8275dca53eb(1x)
1.0,0x460fe0588a05820b8e8da0b7c27783234a550ef2,2,0xb421a98ca7825ad2951eaf6516bea4a9f08ffbfd(1x);0xf666057b3200c2af14534217ded1b8275dca53eb(1x)
1.0,0x0a060be7f56d94f20a563ea611441e3e488892be,2,0xb421a98ca7825ad2951eaf6516bea4a9f08ffbfd(1x);0xf666057b3200c2af14534217ded1b8275dca53eb(1x)
1.0,0x178d6d7c1872416b72a5a2d9bc942da03ac67de0,2,0xb421a98ca7825ad2951eaf6516bea4a9f08ffbfd(1x);0xf666057b3200c2af14534217ded1b8275dca53eb(1x)
1.0,0x90ce749bc0dc4e6f3760c5b9cc3d81b8630a0af0,2,0xb421a98ca7825ad2951eaf6516bea4a9f08ffbfd(1x);0xf666057b3200c2af14534217ded1b8275dca53eb(1x)
1.0,0xff47a669c4b01d7e6f6e6f688cb20cd66d464647,2,0xb421a98ca7825ad2951eaf6516bea4a9f08ffbfd(1x);0xf666057b3200c2af14534217ded1b8275dca53eb(1x)
1.0,0xb818c0515169537c3e02bd1d3b659ff9064055bb,2,0xb421a98ca7825ad2951eaf6516bea4a9f08ffbfd(1x);0xf666057b3200c2af14534217ded1b8275dca53eb(1x)
1.0,0xe25c767dbe870087b82d214a4fdda94fb15b316a,2,0xb421a98ca7825ad2951eaf6516bea4a9f08ffbfd(1x);0xf666057b3200c2af14534217ded1b8275dca53eb(1x)
1.0,0x4e3a10a02bd6093771734f226470b4ec9308a2be,2,0xb421a98ca7825ad2951eaf6516bea4a9f08ffbfd(1x);0xf666057b3200c2af14534217ded1b8275dca53eb(1x)
1.0,0x2a8882c34d165098e15df045053fc154be3e475b,2,0xb421a98ca7825ad2951eaf6516bea4a9f08ffbfd(1x);0xf666057b3200c2af14534217ded1b8275dca53eb(1x)
1.0,0x07fe0d0e9b96d680d9c6086bc99e11f6b1d7b296,2,0xb421a98ca7825ad2951eaf6516bea4a9f08ffbfd(1x);0xf666057b3200c2af14534217ded1b8275dca53eb(1x)
1.0,0x35a575b77c88f1f7d3c423206847681237c76140,2,0xb421a98ca7825ad2951eaf6516bea4a9f08ffbfd(1x);0xf666057b3200c2af14534217ded1b8275dca53eb(1x)
1.0,0x0663f1d700be6c40e5b178d60f0f850d5a9582a8,2,0xb421a98ca7825ad2951eaf6516bea4a9f08ffbfd(1x);0xf666057b3200c2af14534217ded1b8275dca53eb(1x)
1.0,0xeff0dcc12aac30fa64f48896134c827cf5a7f3d6,2,0xb421a98ca7825ad2951eaf6516bea4a9f08ffbfd(1x);0xf666057b3200c2af14534217ded1b8275dca53eb(1x)
1.0,0x5b99cfe5fef7350d49c29b7077ee82912701a8f2,2,0xb421a98ca7825ad2951eaf6516bea4a9f08ffbfd(1x);0xf666057b3200c2af14534217ded1b8275dca53eb(1x)
1.0,0xacdf78ec00a7a23a6ad7c6a9ecc21155e397def1,2,0xb421a98ca7825ad2951eaf6516bea4a9f08ffbfd(1x);0xf666057b3200c2af14534217ded1b8275dca53eb(1x)
1.0,0x61ff778376ae04b75b4f541d75fc54cb3ffdd4e7,2,0xb421a98ca7825ad2951eaf6516bea4a9f08ffbfd(1x);0xf666057b3200c2af14534217ded1b8275dca53eb(1x)
1.0,0xfce15553be235119490f5ac04b27a5c8d4e06ab8,2,0xb421a98ca7825ad2951eaf6516bea4a9f08ffbfd(1x);0xf666057b3200c2af14534217ded1b8275dca53eb(1x)
1.0,0x6fe991c1ace87d58fda11b152dfb12f447a92430,2,0xb421a98ca7825ad2951eaf6516bea4a9f08ffbfd(1x);0xf666057b3200c2af14534217ded1b8275dca53eb(1x)
1.0,0x28fd7772207605c4fbe5da14b671d3677e431b88,2,0xb421a98ca7825ad2951eaf6516bea4a9f08ffbfd(1x);0xf666057b3200c2af14534217ded1b8275dca53eb(1x)
1.0,0x3e2414f2bc9eb590e4d107961d1d7b6e9a4a2cc2,2,0xb421a98ca7825ad2951eaf6516bea4a9f08ffbfd(1x);0xf666057b3200c2af14534217ded1b8275dca53eb(1x)
1.0,0x81901d08c78ad31e2b9d1ad1c1a7acb840d82103,2,0xb421a98ca7825ad2951eaf6516bea4a9f08ffbfd(1x);0xf666057b3200c2af14534217ded1b8275dca53eb(1x)
1.0,0x08c3e1aba5ceae41855d306e191612159daab8c6,2,0xb421a98ca7825ad2951eaf6516bea4a9f08ffbfd(1x);0xf666057b3200c2af14534217ded1b8275dca53eb(1x)
1.0,0x886babe073e187e6ef377f098fde4821ade727a7,2,0xb421a98ca7825ad2951eaf6516bea4a9f08ffbfd(1x);0xf666057b3200c2af14534217ded1b8275dca53eb(1x)
1.0,0x7509ce3af6aaf280f66de45d247d096fb0ed4b6a,2,0xb421a98ca7825ad2951eaf6516bea4a9f08ffbfd(1x);0xf666057b3200c2af14534217ded1b8275dca53eb(1x)
1.0,0x83a7190868efd6af55068a35764e71ba99119292,2,0xb421a98ca7825ad2951eaf6516bea4a9f08ffbfd(1x);0xf666057b3200c2af14534217ded1b8275dca53eb(1x)
1.0,0x8d121e58c3eca9c2c5472d74394da0de1326987e,2,0xb421a98ca7825ad2951eaf6516bea4a9f08ffbfd(1x);0xf666057b3200c2af14534217ded1b8275dca53eb(1x)
1.0,0xa0606e0fde587865477cb26ecb3f30627ca3b38e,2,0xb421a98ca7825ad2951eaf6516bea4a9f08ffbfd(1x);0xf666057b3200c2af14534217ded1b8275dca53eb(1x)
1.0,0x23f80490c0ce6f9430cfd846a6b7bcdb7ce493a8,2,0xb421a98ca7825ad2951eaf6516bea4a9f08ffbfd(1x);0xf666057b3200c2af14534217ded1b8275dca53eb(1x)
1.0,0xbad860ab38fcede43a3609b52562f03a81309fa3,2,0xb421a98ca7825ad2951eaf6516bea4a9f08ffbfd(1x);0xf666057b3200c2af14534217ded1b8275dca53eb(1x)
1.0,0x26bfd237c759eb8790abf6872d186b2253fc2de4,2,0xb421a98ca7825ad2951eaf6516bea4a9f08ffbfd(1x);0xf666057b3200c2af14534217ded1b8275dca53eb(1x)
1.0,0x3901fdfbf45b6a3b8ca4e9410927b49fa12957d6,2,0xb421a98ca7825ad2951eaf6516bea4a9f08ffbfd(1x);0xf666057b3200c2af14534217ded1b8275dca53eb(1x)
1.0,0x521d667051e6422d7b04bbba7a0ae27189bd76da,2,0xb421a98ca7825ad2951eaf6516bea4a9f08ffbfd(1x);0xf666057b3200c2af14534217ded1b8275dca53eb(1x)
1.0,0x8a9c3edb54f47998ebbf954f5452121385f1fa7f,2,0xb421a98ca7825ad2951eaf6516bea4a9f08ffbfd(1x);0xf666057b3200c2af14534217ded1b8275dca53eb(1x)
1.0,0x8ed0f940a89e4cfcd748f2d1d8af6cdee1a21964,2,0xb421a98ca7825ad2951eaf6516bea4a9f08ffbfd(1x);0xf666057b3200c2af14534217ded1b8275dca53eb(1x)
1.0,0x296ad264ee869b758e776433d6d9154600435186,2,0xb421a98ca7825ad2951eaf6516bea4a9f08ffbfd(1x);0xf666057b3200c2af14534217ded1b8275dca53eb(1x)
1.0,0x34baf8a8eb15518c5136fa4d1d0467861e2f830f,2,0xb421a98ca7825ad2951eaf6516bea4a9f08ffbfd(1x);0xf666057b3200c2af14534217ded1b8275dca53eb(1x)
1.0,0x7e80813fd550f2ff04fccdb6eea586bf6e4dbc73,2,0xb421a98ca7825ad2951eaf6516bea4a9f08ffbfd(1x);0xf666057b3200c2af14534217ded1b8275dca53eb(1x)
1.0,0x384cdd00661002434c663627aba47d00d8cc427d,2,0xb421a98ca7825ad2951eaf6516bea4a9f08ffbfd(1x);0xf666057b3200c2af14534217ded1b8275dca53eb(1x)
1.0,0xe11281b476fb7c254e00c3988f0a778105459bc6,2,0xb421a98ca7825ad2951eaf6516bea4a9f08ffbfd(1x);0xf666057b3200c2af14534217ded1b8275dca53eb(1x)
1.0,0x85a33441bfa540448899924c6a419dc006babda0,2,0xb421a98ca7825ad2951eaf6516bea4a9f08ffbfd(1x);0xf666057b3200c2af14534217ded1b8275dca53eb(1x)
1.0,0x10f9144b8be924a1d0763740ace8a110553e4f8b,2,0xb421a98ca7825ad2951eaf6516bea4a9f08ffbfd(1x);0xf666057b3200c2af14534217ded1b8275dca53eb(1x)
1.0,0xa2c65a81a8b654eccab61a3a0593f7da428acb21,2,0xb421a98ca7825ad2951eaf6516bea4a9f08ffbfd(1x);0xf666057b3200c2af14534217ded1b8275dca53eb(1x)
1.0,0xaf558c37e4253d267be76203cd4ea72cc3917c43,2,0xb421a98ca7825ad2951eaf6516bea4a9f08ffbfd(1x);0xf666057b3200c2af14534217ded1b8275dca53eb(1x)
1.0,0x928fbb167746455cd21b4813d3ae6cbb10e6fe39,2,0xb421a98ca7825ad2951eaf6516bea4a9f08ffbfd(1x);0xf666057b3200c2af14534217ded1b8275dca53eb(1x)
1.0,0x245c5e3d368941fe33b4e38b8030a4bd89ce3da9,2,0xb421a98ca7825ad2951eaf6516bea4a9f08ffbfd(1x);0xf666057b3200c2af14534217ded1b8275dca53eb(1x)
1.0,0x6cdfc57b26a5f9827c9b0f2d36e1a78601b76265,2,0xb421a98ca7825ad2951eaf6516bea4a9f08ffbfd(1x);0xf666057b3200c2af14534217ded1b8275dca53eb(1x)
1.0,0x8e805f5d35a86d4101301a809e04065bcb52e1c0,2,0xb421a98ca7825ad2951eaf6516bea4a9f08ffbfd(1x);0xf666057b3200c2af14534217ded1b8275dca53eb(1x)
1.0,0x8944a92db8ba9705a941c821fa978484ef708f96,2,0xb421a98ca7825ad2951eaf6516bea4a9f08ffbfd(1x);0xf666057b3200c2af14534217ded1b8275dca53eb(1x)
1.0,0x7a385da4ed53f303029deaf811884924478ba592,2,0xb421a98ca7825ad2951eaf6516bea4a9f08ffbfd(1x);0xf666057b3200c2af14534217ded1b8275dca53eb(1x)
1.0,0x0c3e849b7ed51c9911333a1e524965816bee10f6,2,0xb421a98ca7825ad2951eaf6516bea4a9f08ffbfd(1x);0xf666057b3200c2af14534217ded1b8275dca53eb(1x)
1.0,0x04d3b73dc621c0a65bf01be78ea60f88d62346ea,2,0xb421a98ca7825ad2951eaf6516bea4a9f08ffbfd(1x);0xf666057b3200c2af14534217ded1b8275dca53eb(1x)
1.0,0x0d764777ded753638aeda53170eb7b262fb78395,2,0xb421a98ca7825ad2951eaf6516bea4a9f08ffbfd(1x);0xf666057b3200c2af14534217ded1b8275dca53eb(1x)
1.0,0x2d15e810f5b6462b58f88b2eadfd51b125a4ab54,2,0xb421a98ca7825ad2951eaf6516bea4a9f08ffbfd(1x);0xf666057b3200c2af14534217ded1b8275dca53eb(1x)
1.0,0x74e248283313a5376e2bea04115fac1c343588d1,2,0xb421a98ca7825ad2951eaf6516bea4a9f08ffbfd(1x);0xf666057b3200c2af14534217ded1b8275dca53eb(1x)
1.0,0x0faa6ecb640d13cb247e4644103e76edd4685812,2,0xb421a98ca7825ad2951eaf6516bea4a9f08ffbfd(1x);0xf666057b3200c2af14534217ded1b8275dca53eb(1x)
1.0,0xaa36401869ab6de8452c47b57a06f6adc8b1a509,2,0xb421a98ca7825ad2951eaf6516bea4a9f08ffbfd(1x);0xf666057b3200c2af14534217ded1b8275dca53eb(1x)
1.0,0x3232def93f7e051652ce24da2ba18340dc69e9ab,2,0xb421a98ca7825ad2951eaf6516bea4a9f08ffbfd(1x);0xf666057b3200c2af14534217ded1b8275dca53eb(1x)
1.0,0xcd249062af4bba50da9b27f39ae4012d2b8cb527,2,0xb421a98ca7825ad2951eaf6516bea4a9f08ffbfd(3x);0xf666057b3200c2af14534217ded1b8275dca53eb(3x)
1.0,0x218fb3aa150a33a16b7769250041d33f1f81ac14,2,0xb421a98ca7825ad2951eaf6516bea4a9f08ffbfd(1x);0xf666057b3200c2af14534217ded1b8275dca53eb(1x)
1.0,0x11c15f498c5574508e807bd014ab73775a844332,2,0xb421a98ca7825ad2951eaf6516bea4a9f08ffbfd(1x);0xf666057b3200c2af14534217ded1b8275dca53eb(1x)
1.0,0xed5dd795f6874a585bfd14df75e5e12d5d23746b,2,0xb421a98ca7825ad2951eaf6516bea4a9f08ffbfd(2x);0xf666057b3200c2af14534217ded1b8275dca53eb(2x)
1.0,0x1d3d47d11007e5133a68ba79ca95799cf3b83eaa,2,0xb421a98ca7825ad2951eaf6516bea4a9f08ffbfd(13x);0xf666057b3200c2af14534217ded1b8275dca53eb(13x)
1.0,0x9763e60d231f2672ccf84abc3eb8c9b62b8dbee5,2,0xb421a98ca7825ad2951eaf6516bea4a9f08ffbfd(10x);0xf666057b3200c2af14534217ded1b8275dca53eb(10x)
1.0,0x4066639e492580feb891fae486b5d1c999501eb3,2,0xb421a98ca7825ad2951eaf6516bea4a9f08ffbfd(5x);0xf666057b3200c2af14534217ded1b8275dca53eb(5x)
1.0,0x5abc410cc0e68b0c0a826a9912d6a5925a520c28,2,0xb421a98ca7825ad2951eaf6516bea4a9f08ffbfd(1x);0xf666057b3200c2af14534217ded1b8275dca53eb(1x)
1.0,0x47e2ca949c2760d55eeea6c358ebbd11546c08ca,2,0xb421a98ca7825ad2951eaf6516bea4a9f08ffbfd(1x);0xf666057b3200c2af14534217ded1b8275dca53eb(1x)
1.0,0x01505a2899cff2d67e2820982ac7e1e488e2bf3d,2,0xb421a98ca7825ad2951eaf6516bea4a9f08ffbfd(1x);0xf666057b3200c2af14534217ded1b8275dca53eb(1x)
1.0,0xf81fba208f808440fa5edf02b1f67b64669b2fe2,2,0xb421a98ca7825ad2951eaf6516bea4a9f08ffbfd(1x);0xf666057b3200c2af14534217ded1b8275dca53eb(1x)
1.0,0xa577fe535339ee6384fd1699cacc3f4c2c8eeb14,2,0xb421a98ca7825ad2951eaf6516bea4a9f08ffbfd(2x);0xf666057b3200c2af14534217ded1b8275dca53eb(2x)
1.0,0x1d2eb67f869f9f3a1683cba4bde761030676b7b5,2,0xb421a98ca7825ad2951eaf6516bea4a9f08ffbfd(1x);0xf666057b3200c2af14534217ded1b8275dca53eb(1x)
1.0,0x7ff96bfd8671a8ea7d6d3a936734676c21c4f10f,2,0xb421a98ca7825ad2951eaf6516bea4a9f08ffbfd(1x);0xf666057b3200c2af14534217ded1b8275dca53eb(1x)
1.0,0x6952cdb6f58dc42b6fa6c4e67fc91b6bf2bfbec0,2,0xb421a98ca7825ad2951eaf6516bea4a9f08ffbfd(1x);0xf666057b3200c2af14534217ded1b8275dca53eb(1x)
1.0,0x401ec84c40e0e36eba4961407ba3c78939c580d1,2,0xb421a98ca7825ad2951eaf6516bea4a9f08ffbfd(8x);0xf666057b3200c2af14534217ded1b8275dca53eb(8x)
1.0,0x60ef06a4afa2fe8ae6880d5b03b7d39ab650c7bf,2,0xb421a98ca7825ad2951eaf6516bea4a9f08ffbfd(1x);0xf666057b3200c2af14534217ded1b8275dca53eb(1x)
1.0,0xedc342f97aa62f80b832c105323f5ed54970ea60,2,0xb421a98ca7825ad2951eaf6516bea4a9f08ffbfd(2x);0xf666057b3200c2af14534217ded1b8275dca53eb(2x)
1.0,0x02b411958a0a16b4046961084a5bf1a76d413321,2,0xb421a98ca7825ad2951eaf6516bea4a9f08ffbfd(1x);0xf666057b3200c2af14534217ded1b8275dca53eb(1x)
1.0,0xb9a630d9299b6be21740bf4893855e6c6f082318,2,0xb421a98ca7825ad2951eaf6516bea4a9f08ffbfd(2x);0xf666057b3200c2af14534217ded1b8275dca53eb(2x)
1.0,0x9bafc55c4f337e82c1dcfeaee014621fdda32689,2,0xb421a98ca7825ad2951eaf6516bea4a9f08ffbfd(1x);0xf666057b3200c2af14534217ded1b8275dca53eb(1x)
1.0,0xa6493dcb22de40c8e05c2994b0c223bd083e1cd2,2,0xb421a98ca7825ad2951eaf6516bea4a9f08ffbfd(1x);0xf666057b3200c2af14534217ded1b8275dca53eb(1x)
1.0,0xec7d8c4f3fc0006b2f3ac372010c7bf6cfe4c095,2,0xb421a98ca7825ad2951eaf6516bea4a9f08ffbfd(1x);0xf666057b3200c2af14534217ded1b8275dca53eb(1x)
1.0,0x87766c7569baacd6f735693a6186e2d304ba14a2,2,0xb421a98ca7825ad2951eaf6516bea4a9f08ffbfd(2x);0xf666057b3200c2af14534217ded1b8275dca53eb(2x)
1.0,0xec25e4aec9923e55ace3dcae50608332dc442f86,2,0xb421a98ca7825ad2951eaf6516bea4a9f08ffbfd(1x);0xf666057b3200c2af14534217ded1b8275dca53eb(1x)
1.0,0x8f9bc16b063824b9d19bfadfa4f5cddd4efc9a46,2,0xb421a98ca7825ad2951eaf6516bea4a9f08ffbfd(1x);0xf666057b3200c2af14534217ded1b8275dca53eb(1x)
1.0,0xa142133eccca6038bb8797a4b504a289f1d01977,2,0xb421a98ca7825ad2951eaf6516bea4a9f08ffbfd(1x);0xf666057b3200c2af14534217ded1b8275dca53eb(1x)
1.0,0xaa93455ffabb33d7876986e5fd1672b8267dc9f0,2,0xb421a98ca7825ad2951eaf6516bea4a9f08ffbfd(1x);0xf666057b3200c2af14534217ded1b8275dca53eb(1x)
1.0,0xe096e2c0765b9ce79aa69de7ec6eb76abf8f1168,2,0xb421a98ca7825ad2951eaf6516bea4a9f08ffbfd(1x);0xf666057b3200c2af14534217ded1b8275dca53eb(1x)
1.0,0x53f529c7b83ab3a8c7121ed6623d724ab6c6af74,2,0xb421a98ca7825ad2951eaf6516bea4a9f08ffbfd(1x);0xf666057b3200c2af14534217ded1b8275dca53eb(1x)
1.0,0x6e271862a374718798f2af7ceb8e420756f14bb0,2,0xb421a98ca7825ad2951eaf6516bea4a9f08ffbfd(3x);0xf666057b3200c2af14534217ded1b8275dca53eb(3x)
1.0,0x8c6814aeb55d87eb3e0698ddf16b826d84003434,2,0xb421a98ca7825ad2951eaf6516bea4a9f08ffbfd(1x);0xf666057b3200c2af14534217ded1b8275dca53eb(1x)
1.0,0x46ec730ef5b6af232099dc93d3da3cbb1a13aefe,2,0xb421a98ca7825ad2951eaf6516bea4a9f08ffbfd(1x);0xf666057b3200c2af14534217ded1b8275dca53eb(1x)
1.0,0x42e2487f9db2f03d7e93ae4d1d156a81f6f0cec1,2,0xb421a98ca7825ad2951eaf6516bea4a9f08ffbfd(1x);0xf666057b3200c2af14534217ded1b8275dca53eb(1x)
1.0,0x587ee86845e3c1251f32941e1270c01ce3833a3d,2,0xb421a98ca7825ad2951eaf6516bea4a9f08ffbfd(2x);0xf666057b3200c2af14534217ded1b8275dca53eb(2x)
1.0,0x053ff9a5cb9d9bf33bf2aefc1975650d4c7cf015,2,0xb421a98ca7825ad2951eaf6516bea4a9f08ffbfd(6x);0xf666057b3200c2af14534217ded1b8275dca53eb(6x)
1.0,0x218103deab7b7def04a62ce0495ebe3373901455,2,0xb421a98ca7825ad2951eaf6516bea4a9f08ffbfd(2x);0xf666057b3200c2af14534217ded1b8275dca53eb(2x)
1.0,0x826e50454f8b643bd55a164d4a42114ff3ce5bf2,2,0xb421a98ca7825ad2951eaf6516bea4a9f08ffbfd(1x);0xf666057b3200c2af14534217ded1b8275dca53eb(1x)
1.0,0xf69c5488025152efb9dbaf0b083570e3c96fe2d8,2,0xb421a98ca7825ad2951eaf6516bea4a9f08ffbfd(1x);0xf666057b3200c2af14534217ded1b8275dca53eb(1x)
1.0,0xe6672401c53b9f18f86aa9d1f6f36d045382b813,2,0xb421a98ca7825ad2951eaf6516bea4a9f08ffbfd(1x);0xf666057b3200c2af14534217ded1b8275dca53eb(1x)
1.0,0x7909e5504c0f328563d0f6d447b7ac97478d5ef3,2,0xb421a98ca7825ad2951eaf6516bea4a9f08ffbfd(1x);0xf666057b3200c2af14534217ded1b8275dca53eb(1x)
1.0,0x5b7156a65697278ea27b294dfb0116c998e24814,2,0xb421a98ca7825ad2951eaf6516bea4a9f08ffbfd(3x);0xf666057b3200c2af14534217ded1b8275dca53eb(3x)
1.0,0xa1372172a5a885de5aef3dc5473feed3d3f04278,2,0xb421a98ca7825ad2951eaf6516bea4a9f08ffbfd(1x);0xf666057b3200c2af14534217ded1b8275dca53eb(1x)
1.0,0x4de5550d1d81d6af7318f4fedb2a73f900faf28a,2,0xb421a98ca7825ad2951eaf6516bea4a9f08ffbfd(5x);0xf666057b3200c2af14534217ded1b8275dca53eb(5x)
1.0,0x6ced6ce10b1a870ebe75aafe6b254a6d070f26ea,2,0xb421a98ca7825ad2951eaf6516bea4a9f08ffbfd(1x);0xf666057b3200c2af14534217ded1b8275dca53eb(1x)
1.0,0x648512f56b1e3979cfe6d52fe971189c7b406509,2,0xb421a98ca7825ad2951eaf6516bea4a9f08ffbfd(2x);0xf666057b3200c2af14534217ded1b8275dca53eb(2x)
1.0,0xc9b766166614fda498208ae7028d8c1a403c16c3,2,0xb421a98ca7825ad2951eaf6516bea4a9f08ffbfd(1x);0xf666057b3200c2af14534217ded1b8275dca53eb(1x)
1.0,0x629088cc0784c1c992c31ca67fda3655c255c3f6,2,0xb421a98ca7825ad2951eaf6516bea4a9f08ffbfd(5x);0xf666057b3200c2af14534217ded1b8275dca53eb(5x)
1.0,0x89738bc3dbb652342bd82f69b6858978c5db06e2,2,0xb421a98ca7825ad2951eaf6516bea4a9f08ffbfd(1x);0xf666057b3200c2af14534217ded1b8275dca53eb(1x)
1.0,0x23b6b6d2eb743bfff8c0310688f9cc0bb615fb54,2,0xb421a98ca7825ad2951eaf6516bea4a9f08ffbfd(1x);0xf666057b3200c2af14534217ded1b8275dca53eb(1x)
1.0,0x0279fe6269b831120f07672ef0cd7a2a6f9f3e4d,2,0xb421a98ca7825ad2951eaf6516bea4a9f08ffbfd(1x);0xf666057b3200c2af14534217ded1b8275dca53eb(1x)
1.0,0xecb443a6f66bd220c1038d5aa56103d03d295caa,2,0xb421a98ca7825ad2951eaf6516bea4a9f08ffbfd(3x);0xf666057b3200c2af14534217ded1b8275dca53eb(3x)
1.0,0xdb8c5a0a715de1a83432b03e7f0e2b24d1a3c7eb,2,0xb421a98ca7825ad2951eaf6516bea4a9f08ffbfd(1x);0xf666057b3200c2af14534217ded1b8275dca53eb(1x)
1.0,0x701b2accdc190d0a3113a20d75a45878a4aa7ba0,2,0xb421a98ca7825ad2951eaf6516bea4a9f08ffbfd(1x);0xf666057b3200c2af14534217ded1b8275dca53eb(1x)
1.0,0x0f495acb81e773af2648d72ca72f2ccc68b0824e,2,0xb421a98ca7825ad2951eaf6516bea4a9f08ffbfd(1x);0xf666057b3200c2af14534217ded1b8275dca53eb(1x)
1.0,0x7062d8e13b44ec82686b41aa6729d6e18d7da7e8,2,0xb421a98ca7825ad2951eaf6516bea4a9f08ffbfd(1x);0xf666057b3200c2af14534217ded1b8275dca53eb(1x)
1.0,0xa19b71372a6566a386b78b0598bc65df6c127b55,2,0xb421a98ca7825ad2951eaf6516bea4a9f08ffbfd(1x);0xf666057b3200c2af14534217ded1b8275dca53eb(1x)
1.0,0xd8db3594dda4ffefbeb4af859a1d0d150b5a3c5d,2,0xb421a98ca7825ad2951eaf6516bea4a9f08ffbfd(1x);0xf666057b3200c2af14534217ded1b8275dca53eb(1x)
1.0,0x7303c14011b991851ce293883b9775da05a430ce,2,0xb421a98ca7825ad2951eaf6516bea4a9f08ffbfd(1x);0xf666057b3200c2af14534217ded1b8275dca53eb(1x)
1.0,0xc78730d4d04383b129646688feb6f51066fb1aed,2,0xb421a98ca7825ad2951eaf6516bea4a9f08ffbfd(1x);0xf666057b3200c2af14534217ded1b8275dca53eb(1x)
1.0,0x3ef42f23da8782176a9fba1397281597240bfe49,2,0xb421a98ca7825ad2951eaf6516bea4a9f08ffbfd(1x);0xf666057b3200c2af14534217ded1b8275dca53eb(1x)
1.0,0xab88953e60fdfc5c316e1fd9ba836cbdf75f6a31,2,0xb421a98ca7825ad2951eaf6516bea4a9f08ffbfd(1x);0xf666057b3200c2af14534217ded1b8275dca53eb(1x)
1.0,0x4332e2bab9699cfde70cac5823f0d6bbb92612eb,2,0xb421a98ca7825ad2951eaf6516bea4a9f08ffbfd(1x);0xf666057b3200c2af14534217ded1b8275dca53eb(1x)
1.0,0x5168f6ddab95a90c43658fccd0c1c9a31868b2d9,2,0xb421a98ca7825ad2951eaf6516bea4a9f08ffbfd(1x);0xf666057b3200c2af14534217ded1b8275dca53eb(1x)
1.0,0x20a6e6bbddd1c0b9db728ca897bc2dd261991170,2,0xb421a98ca7825ad2951eaf6516bea4a9f08ffbfd(1x);0xf666057b3200c2af14534217ded1b8275dca53eb(1x)
1.0,0x7bcd4dae8918ede8471c85c14f0719cd05f16e3e,2,0xb421a98ca7825ad2951eaf6516bea4a9f08ffbfd(1x);0xf666057b3200c2af14534217ded1b8275dca53eb(1x)
1.0,0x718574e49263b62895fc1f9ed29a64d1464d4403,2,0xb421a98ca7825ad2951eaf6516bea4a9f08ffbfd(1x);0xf666057b3200c2af14534217ded1b8275dca53eb(1x)
1.0,0x527d81ebb9bfb2dfa188b905cd02e54636f12eac,2,0xb421a98ca7825ad2951eaf6516bea4a9f08ffbfd(1x);0xf666057b3200c2af14534217ded1b8275dca53eb(1x)
1.0,0x4494b07a64efc25dd6e72e1ca28a4f5e9fd624d1,2,0xb421a98ca7825ad2951eaf6516bea4a9f08ffbfd(1x);0xf666057b3200c2af14534217ded1b8275dca53eb(1x)
1.0,0xc5a77a0ac6360ecf565a89deb841e54c3fe26120,2,0xb421a98ca7825ad2951eaf6516bea4a9f08ffbfd(1x);0xf666057b3200c2af14534217ded1b8275dca53eb(1x)
1.0,0x7d20e5a860ee13b0bb1ec12976e0994de670c92c,2,0xb421a98ca7825ad2951eaf6516bea4a9f08ffbfd(1x);0xf666057b3200c2af14534217ded1b8275dca53eb(1x)
1.0,0x5f2172476d003ebc0ef92706dc9356bda42e0d07,2,0xb421a98ca7825ad2951eaf6516bea4a9f08ffbfd(1x);0xf666057b3200c2af14534217ded1b8275dca53eb(1x)
1.0,0xc4cd1255b3e41c052901043ce38bb54bc1cbcd96,2,0xb421a98ca7825ad2951eaf6516bea4a9f08ffbfd(1x);0xf666057b3200c2af14534217ded1b8275dca53eb(1x)
1.0,0x7d24cf10cdfa0be4f342f866432609a104792b44,2,0xb421a98ca7825ad2951eaf6516bea4a9f08ffbfd(1x);0xf666057b3200c2af14534217ded1b8275dca53eb(1x)
1.0,0xbfca87d0f564370f8b3dc47b5f7d137d9ca2d08c,2,0xb421a98ca7825ad2951eaf6516bea4a9f08ffbfd(1x);0xf666057b3200c2af14534217ded1b8275dca53eb(1x)
1.0,0xb0e1310461fbfa2f5c3ef5e134436257c345ddfe,2,0xb421a98ca7825ad2951eaf6516bea4a9f08ffbfd(1x);0xf666057b3200c2af14534217ded1b8275dca53eb(1x)
1.0,0x400083714a78b9afdb4a6f87303fefaea170669f,2,0xb421a98ca7825ad2951eaf6516bea4a9f08ffbfd(1x);0xf666057b3200c2af14534217ded1b8275dca53eb(1x)
1.0,0x99bc1970c92bbda2bc0ed3a7558f09f0dfdda899,2,0xb421a98ca7825ad2951eaf6516bea4a9f08ffbfd(1x);0xf666057b3200c2af14534217ded1b8275dca53eb(1x)
1.0,0xb2a128c6d9dd741490e084d604a2e20a35d9cd71,2,0xb421a98ca7825ad2951eaf6516bea4a9f08ffbfd(1x);0xf666057b3200c2af14534217ded1b8275dca53eb(1x)
1.0,0x35ae6379eb8f5f572b1985a4efbaecb7171793e4,2,0xb421a98ca7825ad2951eaf6516bea4a9f08ffbfd(5x);0xf666057b3200c2af14534217ded1b8275dca53eb(5x)
1.0,0x9e268628c823ac3c339d716ee2d07518cb7a2805,2,0xb421a98ca7825ad2951eaf6516bea4a9f08ffbfd(1x);0xf666057b3200c2af14534217ded1b8275dca53eb(1x)
1.0,0xd95705e5259cd6715cb588b1cd0afd4d8b053e77,2,0xb421a98ca7825ad2951eaf6516bea4a9f08ffbfd(2x);0xf666057b3200c2af14534217ded1b8275dca53eb(2x)
1.0,0xb204870501aef0fc7f678d30b3aa121ea16a5f76,2,0xb421a98ca7825ad2951eaf6516bea4a9f08ffbfd(7x);0xf666057b3200c2af14534217ded1b8275dca53eb(7x)
1.0,0x7c8b788981ff2b201a80bb063e9bf1baa86aea65,2,0xb421a98ca7825ad2951eaf6516bea4a9f08ffbfd(3x);0xf666057b3200c2af14534217ded1b8275dca53eb(3x)
1.0,0x5ace0ba661861c391f914eaa553df58077bcff1a,2,0xb421a98ca7825ad2951eaf6516bea4a9f08ffbfd(1x);0xf666057b3200c2af14534217ded1b8275dca53eb(1x)
1.0,0xd58b29ef4322563a465767645bdf047fc5543481,2,0xb421a98ca7825ad2951eaf6516bea4a9f08ffbfd(1x);0xf666057b3200c2af14534217ded1b8275dca53eb(1x)
1.0,0xbf213df2989beecbf3c04544685d5d472aab3ef4,2,0xb421a98ca7825ad2951eaf6516bea4a9f08ffbfd(3x);0xf666057b3200c2af14534217ded1b8275dca53eb(3x)
1.0,0xc17a2ad6e92007d08eac3c444946dcd3a293b37b,2,0xb421a98ca7825ad2951eaf6516bea4a9f08ffbfd(1x);0xf666057b3200c2af14534217ded1b8275dca53eb(1x)
1.0,0x7db4ae157e1e0b5bfdfd580d28cc3f8d1ac0b303,2,0xb421a98ca7825ad2951eaf6516bea4a9f08ffbfd(1x);0xf666057b3200c2af14534217ded1b8275dca53eb(1x)
1.0,0x70aa32f803593c41c96742d4e35b854cd22517c0,2,0xb421a98ca7825ad2951eaf6516bea4a9f08ffbfd(1x);0xf666057b3200c2af14534217ded1b8275dca53eb(1x)
1.0,0x60f8134e7f70ae518ec9f0cb62922f0616ac0079,2,0xb421a98ca7825ad2951eaf6516bea4a9f08ffbfd(1x);0xf666057b3200c2af14534217ded1b8275dca53eb(1x)
1.0,0x455b4f495e8e4dd76962b66c2602c7593d818242,2,0xb421a98ca7825ad2951eaf6516bea4a9f08ffbfd(1x);0xf666057b3200c2af14534217ded1b8275dca53eb(1x)
1.0,0x845cdf3e93ec5dcb2bbcf370b128f69ea47bb0c1,2,0xb421a98ca7825ad2951eaf6516bea4a9f08ffbfd(1x);0xf666057b3200c2af14534217ded1b8275dca53eb(1x)
1.0,0xe08610e1922aba2c34046835bfb4a3997531e8bd,2,0xb421a98ca7825ad2951eaf6516bea4a9f08ffbfd(1x);0xf666057b3200c2af14534217ded1b8275dca53eb(1x)
1.0,0x3e4ca4ee73d601b7b762855c8694ebbdc79e5564,2,0xb421a98ca7825ad2951eaf6516bea4a9f08ffbfd(1x);0xf666057b3200c2af14534217ded1b8275dca53eb(1x)
1.0,0xc983af6c455deb4fd23e6680e69f9bcf1b96345c,2,0xb421a98ca7825ad2951eaf6516bea4a9f08ffbfd(8x);0xf666057b3200c2af14534217ded1b8275dca53eb(8x)
1.0,0x232e7fb33673f11b705828622af2cda656e166ac,2,0xb421a98ca7825ad2951eaf6516bea4a9f08ffbfd(1x);0xf666057b3200c2af14534217ded1b8275dca53eb(1x)
1.0,0x7ce94f0e4683940a804d864b156d9203412d3192,2,0xb421a98ca7825ad2951eaf6516bea4a9f08ffbfd(3x);0xf666057b3200c2af14534217ded1b8275dca53eb(3x)
1.0,0xaaf3696bbe9ea596d724166ca28b5c776b71b9aa,2,0xb421a98ca7825ad2951eaf6516bea4a9f08ffbfd(1x);0xf666057b3200c2af14534217ded1b8275dca53eb(1x)
1.0,0xeafbaae73090d40911fb00372073cd4eac528005,2,0xb421a98ca7825ad2951eaf6516bea4a9f08ffbfd(3x);0xf666057b3200c2af14534217ded1b8275dca53eb(3x)
1.0,0x3b12b2f0a29b9a7ab19d46d402027c4306ad835d,2,0xb421a98ca7825ad2951eaf6516bea4a9f08ffbfd(1x);0xf666057b3200c2af14534217ded1b8275dca53eb(1x)
1.0,0xd2cba30c50011cc35c26afc4ab395d0585405717,2,0xb421a98ca7825ad2951eaf6516bea4a9f08ffbfd(3x);0xf666057b3200c2af14534217ded1b8275dca53eb(3x)
1.0,0xd43d8b65098a1addb2a7fac50ec84910e0838def,2,0xb421a98ca7825ad2951eaf6516bea4a9f08ffbfd(5x);0xf666057b3200c2af14534217ded1b8275dca53eb(5x)
1.0,0x536bc085985f824d5e953566ce99b5248091fce9,2,0xb421a98ca7825ad2951eaf6516bea4a9f08ffbfd(1x);0xf666057b3200c2af14534217ded1b8275dca53eb(1x)
1.0,0x5a955c9be90a91ee5fac4c07c7ba62e0d71cee9c,2,0xb421a98ca7825ad2951eaf6516bea4a9f08ffbfd(1x);0xf666057b3200c2af14534217ded1b8275dca53eb(1x)
1.0,0x3b8daa8566e631b2457c512d93577fe21a8758cb,2,0xb421a98ca7825ad2951eaf6516bea4a9f08ffbfd(2x);0xf666057b3200c2af14534217ded1b8275dca53eb(2x)
1.0,0x0fd85977e1856656ca5db8b91d079ccf85596b6e,2,0xb421a98ca7825ad2951eaf6516bea4a9f08ffbfd(1x);0xf666057b3200c2af14534217ded1b8275dca53eb(1x)
1.0,0xd1768a603045057f35990e366fd986c73008094d,2,0xb421a98ca7825ad2951eaf6516bea4a9f08ffbfd(1x);0xf666057b3200c2af14534217ded1b8275dca53eb(1x)
1.0,0x89be25e6e2ab511c1c3332a8d836a74be07f86e3,2,0xb421a98ca7825ad2951eaf6516bea4a9f08ffbfd(1x);0xf666057b3200c2af14534217ded1b8275dca53eb(1x)
1.0,0xd0b0cf5010541f03fed2c4477b527e7e7b280c1f,2,0xb421a98ca7825ad2951eaf6516bea4a9f08ffbfd(1x);0xf666057b3200c2af14534217ded1b8275dca53eb(1x)
1.0,0xfac71dbbfa4fd11f51f28113845d26592eb77182,2,0xb421a98ca7825ad2951eaf6516bea4a9f08ffbfd(1x);0xf666057b3200c2af14534217ded1b8275dca53eb(1x)
1.0,0x42d3b08221680f2e13854f34d8ff9b8738888baa,2,0xb421a98ca7825ad2951eaf6516bea4a9f08ffbfd(1x);0xf666057b3200c2af14534217ded1b8275dca53eb(1x)
1.0,0x59f75ec3f9afc22fb0d788991140dd5d516f70ec,2,0xb421a98ca7825ad2951eaf6516bea4a9f08ffbfd(1x);0xf666057b3200c2af14534217ded1b8275dca53eb(1x)
1.0,0x6f2873329a33cabc3d73d9815f7623761d1dcf57,2,0xb421a98ca7825ad2951eaf6516bea4a9f08ffbfd(1x);0xf666057b3200c2af14534217ded1b8275dca53eb(1x)
1.0,0xc891976594272d02757e3489ab7b0c9b077d41f8,2,0xb421a98ca7825ad2951eaf6516bea4a9f08ffbfd(1x);0xf666057b3200c2af14534217ded1b8275dca53eb(1x)
1.0,0xc5014b694af90f1657098c98225c1935a5289dae,2,0xb421a98ca7825ad2951eaf6516bea4a9f08ffbfd(1x);0xf666057b3200c2af14534217ded1b8275dca53eb(1x)
1.0,0x4e0f8b0042b2724f1f23c0ccd971162c86859766,2,0xb421a98ca7825ad2951eaf6516bea4a9f08ffbfd(1x);0xf666057b3200c2af14534217ded1b8275dca53eb(1x)
1.0,0xc2c6f63ee08676515e5b69b14c27c30a5c421596,2,0xb421a98ca7825ad2951eaf6516bea4a9f08ffbfd(1x);0xf666057b3200c2af14534217ded1b8275dca53eb(1x)
1.0,0xf72860458da8e40bc49b117c58f13293f2343c02,2,0xb421a98ca7825ad2951eaf6516bea4a9f08ffbfd(1x);0xf666057b3200c2af14534217ded1b8275dca53eb(1x)
1.0,0x155354957ed06c74e941f8f9aa7cb4893b282678,2,0xb421a98ca7825ad2951eaf6516bea4a9f08ffbfd(1x);0xf666057b3200c2af14534217ded1b8275dca53eb(1x)
1.0,0x4dac8e8224ec2c47d8daa4e73bed5e75373359bc,2,0xb421a98ca7825ad2951eaf6516bea4a9f08ffbfd(1x);0xf666057b3200c2af14534217ded1b8275dca53eb(1x)
1.0,0x8a882f50c92474a098c152efc22648a496fb87d6,2,0xb421a98ca7825ad2951eaf6516bea4a9f08ffbfd(1x);0xf666057b3200c2af14534217ded1b8275dca53eb(1x)
1.0,0x2ba5d22d1ed5161fcdf463ccb3b9d235c1b93ca0,2,0xb421a98ca7825ad2951eaf6516bea4a9f08ffbfd(1x);0xf666057b3200c2af14534217ded1b8275dca53eb(1x)
1.0,0x5ec63437cdf2dc123596d547585dac284ad458a7,2,0xb421a98ca7825ad2951eaf6516bea4a9f08ffbfd(1x);0xf666057b3200c2af14534217ded1b8275dca53eb(1x)
1.0,0xfbfd5342a7771d37236d547ad75d43892a777ea7,2,0xb421a98ca7825ad2951eaf6516bea4a9f08ffbfd(1x);0xf666057b3200c2af14534217ded1b8275dca53eb(1x)
1.0,0x677cc895b72a56b90de42f2923ffbdbca4142512,2,0xb421a98ca7825ad2951eaf6516bea4a9f08ffbfd(1x);0xf666057b3200c2af14534217ded1b8275dca53eb(1x)
1.0,0xd27d55e4ae0ca94e4ea493aacd13eba5e1943564,2,0xb421a98ca7825ad2951eaf6516bea4a9f08ffbfd(1x);0xf666057b3200c2af14534217ded1b8275dca53eb(1x)
1.0,0x82fff0827880972a9a0c5b966238a2b98513a4c5,2,0xb421a98ca7825ad2951eaf6516bea4a9f08ffbfd(1x);0xf666057b3200c2af14534217ded1b8275dca53eb(1x)
1.0,0xd0d102509a88a720f4203a181a56bd2c1ccead72,2,0xb421a98ca7825ad2951eaf6516bea4a9f08ffbfd(1x);0xf666057b3200c2af14534217ded1b8275dca53eb(1x)
1.0,0x0c296a42372069492b1f421f661b71a02be39f8d,2,0xb421a98ca7825ad2951eaf6516bea4a9f08ffbfd(1x);0xf666057b3200c2af14534217ded1b8275dca53eb(1x)
1.0,0x6baa068839bf4d95413c6ef1175a139ee150285b,2,0xb421a98ca7825ad2951eaf6516bea4a9f08ffbfd(1x);0xf666057b3200c2af14534217ded1b8275dca53eb(1x)
1.0,0x4dc20eddb8bae9771602b11f46490daeedea726e,2,0xb421a98ca7825ad2951eaf6516bea4a9f08ffbfd(7x);0xf666057b3200c2af14534217ded1b8275dca53eb(7x)
1.0,0x9b22eb4ffac3bdcb2f01918b6013110ea7dc4b88,2,0xb421a98ca7825ad2951eaf6516bea4a9f08ffbfd(1x);0xf666057b3200c2af14534217ded1b8275dca53eb(1x)
1.0,0x98d3156720432743488ff72b13ede8ba849635c7,2,0xb421a98ca7825ad2951eaf6516bea4a9f08ffbfd(17x);0xf666057b3200c2af14534217ded1b8275dca53eb(17x)
1.0,0xfe2ceb6a184f8c2ee4c4ddf99bf12bda215dc321,2,0xb421a98ca7825ad2951eaf6516bea4a9f08ffbfd(1x);0xf666057b3200c2af14534217ded1b8275dca53eb(1x)
1.0,0xfad4bc74fad028c494eb5190784fb65e77716b54,2,0xb421a98ca7825ad2951eaf6516bea4a9f08ffbfd(2x);0xf666057b3200c2af14534217ded1b8275dca53eb(2x)
1.0,0x076fa68815de93b8f1d572e4413f90297c79044d,2,0xb421a98ca7825ad2951eaf6516bea4a9f08ffbfd(1x);0xf666057b3200c2af14534217ded1b8275dca53eb(1x)
1.0,0x550d10b6358ff52aa4d02e0ed329fc29a3f1a1a1,2,0xb421a98ca7825ad2951eaf6516bea4a9f08ffbfd(1x);0xf666057b3200c2af14534217ded1b8275dca53eb(1x)
1.0,0xceaacc11e0c97bb147d099b7ad736021bcb80be0,2,0xb421a98ca7825ad2951eaf6516bea4a9f08ffbfd(3x);0xf666057b3200c2af14534217ded1b8275dca53eb(3x)
1.0,0x51c99e6e5c9d2efb39f163c9c921f181a980da41,2,0xb421a98ca7825ad2951eaf6516bea4a9f08ffbfd(1x);0xf666057b3200c2af14534217ded1b8275dca53eb(1x)
1.0,0x0ff72a54a05fdafdae9d52848b91c9534cdaecc7,2,0xb421a98ca7825ad2951eaf6516bea4a9f08ffbfd(3x);0xf666057b3200c2af14534217ded1b8275dca53eb(3x)
1.0,0x183bb63f6095fe2017179b5589ae4df2cd139de6,2,0xb421a98ca7825ad2951eaf6516bea4a9f08ffbfd(8x);0xf666057b3200c2af14534217ded1b8275dca53eb(8x)
1.0,0x8a57b3d2f2d187eb552ff08527161965e69c2393,2,0xb421a98ca7825ad2951eaf6516bea4a9f08ffbfd(3x);0xf666057b3200c2af14534217ded1b8275dca53eb(3x)
1.0,0xa5f8568fb96d00b629b0607c532235ddb8bb7591,2,0xb421a98ca7825ad2951eaf6516bea4a9f08ffbfd(1x);0xf666057b3200c2af14534217ded1b8275dca53eb(1x)
1.0,0xc1e55b6b40799d576e60f3b4b02dbcdf677bbf32,2,0xb421a98ca7825ad2951eaf6516bea4a9f08ffbfd(2x);0xf666057b3200c2af14534217ded1b8275dca53eb(2x)
1.0,0x639cd71442d43dcfb6b52427b83cafdfde569da3,2,0xb421a98ca7825ad2951eaf6516bea4a9f08ffbfd(2x);0xf666057b3200c2af14534217ded1b8275dca53eb(2x)
1.0,0xfdcde5c7ff38485e0546f75143c8286717391335,2,0xb421a98ca7825ad2951eaf6516bea4a9f08ffbfd(1x);0xf666057b3200c2af14534217ded1b8275dca53eb(1x)
1.0,0xec1842beb5ed4d1531c695ba0e581d64ef70cc76,2,0xb421a98ca7825ad2951eaf6516bea4a9f08ffbfd(1x);0xf666057b3200c2af14534217ded1b8275dca53eb(1x)
1.0,0x5b96d780198cf5e4a1677303af7814c7b14ac582,2,0xb421a98ca7825ad2951eaf6516bea4a9f08ffbfd(1x);0xf666057b3200c2af14534217ded1b8275dca53eb(1x)
1.0,0x5c9658d4580c6f21eeb0d75a5a16d2ba1eac89be,2,0xb421a98ca7825ad2951eaf6516bea4a9f08ffbfd(1x);0xf666057b3200c2af14534217ded1b8275dca53eb(1x)
1.0,0xccac514cd0882cce097d57ede74a5cb087ce6633,2,0xb421a98ca7825ad2951eaf6516bea4a9f08ffbfd(1x);0xf666057b3200c2af14534217ded1b8275dca53eb(1x)
1.0,0x503f4c20a7e0a11c31b7b36ac5aa8dd10b798272,2,0xb421a98ca7825ad2951eaf6516bea4a9f08ffbfd(2x);0xf666057b3200c2af14534217ded1b8275dca53eb(2x)
1.0,0x3bc9d5847e9bb385347b75431e366dc5ed382df6,2,0xb421a98ca7825ad2951eaf6516bea4a9f08ffbfd(6x);0xf666057b3200c2af14534217ded1b8275dca53eb(6x)
1.0,0xec211d6f90fe5111fe96fe1f1c6bd22ed9aac760,2,0xb421a98ca7825ad2951eaf6516bea4a9f08ffbfd(1x);0xf666057b3200c2af14534217ded1b8275dca53eb(1x)
1.0,0xd5567a074b2606788f7bd2379c66978875c5f98d,2,0xb421a98ca7825ad2951eaf6516bea4a9f08ffbfd(3x);0xf666057b3200c2af14534217ded1b8275dca53eb(3x)
1.0,0xf4c14819cf7045b434f4f5e6dc5c3c67f3d6e856,2,0xb421a98ca7825ad2951eaf6516bea4a9f08ffbfd(2x);0xf666057b3200c2af14534217ded1b8275dca53eb(2x)
1.0,0x0e453fac4c6ef31bb5c7dc68c2de6aa8a37a0924,2,0xb421a98ca7825ad2951eaf6516bea4a9f08ffbfd(1x);0xf666057b3200c2af14534217ded1b8275dca53eb(1x)
1.0,0x94fa4662ccfd6e59e1e4856ed50f1a599446fdfc,2,0xb421a98ca7825ad2951eaf6516bea4a9f08ffbfd(1x);0xf666057b3200c2af14534217ded1b8275dca53eb(1x)
1.0,0x8a776be4b29d114a95e0dbb09eb7fe1b89eaea8f,2,0xb421a98ca7825ad2951eaf6516bea4a9f08ffbfd(1x);0xf666057b3200c2af14534217ded1b8275dca53eb(1x)
1.0,0x5686afa18d42c6a359dc4adbf09a06765608414b,2,0xb421a98ca7825ad2951eaf6516bea4a9f08ffbfd(1x);0xf666057b3200c2af14534217ded1b8275dca53eb(1x)
1.0,0x97802a21c9c7c727cbd3702fffb1e4cb1c9ebc69,2,0xb421a98ca7825ad2951eaf6516bea4a9f08ffbfd(1x);0xf666057b3200c2af14534217ded1b8275dca53eb(1x)
1.0,0xb85ba52bc6aa97dccae8563d4e1cc56793aef717,2,0xb421a98ca7825ad2951eaf6516bea4a9f08ffbfd(1x);0xf666057b3200c2af14534217ded1b8275dca53eb(1x)
1.0,0xc908b0c69fe6f6f37b6ed1ea75ac3495e3e4199a,2,0xb421a98ca7825ad2951eaf6516bea4a9f08ffbfd(1x);0xf666057b3200c2af14534217ded1b8275dca53eb(1x)
1.0,0xa9ec7c40323f2537ea8d9641fec645e53d4af8d3,2,0xb421a98ca7825ad2951eaf6516bea4a9f08ffbfd(1x);0xf666057b3200c2af14534217ded1b8275dca53eb(1x)
1.0,0xf4b2660267fd3bfd653b7a8278aa86a925b2e08e,2,0xb421a98ca7825ad2951eaf6516bea4a9f08ffbfd(1x);0xf666057b3200c2af14534217ded1b8275dca53eb(1x)
1.0,0x4b03296f421110894d2fa500fccf07353be8548b,2,0xb421a98ca7825ad2951eaf6516bea4a9f08ffbfd(1x);0xf666057b3200c2af14534217ded1b8275dca53eb(1x)
1.0,0x2a4c16dcfdfc4bf5e89281a816e63e2437790d94,2,0xb421a98ca7825ad2951eaf6516bea4a9f08ffbfd(1x);0xf666057b3200c2af14534217ded1b8275dca53eb(1x)
1.0,0xaabbdfddb6f0b3a319ad2b1a3a959c1823a9a4cf,2,0xb421a98ca7825ad2951eaf6516bea4a9f08ffbfd(1x);0xf666057b3200c2af14534217ded1b8275dca53eb(1x)
1.0,0xf1f38c97fbf00b43e178bb6deb96952afacaa70d,2,0xb421a98ca7825ad2951eaf6516bea4a9f08ffbfd(1x);0xf666057b3200c2af14534217ded1b8275dca53eb(1x)
1.0,0x5a3561555fa5a3cffaa9be76b8ec9434faa6a81a,2,0xb421a98ca7825ad2951eaf6516bea4a9f08ffbfd(1x);0xf666057b3200c2af14534217ded1b8275dca53eb(1x)
1.0,0x09bc3d1694412a29682a40880e4801f8e7ae16d0,2,0xb421a98ca7825ad2951eaf6516bea4a9f08ffbfd(9x);0xf666057b3200c2af14534217ded1b8275dca53eb(9x)
1.0,0x11603c922ae937063f60b298bd499d31d2fbb780,2,0xb421a98ca7825ad2951eaf6516bea4a9f08ffbfd(1x);0xf666057b3200c2af14534217ded1b8275dca53eb(1x)
1.0,0x15e69f62b0e0865d20cf7ca9f1d31134a8df5abf,2,0xb421a98ca7825ad2951eaf6516bea4a9f08ffbfd(2x);0xf666057b3200c2af14534217ded1b8275dca53eb(2x)
1.0,0x7ac22dd7a5b707a44889b6dc8ed270b65448a528,2,0xb421a98ca7825ad2951eaf6516bea4a9f08ffbfd(1x);0xf666057b3200c2af14534217ded1b8275dca53eb(1x)
1.0,0xa2b7fc3b996ea6ff7fa9ea3f5110a22273c7a1c7,2,0xb421a98ca7825ad2951eaf6516bea4a9f08ffbfd(1x);0xf666057b3200c2af14534217ded1b8275dca53eb(1x)
1.0,0x65a7a2b8526f864e67f4ff1c1f93eaa9990506a7,2,0xb421a98ca7825ad2951eaf6516bea4a9f08ffbfd(1x);0xf666057b3200c2af14534217ded1b8275dca53eb(1x)
1.0,0x22ef27b11a5dcadf3c848446e202e52483f07369,2,0xb421a98ca7825ad2951eaf6516bea4a9f08ffbfd(1x);0xf666057b3200c2af14534217ded1b8275dca53eb(1x)
1.0,0x02a883c288cbdad2fd2cee9a2181d2272a39adf1,2,0xb421a98ca7825ad2951eaf6516bea4a9f08ffbfd(1x);0xf666057b3200c2af14534217ded1b8275dca53eb(1x)
1.0,0xca6ebc61f533fefe32d709eee556234a6c7db3d8,2,0xb421a98ca7825ad2951eaf6516bea4a9f08ffbfd(1x);0xf666057b3200c2af14534217ded1b8275dca53eb(1x)
1.0,0xf833ac797cd42159ac237d2203819796e2150c19,2,0xb421a98ca7825ad2951eaf6516bea4a9f08ffbfd(2x);0xf666057b3200c2af14534217ded1b8275dca53eb(2x)
1.0,0x3b10acfdf41350a947d07e944e6985fa5c5557bc,2,0xb421a98ca7825ad2951eaf6516bea4a9f08ffbfd(2x);0xf666057b3200c2af14534217ded1b8275dca53eb(2x)
1.0,0x3811fdf09065ffe9d90fa31fafc6784b14a7d175,2,0xb421a98ca7825ad2951eaf6516bea4a9f08ffbfd(7x);0xf666057b3200c2af14534217ded1b8275dca53eb(7x)
1.0,0x4ec26342a028ad8871ba4c968c57819c9b032c59,2,0xb421a98ca7825ad2951eaf6516bea4a9f08ffbfd(2x);0xf666057b3200c2af14534217ded1b8275dca53eb(2x)
1.0,0x51716c0b0489857c0b5ffb0d10a8c7c8c9a17275,2,0xb421a98ca7825ad2951eaf6516bea4a9f08ffbfd(3x);0xf666057b3200c2af14534217ded1b8275dca53eb(3x)
1.0,0xbc5f7face9e6f57e212a2781271fee3710edc49c,2,0xb421a98ca7825ad2951eaf6516bea4a9f08ffbfd(2x);0xf666057b3200c2af14534217ded1b8275dca53eb(2x)
1.0,0xe1774effd1647314de18daedf107d86a7368697c,2,0xb421a98ca7825ad2951eaf6516bea4a9f08ffbfd(1x);0xf666057b3200c2af14534217ded1b8275dca53eb(1x)
1.0,0x411a8c62d55cde12d2571d02e08960966ea80406,2,0xb421a98ca7825ad2951eaf6516bea4a9f08ffbfd(1x);0xf666057b3200c2af14534217ded1b8275dca53eb(1x)
1.0,0xb327b81293a3456ddbbabae9d299c1c3bc75faf4,2,0xb421a98ca7825ad2951eaf6516bea4a9f08ffbfd(1x);0xf666057b3200c2af14534217ded1b8275dca53eb(1x)
1.0,0x9435a8ef86822eaa7e85fd9659ab83221e6c7887,2,0xb421a98ca7825ad2951eaf6516bea4a9f08ffbfd(2x);0xf666057b3200c2af14534217ded1b8275dca53eb(2x)
1.0,0x7f29319d35bbf4c09a004a2d3567692ec65abb31,2,0xb421a98ca7825ad2951eaf6516bea4a9f08ffbfd(1x);0xf666057b3200c2af14534217ded1b8275dca53eb(1x)
1.0,0x70728258656749b5e31100feeb32a21be63a67b3,2,0xb421a98ca7825ad2951eaf6516bea4a9f08ffbfd(1x);0xf666057b3200c2af14534217ded1b8275dca53eb(1x)
1.0,0xe3f8c70b239f999ec6fdfd8e650987ae7963f31d,2,0xb421a98ca7825ad2951eaf6516bea4a9f08ffbfd(1x);0xf666057b3200c2af14534217ded1b8275dca53eb(1x)
1.0,0x51d6a48286528c6c8d51bef81d56aacd9f9579d9,2,0xb421a98ca7825ad2951eaf6516bea4a9f08ffbfd(6x);0xf666057b3200c2af14534217ded1b8275dca53eb(6x)
1.0,0x2bba7fea9805ea698e96e479f88f1acf9e330ddb,2,0xb421a98ca7825ad2951eaf6516bea4a9f08ffbfd(1x);0xf666057b3200c2af14534217ded1b8275dca53eb(1x)
1.0,0x2368b04ebe87cf1b00360f6a56be2b7d0bb42ac8,2,0xb421a98ca7825ad2951eaf6516bea4a9f08ffbfd(3x);0xf666057b3200c2af14534217ded1b8275dca53eb(3x)
1.0,0xea16508a40a9b0ea2210226e21d374d51baeab59,2,0xb421a98ca7825ad2951eaf6516bea4a9f08ffbfd(1x);0xf666057b3200c2af14534217ded1b8275dca53eb(1x)
1.0,0x2cc7dbc37434ea3cb92b6238708cf7c1b2a09cf7,2,0xb421a98ca7825ad2951eaf6516bea4a9f08ffbfd(1x);0xf666057b3200c2af14534217ded1b8275dca53eb(1x)
1.0,0xc796369e1fde93f4b866071cc1508ba4942b99cf,2,0xb421a98ca7825ad2951eaf6516bea4a9f08ffbfd(1x);0xf666057b3200c2af14534217ded1b8275dca53eb(1x)
1.0,0x41e04ef4486f5ba94ab83d93e870a8d982063881,2,0xb421a98ca7825ad2951eaf6516bea4a9f08ffbfd(1x);0xf666057b3200c2af14534217ded1b8275dca53eb(1x)
1.0,0x0c67dc441ddbbfb83c19386d11d114e5073d8565,2,0xb421a98ca7825ad2951eaf6516bea4a9f08ffbfd(1x);0xf666057b3200c2af14534217ded1b8275dca53eb(1x)
1.0,0xe18b33b451005fc0bc0182aa056b1ebb2fea1a83,2,0xb421a98ca7825ad2951eaf6516bea4a9f08ffbfd(1x);0xf666057b3200c2af14534217ded1b8275dca53eb(1x)
1.0,0x1424236fe7fcb4a9e53d841ba3196628a92c9587,2,0xb421a98ca7825ad2951eaf6516bea4a9f08ffbfd(1x);0xf666057b3200c2af14534217ded1b8275dca53eb(1x)
1.0,0x5767b4b1fbb88ddbf791724be771feb0cb52fc16,2,0xb421a98ca7825ad2951eaf6516bea4a9f08ffbfd(1x);0xf666057b3200c2af14534217ded1b8275dca53eb(1x)
1.0,0x3041bff978a98feb0eaf4d1bed3f419b90044109,2,0xb421a98ca7825ad2951eaf6516bea4a9f08ffbfd(1x);0xf666057b3200c2af14534217ded1b8275dca53eb(1x)
1.0,0xfd364df09697daf5f3ed82d04da867f00153a397,2,0xb421a98ca7825ad2951eaf6516bea4a9f08ffbfd(1x);0xf666057b3200c2af14534217ded1b8275dca53eb(1x)
1.0,0xe976698574ee0497965d6528d1d4ead4455643a3,2,0xb421a98ca7825ad2951eaf6516bea4a9f08ffbfd(1x);0xf666057b3200c2af14534217ded1b8275dca53eb(1x)
1.0,0xac9495b57c4a14a811848bf9f63323f87a922d77,2,0xb421a98ca7825ad2951eaf6516bea4a9f08ffbfd(1x);0xf666057b3200c2af14534217ded1b8275dca53eb(1x)
1.0,0x5742d32296db291a58ae7000a0e4bac6a2ed134c,2,0xb421a98ca7825ad2951eaf6516bea4a9f08ffbfd(1x);0xf666057b3200c2af14534217ded1b8275dca53eb(1x)
1.0,0x837fdb209c79b2e8b9ba1574f41af54b130a5174,2,0xb421a98ca7825ad2951eaf6516bea4a9f08ffbfd(1x);0xf666057b3200c2af14534217ded1b8275dca53eb(1x)
1.0,0xb761adde9966da3351a6ad3eae0fc307e0203806,2,0xb421a98ca7825ad2951eaf6516bea4a9f08ffbfd(1x);0xf666057b3200c2af14534217ded1b8275dca53eb(1x)
1.0,0x9cd1d34b51259d97203e6cc391db57e495662151,2,0xb421a98ca7825ad2951eaf6516bea4a9f08ffbfd(1x);0xf666057b3200c2af14534217ded1b8275dca53eb(1x)
1.0,0x3fc469be64a66b711633dbb80dbcdb46b36c3703,2,0xb421a98ca7825ad2951eaf6516bea4a9f08ffbfd(1x);0xf666057b3200c2af14534217ded1b8275dca53eb(1x)
1.0,0xef6bc22a0fc9f165642537fa55c091b2fdd6bca6,2,0xb421a98ca7825ad2951eaf6516bea4a9f08ffbfd(1x);0xf666057b3200c2af14534217ded1b8275dca53eb(1x)
1.0,0xe0abf5bc863888aa386cef89fcd0c1a293040d61,2,0xb421a98ca7825ad2951eaf6516bea4a9f08ffbfd(1x);0xf666057b3200c2af14534217ded1b8275dca53eb(1x)
1.0,0x54330d702f0bc4e0d710ce76fc26dd93a165dbb7,2,0xb421a98ca7825ad2951eaf6516bea4a9f08ffbfd(1x);0xf666057b3200c2af14534217ded1b8275dca53eb(1x)
1.0,0x217e919e6217f34f4639f3912803ff19a748f476,2,0xb421a98ca7825ad2951eaf6516bea4a9f08ffbfd(1x);0xf666057b3200c2af14534217ded1b8275dca53eb(1x)
1.0,0xe1964f78291c1eca85bdbd996dd90b8b8f4387d3,2,0xb421a98ca7825ad2951eaf6516bea4a9f08ffbfd(1x);0xf666057b3200c2af14534217ded1b8275dca53eb(1x)
1.0,0x877d5dfec0e2dacba289c5ac4acf1b1abbf4b005,2,0xb421a98ca7825ad2951eaf6516bea4a9f08ffbfd(1x);0xf666057b3200c2af14534217ded1b8275dca53eb(1x)
1.0,0xde51918b84630c2506454aa74c179a7b05156261,2,0xb421a98ca7825ad2951eaf6516bea4a9f08ffbfd(1x);0xf666057b3200c2af14534217ded1b8275dca53eb(1x)
1.0,0x142b222ca5df270326a94101d85c54b90f507d6c,2,0xb421a98ca7825ad2951eaf6516bea4a9f08ffbfd(1x);0xf666057b3200c2af14534217ded1b8275dca53eb(1x)
1.0,0x2b995c6ad1b70404b4a42cf7a4e9d72f4db40359,2,0xb421a98ca7825ad2951eaf6516bea4a9f08ffbfd(1x);0xf666057b3200c2af14534217ded1b8275dca53eb(1x)
1.0,0xc89551c24f92eb3aba9f2b147a53cc089f3c8220,2,0xb421a98ca7825ad2951eaf6516bea4a9f08ffbfd(1x);0xf666057b3200c2af14534217ded1b8275dca53eb(1x)
1.0,0x4047f5592a10292df553839d2b835f8a12cbd9e7,2,0xb421a98ca7825ad2951eaf6516bea4a9f08ffbfd(1x);0xf666057b3200c2af14534217ded1b8275dca53eb(1x)
1.0,0x786cec529da90103210c0efa658180f6cce303b2,2,0xb421a98ca7825ad2951eaf6516bea4a9f08ffbfd(1x);0xf666057b3200c2af14534217ded1b8275dca53eb(1x)
1.0,0x5f0c726f1df96ad0c2c3b31ae8b7e9f1fa284f75,2,0xb421a98ca7825ad2951eaf6516bea4a9f08ffbfd(1x);0xf666057b3200c2af14534217ded1b8275dca53eb(1x)
1.0,0xd1ca6503f7d6f3abf52149ea6a8724b6e52d16d3,2,0xb421a98ca7825ad2951eaf6516bea4a9f08ffbfd(1x);0xf666057b3200c2af14534217ded1b8275dca53eb(1x)
1.0,0x3905969ec6d4a64be64fe21926c12287fbf53839,2,0xb421a98ca7825ad2951eaf6516bea4a9f08ffbfd(1x);0xf666057b3200c2af14534217ded1b8275dca53eb(1x)
1.0,0x7d40eba3c15e2e54604383592acf6ba198757463,2,0xb421a98ca7825ad2951eaf6516bea4a9f08ffbfd(1x);0xf666057b3200c2af14534217ded1b8275dca53eb(1x)
1.0,0xb0d730fb9b0b6233f4ba4978a57fa122f815c319,2,0xb421a98ca7825ad2951eaf6516bea4a9f08ffbfd(1x);0xf666057b3200c2af14534217ded1b8275dca53eb(1x)
1.0,0xc5a6eddd1e2fb7c9221fa66f1cf7cb38ef5d0e56,2,0xb421a98ca7825ad2951eaf6516bea4a9f08ffbfd(1x);0xf666057b3200c2af14534217ded1b8275dca53eb(1x)
1.0,0x6df63d7acdf70191c2acbdebe83c095b8abeb3e0,2,0xb421a98ca7825ad2951eaf6516bea4a9f08ffbfd(1x);0xf666057b3200c2af14534217ded1b8275dca53eb(1x)
1.0,0x2a7c8435a57e6d8ffe03f824177b33804b7d86c7,2,0xb421a98ca7825ad2951eaf6516bea4a9f08ffbfd(1x);0xf666057b3200c2af14534217ded1b8275dca53eb(1x)
1.0,0xcff64f85e5fc1b8a8c37cc0295dc66c4671a6ee3,2,0xb421a98ca7825ad2951eaf6516bea4a9f08ffbfd(1x);0xf666057b3200c2af14534217ded1b8275dca53eb(1x)
1.0,0x7fd9f85d42beabaf2d675de5c8fec0d9cb4c90c6,2,0xb421a98ca7825ad2951eaf6516bea4a9f08ffbfd(1x);0xf666057b3200c2af14534217ded1b8275dca53eb(1x)
1.0,0x3ac909e2eb8820122420eea1c9580e405e05bb7b,2,0xb421a98ca7825ad2951eaf6516bea4a9f08ffbfd(1x);0xf666057b3200c2af14534217ded1b8275dca53eb(1x)
1.0,0x4f3372613228cb5768880004013fd889d604b91f,2,0xb421a98ca7825ad2951eaf6516bea4a9f08ffbfd(1x);0xf666057b3200c2af14534217ded1b8275dca53eb(1x)
1.0,0xeab02b52686e68c172942d93b82670f72b431386,2,0xb421a98ca7825ad2951eaf6516bea4a9f08ffbfd(1x);0xf666057b3200c2af14534217ded1b8275dca53eb(1x)
1.0,0xcc471a410d0aa1af9d5fa9ab7b69325bf18722ea,2,0xb421a98ca7825ad2951eaf6516bea4a9f08ffbfd(1x);0xf666057b3200c2af14534217ded1b8275dca53eb(1x)
1.0,0xad335fdde5dd765e6bcc5ac4d194183cf3acf207,2,0xb421a98ca7825ad2951eaf6516bea4a9f08ffbfd(1x);0xf666057b3200c2af14534217ded1b8275dca53eb(1x)
1.0,0x3f48139b19acf5a98fe8071d082a4ec4998dc148,2,0xb421a98ca7825ad2951eaf6516bea4a9f08ffbfd(1x);0xf666057b3200c2af14534217ded1b8275dca53eb(1x)
1.0,0xfb340401db86979d8b9bc57b7068c84a7fd5ba0a,2,0xb421a98ca7825ad2951eaf6516bea4a9f08ffbfd(1x);0xf666057b3200c2af14534217ded1b8275dca53eb(1x)
1.0,0x594be0ae0a49e33e7384f3f46124182312a8455d,2,0xb421a98ca7825ad2951eaf6516bea4a9f08ffbfd(1x);0xf666057b3200c2af14534217ded1b8275dca53eb(1x)
1.0,0xc4bffccee60c817ec7e05cc3088edcbf5696a3a7,2,0xb421a98ca7825ad2951eaf6516bea4a9f08ffbfd(1x);0xf666057b3200c2af14534217ded1b8275dca53eb(1x)
1.0,0xd3a0c6673ab35209c13e23d509d31c5a115e89c0,2,0xb421a98ca7825ad2951eaf6516bea4a9f08ffbfd(1x);0xf666057b3200c2af14534217ded1b8275dca53eb(1x)
1.0,0x20bafa245ef6152166eb75fa9d68219d5732ed4d,2,0xb421a98ca7825ad2951eaf6516bea4a9f08ffbfd(1x);0xf666057b3200c2af14534217ded1b8275dca53eb(1x)
1.0,0xf67a2edc3db07b83cd020df57dc5435a593bb715,2,0xb421a98ca7825ad2951eaf6516bea4a9f08ffbfd(1x);0xf666057b3200c2af14534217ded1b8275dca53eb(1x)
1.0,0x63d6e2034e76ba2725da73c585427d3258838940,2,0xb421a98ca7825ad2951eaf6516bea4a9f08ffbfd(1x);0xf666057b3200c2af14534217ded1b8275dca53eb(1x)
1.0,0x37d759c77f1016b56cd30eee94822bfc5ead0090,2,0xb421a98ca7825ad2951eaf6516bea4a9f08ffbfd(1x);0xf666057b3200c2af14534217ded1b8275dca53eb(1x)
1.0,0x9c2136b9d4160261bb31370cb594756a7022a4b4,2,0xb421a98ca7825ad2951eaf6516bea4a9f08ffbfd(1x);0xf666057b3200c2af14534217ded1b8275dca53eb(1x)
1.0,0xbfabd61f287c432bcea418510d571c2c38e2670e,2,0xb421a98ca7825ad2951eaf6516bea4a9f08ffbfd(1x);0xf666057b3200c2af14534217ded1b8275dca53eb(1x)
1.0,0x64e4e684721ad01cb748a8966d0a468cc4ebbacf,2,0xb421a98ca7825ad2951eaf6516bea4a9f08ffbfd(1x);0xf666057b3200c2af14534217ded1b8275dca53eb(1x)
1.0,0x1ab893a225d302bff1f5f3f7acd0d679a90c53d0,2,0xb421a98ca7825ad2951eaf6516bea4a9f08ffbfd(1x);0xf666057b3200c2af14534217ded1b8275dca53eb(1x)
1.0,0x428010f8ecda75add8452936f187492760f98bbb,2,0xb421a98ca7825ad2951eaf6516bea4a9f08ffbfd(1x);0xf666057b3200c2af14534217ded1b8275dca53eb(1x)
1.0,0xc6562e98e8529c26fcee11ee025b40c7ce823f58,2,0xb421a98ca7825ad2951eaf6516bea4a9f08ffbfd(1x);0xf666057b3200c2af14534217ded1b8275dca53eb(1x)
1.0,0x0364eeea30a7c8a2e521ed41ffc5c0a80f0d7ca2,2,0xb421a98ca7825ad2951eaf6516bea4a9f08ffbfd(1x);0xf666057b3200c2af14534217ded1b8275dca53eb(1x)
1.0,0xec71e0f842f2757a26a3d9848a4d1491c0b26b3f,2,0xb421a98ca7825ad2951eaf6516bea4a9f08ffbfd(1x);0xf666057b3200c2af14534217ded1b8275dca53eb(1x)
1.0,0x35d8b0aa9f0455a856febbc2cbc0f6ff6fa3067c,2,0xb421a98ca7825ad2951eaf6516bea4a9f08ffbfd(1x);0xf666057b3200c2af14534217ded1b8275dca53eb(1x)
1.0,0xcda710edd95a0b6459938526ef486478a17a9d08,2,0xb421a98ca7825ad2951eaf6516bea4a9f08ffbfd(1x);0xf666057b3200c2af14534217ded1b8275dca53eb(1x)
1.0,0x589d65c167311bd5c455b5d482a2e12b65895f52,2,0xb421a98ca7825ad2951eaf6516bea4a9f08ffbfd(1x);0xf666057b3200c2af14534217ded1b8275dca53eb(1x)
1.0,0x8e6ca69f5d91607e4395fc2e0572e5bcf9d5f585,2,0xb421a98ca7825ad2951eaf6516bea4a9f08ffbfd(1x);0xf666057b3200c2af14534217ded1b8275dca53eb(1x)
1.0,0x4ca279056d67017619b641f31da1cb6372d45c23,2,0xb421a98ca7825ad2951eaf6516bea4a9f08ffbfd(1x);0xf666057b3200c2af14534217ded1b8275dca53eb(1x)
1.0,0x83f89e04d8e3457d84a295d78d9d3c2cb4e4c59f,2,0xb421a98ca7825ad2951eaf6516bea4a9f08ffbfd(1x);0xf666057b3200c2af14534217ded1b8275dca53eb(1x)
1.0,0xacdfe2c35d790f8014a0e7acc906496e82f09eb2,2,0xb421a98ca7825ad2951eaf6516bea4a9f08ffbfd(1x);0xf666057b3200c2af14534217ded1b8275dca53eb(1x)
1.0,0xb35c65d91bc07a6cafc53c5af4ae2294aa49f7ff,2,0xb421a98ca7825ad2951eaf6516bea4a9f08ffbfd(1x);0xf666057b3200c2af14534217ded1b8275dca53eb(1x)
1.0,0x0f5b6024b2a956763025ebf943c4a5c681915424,2,0xb421a98ca7825ad2951eaf6516bea4a9f08ffbfd(1x);0xf666057b3200c2af14534217ded1b8275dca53eb(1x)
1.0,0x1aaf6d619498cafb73c508c8bbea93a6aa8ef074,2,0xb421a98ca7825ad2951eaf6516bea4a9f08ffbfd(1x);0xf666057b3200c2af14534217ded1b8275dca53eb(1x)
1.0,0xe23f5b886475b3917f7b42a480a416cd9a75b325,2,0xb421a98ca7825ad2951eaf6516bea4a9f08ffbfd(1x);0xf666057b3200c2af14534217ded1b8275dca53eb(1x)
1.0,0xf446cc298484d6c39e316356f9864e4e8b82abd4,2,0xb421a98ca7825ad2951eaf6516bea4a9f08ffbfd(1x);0xf666057b3200c2af14534217ded1b8275dca53eb(1x)
1.0,0x9275b39cc79db0c7efd4e71bfd1798e4d9eb4608,2,0xb421a98ca7825ad2951eaf6516bea4a9f08ffbfd(1x);0xf666057b3200c2af14534217ded1b8275dca53eb(1x)
1.0,0x5356d9e94af81897265eec8e7923f90bc5a2c39c,2,0xb421a98ca7825ad2951eaf6516bea4a9f08ffbfd(1x);0xf666057b3200c2af14534217ded1b8275dca53eb(1x)
1.0,0xc3e9e367279931b2c1fdbcc88f818218f66865e7,2,0xb421a98ca7825ad2951eaf6516bea4a9f08ffbfd(1x);0xf666057b3200c2af14534217ded1b8275dca53eb(1x)
1.0,0xd8d0a2645ce3d96fce23786d96b9cdd7a4369149,2,0xb421a98ca7825ad2951eaf6516bea4a9f08ffbfd(1x);0xf666057b3200c2af14534217ded1b8275dca53eb(1x)
1.0,0x213eaf02b62f7bf39f01bc56e177513e6a4d1d8d,2,0xb421a98ca7825ad2951eaf6516bea4a9f08ffbfd(1x);0xf666057b3200c2af14534217ded1b8275dca53eb(1x)
1.0,0xecac464bc84e5987955aecd794525c654114d613,2,0xb421a98ca7825ad2951eaf6516bea4a9f08ffbfd(1x);0xf666057b3200c2af14534217ded1b8275dca53eb(1x)
1.0,0xd568cdd0d5eedd209aeafe3f7dfeb90393f56625,2,0xb421a98ca7825ad2951eaf6516bea4a9f08ffbfd(1x);0xf666057b3200c2af14534217ded1b8275dca53eb(1x)
1.0,0x9c379d607ac2bb0a8a7cb3a4d7e03802b99abd01,2,0xb421a98ca7825ad2951eaf6516bea4a9f08ffbfd(1x);0xf666057b3200c2af14534217ded1b8275dca53eb(1x)
1.0,0x448574325e89852615497b02c7c7c697ea7f1b60,2,0xb421a98ca7825ad2951eaf6516bea4a9f08ffbfd(1x);0xf666057b3200c2af14534217ded1b8275dca53eb(1x)
1.0,0xd2a8cff290791c471c087003d29cc5691b1b4362,2,0xb421a98ca7825ad2951eaf6516bea4a9f08ffbfd(1x);0xf666057b3200c2af14534217ded1b8275dca53eb(1x)
1.0,0xf998d798cf80f00d0a784665ba9c5e742e582a8a,2,0xb421a98ca7825ad2951eaf6516bea4a9f08ffbfd(1x);0xf666057b3200c2af14534217ded1b8275dca53eb(1x)
1.0,0x0900e55d06a9f4408d71367e042a1a16e0b0f3ad,2,0xb421a98ca7825ad2951eaf6516bea4a9f08ffbfd(1x);0xf666057b3200c2af14534217ded1b8275dca53eb(1x)
1.0,0xb394573ff7483bb63602e9ad58402f6a42d90bb2,2,0xb421a98ca7825ad2951eaf6516bea4a9f08ffbfd(9x);0xf666057b3200c2af14534217ded1b8275dca53eb(9x)
1.0,0x017e1730ed4ff483783c89d0d42416efc49c9f39,2,0xb421a98ca7825ad2951eaf6516bea4a9f08ffbfd(1x);0xf666057b3200c2af14534217ded1b8275dca53eb(1x)
1.0,0x693b95cee2819d9b3148808c3231bbc34b572bff,2,0xb421a98ca7825ad2951eaf6516bea4a9f08ffbfd(1x);0xf666057b3200c2af14534217ded1b8275dca53eb(1x)
1.0,0xd09d1c86281e1f6b2d0310d455cc7568351364ed,2,0xb421a98ca7825ad2951eaf6516bea4a9f08ffbfd(1x);0xf666057b3200c2af14534217ded1b8275dca53eb(1x)
1.0,0x4bf996adb9a6f8f41f28e67cb27d48e6dd28f8a6,2,0xb421a98ca7825ad2951eaf6516bea4a9f08ffbfd(1x);0xf666057b3200c2af14534217ded1b8275dca53eb(1x)
1.0,0xb6fee7091b99c91dac688b27c9b310adb1d48633,2,0xb421a98ca7825ad2951eaf6516bea4a9f08ffbfd(1x);0xf666057b3200c2af14534217ded1b8275dca53eb(1x)
1.0,0x0d4e617868c8223d05cdffac858b1fb70f4cbeda,2,0xb421a98ca7825ad2951eaf6516bea4a9f08ffbfd(1x);0xf666057b3200c2af14534217ded1b8275dca53eb(1x)
1.0,0x3c6599a252048964bc16cbbf60e4f1c6f3334da9,2,0xb421a98ca7825ad2951eaf6516bea4a9f08ffbfd(1x);0xf666057b3200c2af14534217ded1b8275dca53eb(1x)
1.0,0xcbffefd1b049d5be9a9beeef51c6a360acf19585,2,0xb421a98ca7825ad2951eaf6516bea4a9f08ffbfd(1x);0xf666057b3200c2af14534217ded1b8275dca53eb(1x)
1.0,0x5096bf837ba5bec0d6362805983565b1a6845323,2,0xb421a98ca7825ad2951eaf6516bea4a9f08ffbfd(1x);0xf666057b3200c2af14534217ded1b8275dca53eb(1x)
1.0,0x01b4974efbf0d210d61887276b76e6dce4521c14,2,0xb421a98ca7825ad2951eaf6516bea4a9f08ffbfd(1x);0xf666057b3200c2af14534217ded1b8275dca53eb(1x)
1.0,0x1eb8eefc68789eb1007059d109d7c8107f4cd1af,2,0xb421a98ca7825ad2951eaf6516bea4a9f08ffbfd(1x);0xf666057b3200c2af14534217ded1b8275dca53eb(1x)
1.0,0xbde19fd59505f83d804a183c7abad6149108f713,2,0xb421a98ca7825ad2951eaf6516bea4a9f08ffbfd(1x);0xf666057b3200c2af14534217ded1b8275dca53eb(1x)
1.0,0x265681d5149b63ada5d2d46b602cf5d294d983ef,2,0xb421a98ca7825ad2951eaf6516bea4a9f08ffbfd(1x);0xf666057b3200c2af14534217ded1b8275dca53eb(1x)
1.0,0x187ba584d5d5eb4745b1fc9f83875a5a074765c8,2,0xb421a98ca7825ad2951eaf6516bea4a9f08ffbfd(1x);0xf666057b3200c2af14534217ded1b8275dca53eb(1x)
1.0,0x084e0290e37fbb7673158b3bccaff6a92cbaecb5,2,0xb421a98ca7825ad2951eaf6516bea4a9f08ffbfd(1x);0xf666057b3200c2af14534217ded1b8275dca53eb(1x)
1.0,0x8f99170d977a378078f89909a59846833c6194bf,2,0xb421a98ca7825ad2951eaf6516bea4a9f08ffbfd(1x);0xf666057b3200c2af14534217ded1b8275dca53eb(1x)
1.0,0x014087969f1a01ac72ba23ca1a6bfde048f8b8b4,2,0xb421a98ca7825ad2951eaf6516bea4a9f08ffbfd(1x);0xf666057b3200c2af14534217ded1b8275dca53eb(1x)
1.0,0x4ff005457b5ec8e1b158577bde41cecda2192331,2,0xb421a98ca7825ad2951eaf6516bea4a9f08ffbfd(1x);0xf666057b3200c2af14534217ded1b8275dca53eb(1x)
1.0,0x213235b93725b3297fb44dc1a3e0c9dd5e3951e8,2,0xb421a98ca7825ad2951eaf6516bea4a9f08ffbfd(1x);0xf666057b3200c2af14534217ded1b8275dca53eb(1x)
1.0,0x921df6f4c8eb600ebaf3f811b2e451625367f55f,2,0xb421a98ca7825ad2951eaf6516bea4a9f08ffbfd(1x);0xf666057b3200c2af14534217ded1b8275dca53eb(1x)
1.0,0x50eff1b9e1ea6583a678a1283a11b1f21912c717,2,0xb421a98ca7825ad2951eaf6516bea4a9f08ffbfd(1x);0xf666057b3200c2af14534217ded1b8275dca53eb(1x)
1.0,0x9cb4dd6a5a7b5d421a7a5e6e11e559cb63e8257f,2,0xb421a98ca7825ad2951eaf6516bea4a9f08ffbfd(1x);0xf666057b3200c2af14534217ded1b8275dca53eb(1x)
1.0,0x7d74d5c2863338b67da797237d1e3bd5f2a17a58,2,0xb421a98ca7825ad2951eaf6516bea4a9f08ffbfd(1x);0xf666057b3200c2af14534217ded1b8275dca53eb(1x)
1.0,0x371e24d5f8d90ac034c3667bf055e9171c210674,2,0xb421a98ca7825ad2951eaf6516bea4a9f08ffbfd(1x);0xf666057b3200c2af14534217ded1b8275dca53eb(1x)
1.0,0xf20e112d2fa0690ef5ab77bc95c503f26516c6e4,2,0xb421a98ca7825ad2951eaf6516bea4a9f08ffbfd(1x);0xf666057b3200c2af14534217ded1b8275dca53eb(1x)
1.0,0x59d7074e5565519b775ddf36bcb28222c4b38ba4,2,0xb421a98ca7825ad2951eaf6516bea4a9f08ffbfd(1x);0xf666057b3200c2af14534217ded1b8275dca53eb(1x)
1.0,0x46081c1ca879e08472e4b6a5f9fd0ad35e5f1262,2,0xb421a98ca7825ad2951eaf6516bea4a9f08ffbfd(1x);0xf666057b3200c2af14534217ded1b8275dca53eb(1x)
1.0,0xf8c97a1c703b9042cf9a938a2e4ba866c4c0b286,2,0xb421a98ca7825ad2951eaf6516bea4a9f08ffbfd(1x);0xf666057b3200c2af14534217ded1b8275dca53eb(1x)
1.0,0xff274e6d7283dca9aa25d82f9b0b0740f412e48b,2,0xb421a98ca7825ad2951eaf6516bea4a9f08ffbfd(1x);0xf666057b3200c2af14534217ded1b8275dca53eb(1x)
1.0,0xa4a2c0f367e4389460408dc2176b5d135e20064a,2,0xb421a98ca7825ad2951eaf6516bea4a9f08ffbfd(1x);0xf666057b3200c2af14534217ded1b8275dca53eb(1x)
1.0,0x22353e430cb3921cb2586bfe7c18aac1688ace98,2,0xb421a98ca7825ad2951eaf6516bea4a9f08ffbfd(1x);0xf666057b3200c2af14534217ded1b8275dca53eb(1x)
1.0,0xec60ecf0e176e8558d76860186285c9c7c95a3a9,2,0xb421a98ca7825ad2951eaf6516bea4a9f08ffbfd(1x);0xf666057b3200c2af14534217ded1b8275dca53eb(1x)
1.0,0x6e3cb97753f0c2a25d00fc9c39f959c6886e21db,2,0xb421a98ca7825ad2951eaf6516bea4a9f08ffbfd(1x);0xf666057b3200c2af14534217ded1b8275dca53eb(1x)
1.0,0x5de6af88fedfe8cac7c61a8b42965ce3f7b75dfc,2,0xb421a98ca7825ad2951eaf6516bea4a9f08ffbfd(1x);0xf666057b3200c2af14534217ded1b8275dca53eb(1x)
1.0,0x5610acd92e6f7648d6970384b01821fd6e31f036,2,0xb421a98ca7825ad2951eaf6516bea4a9f08ffbfd(1x);0xf666057b3200c2af14534217ded1b8275dca53eb(1x)
1.0,0xae5c15a0ae9805127b810807d3b12627dd98d1c1,2,0xb421a98ca7825ad2951eaf6516bea4a9f08ffbfd(1x);0xf666057b3200c2af14534217ded1b8275dca53eb(1x)
1.0,0xafc0880f8b41e2b5aa14b19d52697a6fb96ba171,2,0xb421a98ca7825ad2951eaf6516bea4a9f08ffbfd(1x);0xf666057b3200c2af14534217ded1b8275dca53eb(1x)
1.0,0xc0a54908768c8599c793f479f378356ad2ab4831,2,0xb421a98ca7825ad2951eaf6516bea4a9f08ffbfd(1x);0xf666057b3200c2af14534217ded1b8275dca53eb(1x)
1.0,0x11229c448653156ff5f7345d59059fa82f33e9b3,2,0xb421a98ca7825ad2951eaf6516bea4a9f08ffbfd(1x);0xf666057b3200c2af14534217ded1b8275dca53eb(1x)
1.0,0x28e7909fd61ccd74314908a1e8eb3508a79e1547,2,0xb421a98ca7825ad2951eaf6516bea4a9f08ffbfd(1x);0xf666057b3200c2af14534217ded1b8275dca53eb(1x)
1.0,0x2793ed80f7407ca6c88c5adb04f1cd102a24624b,2,0xb421a98ca7825ad2951eaf6516bea4a9f08ffbfd(1x);0xf666057b3200c2af14534217ded1b8275dca53eb(1x)
1.0,0xfaab360c97a32170a6cdd7082b203ff739c890b5,2,0xb421a98ca7825ad2951eaf6516bea4a9f08ffbfd(7x);0xf666057b3200c2af14534217ded1b8275dca53eb(7x)
1.0,0x05638ba438eaa2373c788810c412809c5df98b69,2,0xb421a98ca7825ad2951eaf6516bea4a9f08ffbfd(6x);0xf666057b3200c2af14534217ded1b8275dca53eb(6x)
1.0,0x23e418b8d1140345153ae1f5b7b3d2ca8960b6c3,2,0xb421a98ca7825ad2951eaf6516bea4a9f08ffbfd(1x);0xf666057b3200c2af14534217ded1b8275dca53eb(1x)
1.0,0xa7858e92bf0506960b93b3cf805805f65b05f2d4,2,0xb421a98ca7825ad2951eaf6516bea4a9f08ffbfd(1x);0xf666057b3200c2af14534217ded1b8275dca53eb(1x)
1.0,0x4f8affe6cd269d1f8352d0542432de6975c3912d,2,0xb421a98ca7825ad2951eaf6516bea4a9f08ffbfd(2x);0xf666057b3200c2af14534217ded1b8275dca53eb(2x)
1.0,0x18cb4cc4bf8e59b986538338eb525ff6d3c05d29,2,0xb421a98ca7825ad2951eaf6516bea4a9f08ffbfd(2x);0xf666057b3200c2af14534217ded1b8275dca53eb(2x)
1.0,0xb6b2c15bd4adedc4ededf476ce7b106445bc2187,2,0xb421a98ca7825ad2951eaf6516bea4a9f08ffbfd(1x);0xf666057b3200c2af14534217ded1b8275dca53eb(1x)
1.0,0xb7ed8a8732d56206cd87713ad93b22db3bb2bddc,2,0xb421a98ca7825ad2951eaf6516bea4a9f08ffbfd(1x);0xf666057b3200c2af14534217ded1b8275dca53eb(1x)
1.0,0xe970355dae29e7e67de015f436c9e95afd0114ae,2,0xb421a98ca7825ad2951eaf6516bea4a9f08ffbfd(1x);0xf666057b3200c2af14534217ded1b8275dca53eb(1x)
1.0,0x94b40f435aff40a817a77bcacf4e2def22e20170,2,0xb421a98ca7825ad2951eaf6516bea4a9f08ffbfd(1x);0xf666057b3200c2af14534217ded1b8275dca53eb(1x)
1.0,0x8fa46f81db1a9a573272dabf8cac5addbdef8fb0,2,0xb421a98ca7825ad2951eaf6516bea4a9f08ffbfd(1x);0xf666057b3200c2af14534217ded1b8275dca53eb(1x)
1.0,0x0d7a1646e197f7ac847bc2e588e84efec9dd3da9,2,0xb421a98ca7825ad2951eaf6516bea4a9f08ffbfd(3x);0xf666057b3200c2af14534217ded1b8275dca53eb(3x)
1.0,0x21c73ad68c103756f5cce9c5a06bd49ccb920480,2,0xb421a98ca7825ad2951eaf6516bea4a9f08ffbfd(1x);0xf666057b3200c2af14534217ded1b8275dca53eb(1x)
1.0,0x39da64de37b3a897fcce72a8e59fec59d719ef54,2,0xb421a98ca7825ad2951eaf6516bea4a9f08ffbfd(5x);0xf666057b3200c2af14534217ded1b8275dca53eb(5x)
1.0,0xfc6575c5a4fba55e67d781bc1e6a4fe65d99d303,2,0xb421a98ca7825ad2951eaf6516bea4a9f08ffbfd(3x);0xf666057b3200c2af14534217ded1b8275dca53eb(3x)
1.0,0xfb58b27b95dffbae6989115b906df9584bb164e1,2,0xb421a98ca7825ad2951eaf6516bea4a9f08ffbfd(1x);0xf666057b3200c2af14534217ded1b8275dca53eb(1x)
1.0,0x3ec21a3ca1f91a274ecc239bebfb0509cb652813,2,0xb421a98ca7825ad2951eaf6516bea4a9f08ffbfd(5x);0xf666057b3200c2af14534217ded1b8275dca53eb(5x)
1.0,0x3fc8335c819965c8e71d99694eac54357096e560,2,0xb421a98ca7825ad2951eaf6516bea4a9f08ffbfd(1x);0xf666057b3200c2af14534217ded1b8275dca53eb(1x)
1.0,0x0ca3cb4c332b7ec5f7739009eabd825baed6e8c2,2,0xb421a98ca7825ad2951eaf6516bea4a9f08ffbfd(14x);0xf666057b3200c2af14534217ded1b8275dca53eb(14x)
1.0,0x5cfeb1fac85399d4f9b4b057b77ef56e61a41262,2,0xb421a98ca7825ad2951eaf6516bea4a9f08ffbfd(1x);0xf666057b3200c2af14534217ded1b8275dca53eb(1x)
1.0,0xb4540dbe12ff75713d1debc1b56460d7c42abc8d,2,0xb421a98ca7825ad2951eaf6516bea4a9f08ffbfd(1x);0xf666057b3200c2af14534217ded1b8275dca53eb(1x)
1.0,0x4c28ec5c17fca5072c3e633fb42fc2dc2dc51598,2,0xb421a98ca7825ad2951eaf6516bea4a9f08ffbfd(1x);0xf666057b3200c2af14534217ded1b8275dca53eb(1x)
1.0,0x9b461b4a22e06300b1eee0d6db739b0dfa9e2dbc,2,0xb421a98ca7825ad2951eaf6516bea4a9f08ffbfd(1x);0xf666057b3200c2af14534217ded1b8275dca53eb(1x)
1.0,0x67950cf04c625c8100f6dc82fcdaf571927d2ce5,2,0xb421a98ca7825ad2951eaf6516bea4a9f08ffbfd(1x);0xf666057b3200c2af14534217ded1b8275dca53eb(1x)
1.0,0x85b9543495ab374cb1d67e15587089e78ccaf721,2,0xb421a98ca7825ad2951eaf6516bea4a9f08ffbfd(3x);0xf666057b3200c2af14534217ded1b8275dca53eb(3x)
1.0,0x0fa9ecf73b6875b548dd1d72a5d3c9e1390a121a,2,0xb421a98ca7825ad2951eaf6516bea4a9f08ffbfd(2x);0xf666057b3200c2af14534217ded1b8275dca53eb(2x)
1.0,0x0c44da443f2beeb8fc93bbae4cf3b5a60cf7ae59,2,0xb421a98ca7825ad2951eaf6516bea4a9f08ffbfd(1x);0xf666057b3200c2af14534217ded1b8275dca53eb(1x)
1.0,0x89a57e5aaa0ea467a5193469ef2dbd13de7ba130,2,0xb421a98ca7825ad2951eaf6516bea4a9f08ffbfd(2x);0xf666057b3200c2af14534217ded1b8275dca53eb(2x)
1.0,0x7d02ae975b106a857b64a4f5c8bbecb8d9a72a26,2,0xb421a98ca7825ad2951eaf6516bea4a9f08ffbfd(1x);0xf666057b3200c2af14534217ded1b8275dca53eb(1x)
1.0,0xefb7fed97deb9eafdb379bdddc53dd2ca40fa213,2,0xb421a98ca7825ad2951eaf6516bea4a9f08ffbfd(9x);0xf666057b3200c2af14534217ded1b8275dca53eb(9x)
1.0,0x69bf23ae6e5de82b05704702f8f53299b119bdff,2,0xb421a98ca7825ad2951eaf6516bea4a9f08ffbfd(2x);0xf666057b3200c2af14534217ded1b8275dca53eb(2x)
1.0,0x44d33c3baa8406d303d3b5dea68e9d084600e0b5,2,0xb421a98ca7825ad2951eaf6516bea4a9f08ffbfd(1x);0xf666057b3200c2af14534217ded1b8275dca53eb(1x)
1.0,0x5025849cb09d9f61eeb0b1bf31b582a8bbbefaff,2,0xb421a98ca7825ad2951eaf6516bea4a9f08ffbfd(1x);0xf666057b3200c2af14534217ded1b8275dca53eb(1x)
1.0,0xe6aa5e9463f2ad072e338ec7123337c0e2f6a059,2,0xb421a98ca7825ad2951eaf6516bea4a9f08ffbfd(1x);0xf666057b3200c2af14534217ded1b8275dca53eb(1x)
1.0,0xa1e3bfcbf744b499e7aff345ffaacf3585353eb5,2,0xb421a98ca7825ad2951eaf6516bea4a9f08ffbfd(1x);0xf666057b3200c2af14534217ded1b8275dca53eb(1x)
1.0,0x5b885841e0dba4c9f9edae9c2d508c6239cac33d,2,0xb421a98ca7825ad2951eaf6516bea4a9f08ffbfd(1x);0xf666057b3200c2af14534217ded1b8275dca53eb(1x)
1.0,0xd9011152ccecdea050602e861a06927ae79b183a,2,0xb421a98ca7825ad2951eaf6516bea4a9f08ffbfd(1x);0xf666057b3200c2af14534217ded1b8275dca53eb(1x)
1.0,0x16b79257deeed94d1e8fddbeda19096e1758b907,2,0xb421a98ca7825ad2951eaf6516bea4a9f08ffbfd(1x);0xf666057b3200c2af14534217ded1b8275dca53eb(1x)
1.0,0x46c3009e1dc908b59116979ad5a0cf160797f257,2,0xb421a98ca7825ad2951eaf6516bea4a9f08ffbfd(1x);0xf666057b3200c2af14534217ded1b8275dca53eb(1x)
1.0,0xc09e142011bc6e09eb53ae16c1b2e230e182266c,2,0xb421a98ca7825ad2951eaf6516bea4a9f08ffbfd(1x);0xf666057b3200c2af14534217ded1b8275dca53eb(1x)
1.0,0x891db22d3c2347075ea7039b05e0bb0e22ed050e,2,0xb421a98ca7825ad2951eaf6516bea4a9f08ffbfd(2x);0xf666057b3200c2af14534217ded1b8275dca53eb(2x)
1.0,0x9a6822b2d883ecd10777859c36a5faf7fed72a16,2,0xb421a98ca7825ad2951eaf6516bea4a9f08ffbfd(8x);0xf666057b3200c2af14534217ded1b8275dca53eb(8x)
1.0,0xb574747fba3995dd8031f803d7876fda08881dd3,2,0xb421a98ca7825ad2951eaf6516bea4a9f08ffbfd(9x);0xf666057b3200c2af14534217ded1b8275dca53eb(9x)
1.0,0xe16ac5899c46913d8fd88ce4396344e329223592,2,0xb421a98ca7825ad2951eaf6516bea4a9f08ffbfd(1x);0xf666057b3200c2af14534217ded1b8275dca53eb(1x)
1.0,0xa7f74e0763fc5a9f3fe3a8ac7f1872bef2bad9b8,2,0xb421a98ca7825ad2951eaf6516bea4a9f08ffbfd(1x);0xf666057b3200c2af14534217ded1b8275dca53eb(1x)
1.0,0x6952d1df842a5e92abb2731f52b35b81fefc116f,2,0xb421a98ca7825ad2951eaf6516bea4a9f08ffbfd(1x);0xf666057b3200c2af14534217ded1b8275dca53eb(1x)
1.0,0x3bbc62667e4383108e28c70dd76c9983699625fb,2,0xb421a98ca7825ad2951eaf6516bea4a9f08ffbfd(1x);0xf666057b3200c2af14534217ded1b8275dca53eb(1x)
1.0,0x56f34e9bfc2cbb239c379fbb4c7646a2f8bd0277,2,0xb421a98ca7825ad2951eaf6516bea4a9f08ffbfd(1x);0xf666057b3200c2af14534217ded1b8275dca53eb(1x)
1.0,0xf30de1a5f97ef3b536059f12476c94e43f1044cf,2,0xb421a98ca7825ad2951eaf6516bea4a9f08ffbfd(1x);0xf666057b3200c2af14534217ded1b8275dca53eb(1x)
1.0,0xa3a229915f62ba4f16c4a21406aff78ef5949eb1,2,0xb421a98ca7825ad2951eaf6516bea4a9f08ffbfd(7x);0xf666057b3200c2af14534217ded1b8275dca53eb(7x)
1.0,0x61a8dee46843d5685a992a583c16344a01c6cc18,2,0xb421a98ca7825ad2951eaf6516bea4a9f08ffbfd(1x);0xf666057b3200c2af14534217ded1b8275dca53eb(1x)
1.0,0xa37c5696f1411c6dfa122f008675901e0724c45f,2,0xb421a98ca7825ad2951eaf6516bea4a9f08ffbfd(1x);0xf666057b3200c2af14534217ded1b8275dca53eb(1x)
1.0,0x6667ee5c83e9cc06cdc757fac7abaa159505f147,2,0xb421a98ca7825ad2951eaf6516bea4a9f08ffbfd(2x);0xf666057b3200c2af14534217ded1b8275dca53eb(2x)
1.0,0x68bcc49f80cd10ea842e25977d6f91f2ed07e04d,2,0xb421a98ca7825ad2951eaf6516bea4a9f08ffbfd(5x);0xf666057b3200c2af14534217ded1b8275dca53eb(5x)
1.0,0x9396327fa0a07c6b9cdc2deeb498b31554b62c89,2,0xb421a98ca7825ad2951eaf6516bea4a9f08ffbfd(1x);0xf666057b3200c2af14534217ded1b8275dca53eb(1x)
1.0,0x8645eba0928b87a22221b58905a46fe3a5f49d9e,2,0xb421a98ca7825ad2951eaf6516bea4a9f08ffbfd(1x);0xf666057b3200c2af14534217ded1b8275dca53eb(1x)
1.0,0x693c1c30190aef6c911f0b01258a058de99286a2,2,0xb421a98ca7825ad2951eaf6516bea4a9f08ffbfd(3x);0xf666057b3200c2af14534217ded1b8275dca53eb(3x)
1.0,0x8e9f43c700d8e681ac6db43b2f32f0a6ec9f1be0,2,0xb421a98ca7825ad2951eaf6516bea4a9f08ffbfd(1x);0xf666057b3200c2af14534217ded1b8275dca53eb(1x)
1.0,0xff88979bcbb579008debc5d6c108221804ee44b5,2,0xb421a98ca7825ad2951eaf6516bea4a9f08ffbfd(3x);0xf666057b3200c2af14534217ded1b8275dca53eb(3x)
1.0,0xd36a7f93de4f720d7a01aa506483ea658b12d77f,2,0xb421a98ca7825ad2951eaf6516bea4a9f08ffbfd(1x);0xf666057b3200c2af14534217ded1b8275dca53eb(1x)
1.0,0x40c3d1656a26c9266f4a10fed0d87eff79f54e64,2,0xb421a98ca7825ad2951eaf6516bea4a9f08ffbfd(3x);0xf666057b3200c2af14534217ded1b8275dca53eb(3x)
1.0,0x31ee9a5d8d0a52b77dea0b3fde71028e390de26e,2,0xb421a98ca7825ad2951eaf6516bea4a9f08ffbfd(1x);0xf666057b3200c2af14534217ded1b8275dca53eb(1x)
1.0,0x958f3e53abfc48066d4140857a4beae6ff1a163b,2,0xb421a98ca7825ad2951eaf6516bea4a9f08ffbfd(3x);0xf666057b3200c2af14534217ded1b8275dca53eb(3x)
1.0,0x3a0902759578550894a08d47eb5cdb9ae24bcec4,2,0xb421a98ca7825ad2951eaf6516bea4a9f08ffbfd(1x);0xf666057b3200c2af14534217ded1b8275dca53eb(1x)
1.0,0xf79d7ea0e7742db927139f67332ded17e6bf4e02,2,0xb421a98ca7825ad2951eaf6516bea4a9f08ffbfd(1x);0xf666057b3200c2af14534217ded1b8275dca53eb(1x)
1.0,0x807f5d055c25efe6e6a223313c3f56a46ea065a7,2,0xb421a98ca7825ad2951eaf6516bea4a9f08ffbfd(1x);0xf666057b3200c2af14534217ded1b8275dca53eb(1x)
1.0,0x07b9f99cb0c2077edc7f6310336ec9183b39d043,2,0xb421a98ca7825ad2951eaf6516bea4a9f08ffbfd(1x);0xf666057b3200c2af14534217ded1b8275dca53eb(1x)
1.0,0xa6ef1d3d44009d0e5d2ba12e2469f014be4c6ac4,2,0xb421a98ca7825ad2951eaf6516bea4a9f08ffbfd(1x);0xf666057b3200c2af14534217ded1b8275dca53eb(1x)
1.0,0xc93c591788c2cd9277672d6cdae8fe0b795c4696,2,0xb421a98ca7825ad2951eaf6516bea4a9f08ffbfd(1x);0xf666057b3200c2af14534217ded1b8275dca53eb(1x)
1.0,0xae2f0039a9327163b8a114ada6ff9616330fc47e,2,0xb421a98ca7825ad2951eaf6516bea4a9f08ffbfd(1x);0xf666057b3200c2af14534217ded1b8275dca53eb(1x)
1.0,0x49817be59032b8a309cef3c66e6f82146163c43e,2,0xb421a98ca7825ad2951eaf6516bea4a9f08ffbfd(1x);0xf666057b3200c2af14534217ded1b8275dca53eb(1x)
1.0,0x02446e651a89789cee3d59097e0274d3c65d1390,2,0xb421a98ca7825ad2951eaf6516bea4a9f08ffbfd(1x);0xf666057b3200c2af14534217ded1b8275dca53eb(1x)
1.0,0x3b20ee02391bce3113e765956779dc7dcc9d0d57,2,0xb421a98ca7825ad2951eaf6516bea4a9f08ffbfd(1x);0xf666057b3200c2af14534217ded1b8275dca53eb(1x)
1.0,0x6c8413e9facb9bd2a3a9243ae6ba86eee59d356b,2,0xb421a98ca7825ad2951eaf6516bea4a9f08ffbfd(2x);0xf666057b3200c2af14534217ded1b8275dca53eb(2x)
1.0,0xece3b30ae77460335c01611c04bce94d9357c721,2,0xb421a98ca7825ad2951eaf6516bea4a9f08ffbfd(2x);0xf666057b3200c2af14534217ded1b8275dca53eb(2x)
1.0,0xfb47d8356b0109ca796eedbd7a667ed7fe6602da,2,0xb421a98ca7825ad2951eaf6516bea4a9f08ffbfd(1x);0xf666057b3200c2af14534217ded1b8275dca53eb(1x)
1.0,0x0f3d259ecbc78c01b6bbe631fa623dab57d3bac9,2,0xb421a98ca7825ad2951eaf6516bea4a9f08ffbfd(2x);0xf666057b3200c2af14534217ded1b8275dca53eb(2x)
1.0,0x13744619aac4099a239a7d3c07c42e98cdfb4659,2,0xb421a98ca7825ad2951eaf6516bea4a9f08ffbfd(9x);0xf666057b3200c2af14534217ded1b8275dca53eb(9x)
1.0,0x4d131ebe6fe5a7c3ad0fbc2bb7e95959c4e6c5b8,2,0xb421a98ca7825ad2951eaf6516bea4a9f08ffbfd(1x);0xf666057b3200c2af14534217ded1b8275dca53eb(1x)
1.0,0x3a24fce0e307a104fd30803387a1c45c7d086d06,2,0xb421a98ca7825ad2951eaf6516bea4a9f08ffbfd(1x);0xf666057b3200c2af14534217ded1b8275dca53eb(1x)
1.0,0xef748c45ee3af2f0b5b31d6ba9da9b91cbc24992,2,0xb421a98ca7825ad2951eaf6516bea4a9f08ffbfd(3x);0xf666057b3200c2af14534217ded1b8275dca53eb(3x)
1.0,0x635a62fa6d2f8ba86d86047de24e0bac59a55e43,2,0xb421a98ca7825ad2951eaf6516bea4a9f08ffbfd(1x);0xf666057b3200c2af14534217ded1b8275dca53eb(1x)
1.0,0x8156a6cc397797566074dcf8b24b6aa9dfa125ec,2,0xb421a98ca7825ad2951eaf6516bea4a9f08ffbfd(1x);0xf666057b3200c2af14534217ded1b8275dca53eb(1x)
1.0,0xd06cb2df82f1a3f319755418c35ed46f82afc905,2,0xb421a98ca7825ad2951eaf6516bea4a9f08ffbfd(1x);0xf666057b3200c2af14534217ded1b8275dca53eb(1x)
1.0,0xf8dbc3c98bab8ccc4f0ebde2b5f39093723d8525,2,0xb421a98ca7825ad2951eaf6516bea4a9f08ffbfd(1x);0xf666057b3200c2af14534217ded1b8275dca53eb(1x)
1.0,0xad71a37f840905b480fba6f4c7ff338862a1b0ca,2,0xb421a98ca7825ad2951eaf6516bea4a9f08ffbfd(5x);0xf666057b3200c2af14534217ded1b8275dca53eb(5x)
1.0,0xfb8dc9a47aff3577d95d668547bd4a62275d01d9,2,0xb421a98ca7825ad2951eaf6516bea4a9f08ffbfd(1x);0xf666057b3200c2af14534217ded1b8275dca53eb(1x)
1.0,0x91ff3cad470f2df3a1874654083cadf0eb59df89,2,0xb421a98ca7825ad2951eaf6516bea4a9f08ffbfd(1x);0xf666057b3200c2af14534217ded1b8275dca53eb(1x)
1.0,0x3303d12e11a27e242f27046e9e3141c0d15eb877,2,0xb421a98ca7825ad2951eaf6516bea4a9f08ffbfd(2x);0xf666057b3200c2af14534217ded1b8275dca53eb(2x)
1.0,0xcab029bcb78222af96b6cade43a82fbf0b09dbdf,2,0xb421a98ca7825ad2951eaf6516bea4a9f08ffbfd(1x);0xf666057b3200c2af14534217ded1b8275dca53eb(1x)
1.0,0x19732a42bf501da877ec1404b2725e91edfc2e0d,2,0xb421a98ca7825ad2951eaf6516bea4a9f08ffbfd(1x);0xf666057b3200c2af14534217ded1b8275dca53eb(1x)
1.0,0xbf52de3f55a7632db4e7a5092430d2fabfb9a814,2,0xb421a98ca7825ad2951eaf6516bea4a9f08ffbfd(1x);0xf666057b3200c2af14534217ded1b8275dca53eb(1x)
1.0,0xf9deb06cef2d0b59d0de4e89d2c3d6a6465aa5e3,2,0xb421a98ca7825ad2951eaf6516bea4a9f08ffbfd(1x);0xf666057b3200c2af14534217ded1b8275dca53eb(1x)
1.0,0x63f4a0fa7787dd5743dd6f642505a298180881ce,2,0xb421a98ca7825ad2951eaf6516bea4a9f08ffbfd(1x);0xf666057b3200c2af14534217ded1b8275dca53eb(1x)
1.0,0x4eb8b9763757751edd89d4b4a0ec9859dc313631,2,0xb421a98ca7825ad2951eaf6516bea4a9f08ffbfd(1x);0xf666057b3200c2af14534217ded1b8275dca53eb(1x)
1.0,0xacb6b972deea2fa4eadab0ee60cf14db50abb73d,2,0xb421a98ca7825ad2951eaf6516bea4a9f08ffbfd(1x);0xf666057b3200c2af14534217ded1b8275dca53eb(1x)
1.0,0xcaa4988aff2d12b2a63d0407b8f64e2b168ab4ff,2,0xb421a98ca7825ad2951eaf6516bea4a9f08ffbfd(1x);0xf666057b3200c2af14534217ded1b8275dca53eb(1x)
1.0,0xddec677c628b050f299078f1778703a2e3d9f611,2,0xb421a98ca7825ad2951eaf6516bea4a9f08ffbfd(1x);0xf666057b3200c2af14534217ded1b8275dca53eb(1x)
1.0,0x2d6a592dbd4660448de299c3b264b45992c3e983,2,0xb421a98ca7825ad2951eaf6516bea4a9f08ffbfd(2x);0xf666057b3200c2af14534217ded1b8275dca53eb(2x)
1.0,0xd12febcad93c6df024857e9a6261ce1893e84c7b,2,0xb421a98ca7825ad2951eaf6516bea4a9f08ffbfd(1x);0xf666057b3200c2af14534217ded1b8275dca53eb(1x)
1.0,0x24968c02a5fc15e0341b38587b6d799cb0516e36,2,0xb421a98ca7825ad2951eaf6516bea4a9f08ffbfd(1x);0xf666057b3200c2af14534217ded1b8275dca53eb(1x)
1.0,0x10bb04a112e38a2f55a048cc9911f27cae44a260,2,0xb421a98ca7825ad2951eaf6516bea4a9f08ffbfd(1x);0xf666057b3200c2af14534217ded1b8275dca53eb(1x)
1.0,0x712a1afe5727c72b453edd882bb5f1f1cf22b2e2,2,0xb421a98ca7825ad2951eaf6516bea4a9f08ffbfd(3x);0xf666057b3200c2af14534217ded1b8275dca53eb(3x)
1.0,0x92b14bda5600758a7fe743625630296df82c2a63,2,0xb421a98ca7825ad2951eaf6516bea4a9f08ffbfd(1x);0xf666057b3200c2af14534217ded1b8275dca53eb(1x)
1.0,0xa9c9fe1279c58e3291224c37166d87531daac889,2,0xb421a98ca7825ad2951eaf6516bea4a9f08ffbfd(1x);0xf666057b3200c2af14534217ded1b8275dca53eb(1x)
1.0,0x1259d53e741946a988ccbf44b21add935b3d1691,2,0xb421a98ca7825ad2951eaf6516bea4a9f08ffbfd(9x);0xf666057b3200c2af14534217ded1b8275dca53eb(9x)
1.0,0xcbfcac3316b8a95ff8f1cd135f1b17c35a4b11ca,2,0xb421a98ca7825ad2951eaf6516bea4a9f08ffbfd(2x);0xf666057b3200c2af14534217ded1b8275dca53eb(2x)
1.0,0x195dc6d1a8e64aa997e9847757a968d0f2280128,2,0xb421a98ca7825ad2951eaf6516bea4a9f08ffbfd(1x);0xf666057b3200c2af14534217ded1b8275dca53eb(1x)
1.0,0xe7fd079e499867127d833deba7261b6e57341ccc,2,0xb421a98ca7825ad2951eaf6516bea4a9f08ffbfd(1x);0xf666057b3200c2af14534217ded1b8275dca53eb(1x)
1.0,0xa5c58a0f46a9a430622821951b28543247d4865d,2,0xb421a98ca7825ad2951eaf6516bea4a9f08ffbfd(1x);0xf666057b3200c2af14534217ded1b8275dca53eb(1x)
1.0,0xa7fa99bc0ac212a3f667fc0ccf12d5c512b7f8b3,2,0xb421a98ca7825ad2951eaf6516bea4a9f08ffbfd(1x);0xf666057b3200c2af14534217ded1b8275dca53eb(1x)
1.0,0xc4e78164ece13dc8415af4a1046971b6d5ee9523,2,0xb421a98ca7825ad2951eaf6516bea4a9f08ffbfd(1x);0xf666057b3200c2af14534217ded1b8275dca53eb(1x)
1.0,0x3f053cc29d32e08d015bd3e3b0850ae43a40b9d5,2,0xb421a98ca7825ad2951eaf6516bea4a9f08ffbfd(1x);0xf666057b3200c2af14534217ded1b8275dca53eb(1x)
1.0,0x94016e4db03288b7fa865205638ea08e799bdeab,2,0xb421a98ca7825ad2951eaf6516bea4a9f08ffbfd(1x);0xf666057b3200c2af14534217ded1b8275dca53eb(1x)
1.0,0x3282ec110c0bca3b1e5fb2282406d62a68e7846f,2,0xb421a98ca7825ad2951eaf6516bea4a9f08ffbfd(1x);0xf666057b3200c2af14534217ded1b8275dca53eb(1x)
1.0,0x7b1c3e266e1009971bf538722234360cfba23621,2,0xb421a98ca7825ad2951eaf6516bea4a9f08ffbfd(1x);0xf666057b3200c2af14534217ded1b8275dca53eb(1x)
1.0,0xc0d3d5ed21cc12ec066e0b94b4d0566a078b46c2,2,0xb421a98ca7825ad2951eaf6516bea4a9f08ffbfd(2x);0xf666057b3200c2af14534217ded1b8275dca53eb(2x)
1.0,0x569fb509f2fff9d28837bd5b28fc863c709c1b74,2,0xb421a98ca7825ad2951eaf6516bea4a9f08ffbfd(13x);0xf666057b3200c2af14534217ded1b8275dca53eb(13x)
1.0,0xcfeb92853253de7caf6d245dd383d382a9a005f6,2,0xb421a98ca7825ad2951eaf6516bea4a9f08ffbfd(1x);0xf666057b3200c2af14534217ded1b8275dca53eb(1x)
1.0,0x2c66afe2e1941dd02d803baf5c195385d7920107,2,0xb421a98ca7825ad2951eaf6516bea4a9f08ffbfd(1x);0xf666057b3200c2af14534217ded1b8275dca53eb(1x)
1.0,0x07870826c1f71f6463e0c44974dc25032cd6e141,2,0xb421a98ca7825ad2951eaf6516bea4a9f08ffbfd(1x);0xf666057b3200c2af14534217ded1b8275dca53eb(1x)
1.0,0x05d1df85bed5f115b8dae0ee7f5e6262d7f5955e,2,0xb421a98ca7825ad2951eaf6516bea4a9f08ffbfd(5x);0xf666057b3200c2af14534217ded1b8275dca53eb(5x)
1.0,0x9f21213d3a280857138212f6ce8592346e5c66d6,2,0xb421a98ca7825ad2951eaf6516bea4a9f08ffbfd(3x);0xf666057b3200c2af14534217ded1b8275dca53eb(3x)
1.0,0x88db2b658aa71286e50e9321377c741869b44b4c,2,0xb421a98ca7825ad2951eaf6516bea4a9f08ffbfd(1x);0xf666057b3200c2af14534217ded1b8275dca53eb(1x)
1.0,0x453782cb5f5947d1815e4cd0067b390f4c59cd62,2,0xb421a98ca7825ad2951eaf6516bea4a9f08ffbfd(1x);0xf666057b3200c2af14534217ded1b8275dca53eb(1x)
1.0,0x5606712a1b792bf3484357a5bfafdbd43cdb711e,2,0xb421a98ca7825ad2951eaf6516bea4a9f08ffbfd(6x);0xf666057b3200c2af14534217ded1b8275dca53eb(6x)
1.0,0x763a747fe45f5512676218a1806a90643ffbed99,2,0xb421a98ca7825ad2951eaf6516bea4a9f08ffbfd(1x);0xf666057b3200c2af14534217ded1b8275dca53eb(1x)
1.0,0xc4d8713924642147fd691b67fc2dc49466ade691,2,0xb421a98ca7825ad2951eaf6516bea4a9f08ffbfd(1x);0xf666057b3200c2af14534217ded1b8275dca53eb(1x)
1.0,0xdc64f1650979bfb332908b3c44fb4bc275dc88f6,2,0xb421a98ca7825ad2951eaf6516bea4a9f08ffbfd(1x);0xf666057b3200c2af14534217ded1b8275dca53eb(1x)
1.0,0x23cff13a287a47eded0deebec2d681c4fd00b4dd,2,0xb421a98ca7825ad2951eaf6516bea4a9f08ffbfd(1x);0xf666057b3200c2af14534217ded1b8275dca53eb(1x)
1.0,0x3d551b04311493d4df8497a839747052e9b2c3fc,2,0xb421a98ca7825ad2951eaf6516bea4a9f08ffbfd(1x);0xf666057b3200c2af14534217ded1b8275dca53eb(1x)
1.0,0x5713c88deac8e0d9dbe3203122d97177d6de5184,2,0xb421a98ca7825ad2951eaf6516bea4a9f08ffbfd(1x);0xf666057b3200c2af14534217ded1b8275dca53eb(1x)
1.0,0xec3534e866d53ee690f33464c39b93ebfd18238b,2,0xb421a98ca7825ad2951eaf6516bea4a9f08ffbfd(1x);0xf666057b3200c2af14534217ded1b8275dca53eb(1x)
1.0,0x785d31f77d3e16a27b66a0661b976559e685a86b,2,0xb421a98ca7825ad2951eaf6516bea4a9f08ffbfd(1x);0xf666057b3200c2af14534217ded1b8275dca53eb(1x)
1.0,0x5018b5c2f5e7b1ddbfff956ce41ca06f954f2fbc,2,0xb421a98ca7825ad2951eaf6516bea4a9f08ffbfd(1x);0xf666057b3200c2af14534217ded1b8275dca53eb(1x)
1.0,0xdd66f9fd44fe2fdf7363ff0d1ee1bb54da8df161,2,0xb421a98ca7825ad2951eaf6516bea4a9f08ffbfd(1x);0xf666057b3200c2af14534217ded1b8275dca53eb(1x)
1.0,0x7c19dcdc0089e1224309e0b1e2af839fb63e3da0,2,0xb421a98ca7825ad2951eaf6516bea4a9f08ffbfd(1x);0xf666057b3200c2af14534217ded1b8275dca53eb(1x)
1.0,0xdd9f71800b647001c38f6c44f9314f9a4c44b462,2,0xb421a98ca7825ad2951eaf6516bea4a9f08ffbfd(1x);0xf666057b3200c2af14534217ded1b8275dca53eb(1x)
1.0,0xcea25a95fca83f630d8aa0427dd8b6a70e7513ab,2,0xb421a98ca7825ad2951eaf6516bea4a9f08ffbfd(1x);0xf666057b3200c2af14534217ded1b8275dca53eb(1x)
1.0,0x91a61c1930f3236235b5a77f387303fabc15bf38,2,0xb421a98ca7825ad2951eaf6516bea4a9f08ffbfd(2x);0xf666057b3200c2af14534217ded1b8275dca53eb(2x)
1.0,0x15679d220260aa2e23ac7ce2e82e3d960b6d0ba4,2,0xb421a98ca7825ad2951eaf6516bea4a9f08ffbfd(1x);0xf666057b3200c2af14534217ded1b8275dca53eb(1x)
1.0,0x81226e2af34bc84aca82fa78ca693176365efc35,2,0xb421a98ca7825ad2951eaf6516bea4a9f08ffbfd(2x);0xf666057b3200c2af14534217ded1b8275dca53eb(2x)
1.0,0x53319417e7ccdacf760aa859479bf9f5d7f9da81,2,0xb421a98ca7825ad2951eaf6516bea4a9f08ffbfd(5x);0xf666057b3200c2af14534217ded1b8275dca53eb(5x)
1.0,0x4d44d186e293dc94218e8a7fda1a1736b4e55087,2,0xb421a98ca7825ad2951eaf6516bea4a9f08ffbfd(3x);0xf666057b3200c2af14534217ded1b8275dca53eb(3x)
1.0,0x27033b835f2f26335fa099deae988492a9502f51,2,0xb421a98ca7825ad2951eaf6516bea4a9f08ffbfd(1x);0xf666057b3200c2af14534217ded1b8275dca53eb(1x)
1.0,0x04abb516deb2c4be55059842e830ef9726f073e7,2,0xb421a98ca7825ad2951eaf6516bea4a9f08ffbfd(7x);0xf666057b3200c2af14534217ded1b8275dca53eb(7x)
1.0,0xa32647d612f1cf3fa857becf0d656dea63fc4763,2,0xb421a98ca7825ad2951eaf6516bea4a9f08ffbfd(5x);0xf666057b3200c2af14534217ded1b8275dca53eb(5x)
1.0,0xeb510ddd3de405485db12a67482a9b673643417e,2,0xb421a98ca7825ad2951eaf6516bea4a9f08ffbfd(1x);0xf666057b3200c2af14534217ded1b8275dca53eb(1x)
1.0,0xf04a3176206cdc992f03b23cb1bcf18a15b8c43a,2,0xb421a98ca7825ad2951eaf6516bea4a9f08ffbfd(1x);0xf666057b3200c2af14534217ded1b8275dca53eb(1x)
1.0,0x471cc0076176e545d049709feb32648c507860ca,2,0xb421a98ca7825ad2951eaf6516bea4a9f08ffbfd(1x);0xf666057b3200c2af14534217ded1b8275dca53eb(1x)
1.0,0x1389136575602d7968d6507ac5027b71209bddad,2,0xb421a98ca7825ad2951eaf6516bea4a9f08ffbfd(2x);0xf666057b3200c2af14534217ded1b8275dca53eb(2x)
1.0,0xb187a3b50a6641ed5dcc35137de8ca04141a902e,2,0xb421a98ca7825ad2951eaf6516bea4a9f08ffbfd(8x);0xf666057b3200c2af14534217ded1b8275dca53eb(8x)
1.0,0x4b1a592076a36bce1332519aa917349f56b76b6f,2,0xb421a98ca7825ad2951eaf6516bea4a9f08ffbfd(1x);0xf666057b3200c2af14534217ded1b8275dca53eb(1x)
1.0,0xf65186c759f612ed99676eebbea8a90aa586fa87,2,0xb421a98ca7825ad2951eaf6516bea4a9f08ffbfd(2x);0xf666057b3200c2af14534217ded1b8275dca53eb(2x)
1.0,0x1dfce789116b2e07d96fda1b0722448d1705f361,2,0xb421a98ca7825ad2951eaf6516bea4a9f08ffbfd(1x);0xf666057b3200c2af14534217ded1b8275dca53eb(1x)
1.0,0x76d8c722b53a570559732013bf085579a493a677,2,0xb421a98ca7825ad2951eaf6516bea4a9f08ffbfd(1x);0xf666057b3200c2af14534217ded1b8275dca53eb(1x)
1.0,0xac0dd8e228658dc3399fd886ccc4883eb627a0c0,2,0xb421a98ca7825ad2951eaf6516bea4a9f08ffbfd(20x);0xf666057b3200c2af14534217ded1b8275dca53eb(20x)
1.0,0x642448ba45d2e43c7be4375ba1a77b2be3cab236,2,0xb421a98ca7825ad2951eaf6516bea4a9f08ffbfd(1x);0xf666057b3200c2af14534217ded1b8275dca53eb(1x)
1.0,0x9d0656d96e9b36da13e29308f042e30eafbc3326,2,0xb421a98ca7825ad2951eaf6516bea4a9f08ffbfd(1x);0xf666057b3200c2af14534217ded1b8275dca53eb(1x)
1.0,0x3697cf08e7cc161b3d7b0f88e3ea089ac51b2843,2,0xb421a98ca7825ad2951eaf6516bea4a9f08ffbfd(1x);0xf666057b3200c2af14534217ded1b8275dca53eb(1x)
1.0,0x26191c88ab1af834f4f12d6b7eceddebe51f333f,2,0xb421a98ca7825ad2951eaf6516bea4a9f08ffbfd(1x);0xf666057b3200c2af14534217ded1b8275dca53eb(1x)
1.0,0x99bb651c147104f7e64ad944e42af2aabe8e1ed4,2,0xb421a98ca7825ad2951eaf6516bea4a9f08ffbfd(5x);0xf666057b3200c2af14534217ded1b8275dca53eb(5x)
1.0,0xf8d959b1f07832fc7ce7cf946738f080d4696ab2,2,0xb421a98ca7825ad2951eaf6516bea4a9f08ffbfd(3x);0xf666057b3200c2af14534217ded1b8275dca53eb(3x)
1.0,0xaae0e89de29d2b80e8afb764494b0dccc4f87963,2,0xb421a98ca7825ad2951eaf6516bea4a9f08ffbfd(2x);0xf666057b3200c2af14534217ded1b8275dca53eb(2x)
1.0,0xcd06fe4e2a957b94cbe4dbc863decbbca3b63c4f,2,0xb421a98ca7825ad2951eaf6516bea4a9f08ffbfd(1x);0xf666057b3200c2af14534217ded1b8275dca53eb(1x)
1.0,0xb440d6a6c6cabe2c5fb4d6488dda8333ee63d940,2,0xb421a98ca7825ad2951eaf6516bea4a9f08ffbfd(5x);0xf666057b3200c2af14534217ded1b8275dca53eb(5x)
1.0,0x38ba70884d56c07c8ec50688c408ec07530552d0,2,0xb421a98ca7825ad2951eaf6516bea4a9f08ffbfd(1x);0xf666057b3200c2af14534217ded1b8275dca53eb(1x)
1.0,0x1d49f92d62d4f10f4639be942885527ac6db4672,2,0xb421a98ca7825ad2951eaf6516bea4a9f08ffbfd(1x);0xf666057b3200c2af14534217ded1b8275dca53eb(1x)
1.0,0x4fa4a965c2b0464d35c982710b93aa290f001034,2,0xb421a98ca7825ad2951eaf6516bea4a9f08ffbfd(1x);0xf666057b3200c2af14534217ded1b8275dca53eb(1x)
1.0,0xaa3d64b578086f3fb967a82fde115b5b51c0b2a5,2,0xb421a98ca7825ad2951eaf6516bea4a9f08ffbfd(1x);0xf666057b3200c2af14534217ded1b8275dca53eb(1x)
1.0,0x5d73d63398796d1067531b12885cf8646883cea1,2,0xb421a98ca7825ad2951eaf6516bea4a9f08ffbfd(1x);0xf666057b3200c2af14534217ded1b8275dca53eb(1x)
1.0,0x8a1e8a3b2b663d3f70073ca9c78c4525ec5c234e,2,0xb421a98ca7825ad2951eaf6516bea4a9f08ffbfd(1x);0xf666057b3200c2af14534217ded1b8275dca53eb(1x)
1.0,0xb9ad42e8985d8b3c1c0201e3f3f04dca87deb1bc,2,0xb421a98ca7825ad2951eaf6516bea4a9f08ffbfd(1x);0xf666057b3200c2af14534217ded1b8275dca53eb(1x)
1.0,0x2335f3c2d63e4050f29fe92be8e7cc537940ef3c,2,0xb421a98ca7825ad2951eaf6516bea4a9f08ffbfd(1x);0xf666057b3200c2af14534217ded1b8275dca53eb(1x)
1.0,0xcd45b90620f2092ae3f03662f488a42d018fa37f,2,0xb421a98ca7825ad2951eaf6516bea4a9f08ffbfd(1x);0xf666057b3200c2af14534217ded1b8275dca53eb(1x)
1.0,0xdbe7b80f6326e6bbb541d996efaf9f5b89506ecc,2,0xb421a98ca7825ad2951eaf6516bea4a9f08ffbfd(1x);0xf666057b3200c2af14534217ded1b8275dca53eb(1x)
1.0,0x70c23c2e1f81a85c0178976b8cb3229847664251,2,0xb421a98ca7825ad2951eaf6516bea4a9f08ffbfd(1x);0xf666057b3200c2af14534217ded1b8275dca53eb(1x)
1.0,0x9ac699fb81f1c39a2742ea213d956509cdc10dc9,2,0xb421a98ca7825ad2951eaf6516bea4a9f08ffbfd(1x);0xf666057b3200c2af14534217ded1b8275dca53eb(1x)
1.0,0xed21c6590405ed8577dd14c4f79985ccf401b4b1,2,0xb421a98ca7825ad2951eaf6516bea4a9f08ffbfd(1x);0xf666057b3200c2af14534217ded1b8275dca53eb(1x)
1.0,0xb88576e7bce067d835107f6cdf309f85a24836e5,2,0xb421a98ca7825ad2951eaf6516bea4a9f08ffbfd(1x);0xf666057b3200c2af14534217ded1b8275dca53eb(1x)
1.0,0xae370f0ffc2501bb536f92c5a587fd17d761b14c,2,0xb421a98ca7825ad2951eaf6516bea4a9f08ffbfd(1x);0xf666057b3200c2af14534217ded1b8275dca53eb(1x)
1.0,0x5e65f3fc21fa7db070714a232f26e20b673d4b50,2,0xb421a98ca7825ad2951eaf6516bea4a9f08ffbfd(1x);0xf666057b3200c2af14534217ded1b8275dca53eb(1x)
1.0,0x5961d07d653b6d928413c86b8e70682f54ce1329,2,0xb421a98ca7825ad2951eaf6516bea4a9f08ffbfd(1x);0xf666057b3200c2af14534217ded1b8275dca53eb(1x)
1.0,0xf8b9a1929c4f774641646a74e4d1f0f7fa2a19ca,2,0xb421a98ca7825ad2951eaf6516bea4a9f08ffbfd(1x);0xf666057b3200c2af14534217ded1b8275dca53eb(1x)
1.0,0x05da1983ab5451ecd305a91b208f0006e912b22e,2,0xb421a98ca7825ad2951eaf6516bea4a9f08ffbfd(1x);0xf666057b3200c2af14534217ded1b8275dca53eb(1x)
1.0,0x143f2952b35794bac8f2fc98b3febeb824efef29,2,0xb421a98ca7825ad2951eaf6516bea4a9f08ffbfd(1x);0xf666057b3200c2af14534217ded1b8275dca53eb(1x)
1.0,0xcb8c090c68d7324d782279f504ecdb50c75188e5,2,0xb421a98ca7825ad2951eaf6516bea4a9f08ffbfd(1x);0xf666057b3200c2af14534217ded1b8275dca53eb(1x)
1.0,0xf09f79578450f3b9dd96c75a45aac9f095d11921,2,0xb421a98ca7825ad2951eaf6516bea4a9f08ffbfd(1x);0xf666057b3200c2af14534217ded1b8275dca53eb(1x)
1.0,0x7b391959ce2f08fda760b24e160dc497eb65ead7,2,0xb421a98ca7825ad2951eaf6516bea4a9f08ffbfd(1x);0xf666057b3200c2af14534217ded1b8275dca53eb(1x)
1.0,0xf228c5d315d6b6df4b6acb7bba22c25e6766a2a3,2,0xb421a98ca7825ad2951eaf6516bea4a9f08ffbfd(1x);0xf666057b3200c2af14534217ded1b8275dca53eb(1x)
1.0,0xa20706b1f8794cce123bbad1a82e7c8c1da22761,2,0xb421a98ca7825ad2951eaf6516bea4a9f08ffbfd(1x);0xf666057b3200c2af14534217ded1b8275dca53eb(1x)
1.0,0x914b6c232c9fccff747374850aa3aa8bc6f171fe,2,0xb421a98ca7825ad2951eaf6516bea4a9f08ffbfd(1x);0xf666057b3200c2af14534217ded1b8275dca53eb(1x)
1.0,0x4bb820c8828bb841bf12b2a2b815b095789ddd33,2,0xb421a98ca7825ad2951eaf6516bea4a9f08ffbfd(1x);0xf666057b3200c2af14534217ded1b8275dca53eb(1x)
1.0,0x0c7a597358e77c5628b5a332a11a749db00eff84,2,0xb421a98ca7825ad2951eaf6516bea4a9f08ffbfd(1x);0xf666057b3200c2af14534217ded1b8275dca53eb(1x)
1.0,0x338598a8270607926e91741690a1bf11dcf19e09,2,0xb421a98ca7825ad2951eaf6516bea4a9f08ffbfd(1x);0xf666057b3200c2af14534217ded1b8275dca53eb(1x)
1.0,0xfd5068d8c5d251b458f269e6361d362675d8c3f5,2,0xb421a98ca7825ad2951eaf6516bea4a9f08ffbfd(1x);0xf666057b3200c2af14534217ded1b8275dca53eb(1x)
1.0,0x86065fbc3d0357d2439eba8de6918ad8c205c500,2,0xb421a98ca7825ad2951eaf6516bea4a9f08ffbfd(1x);0xf666057b3200c2af14534217ded1b8275dca53eb(1x)
1.0,0xda0c30a382b278f7b5e1216bface216a2622304d,2,0xb421a98ca7825ad2951eaf6516bea4a9f08ffbfd(1x);0xf666057b3200c2af14534217ded1b8275dca53eb(1x)
1.0,0xcaee69c801adf3d443da67801758a47853fda2d9,2,0xb421a98ca7825ad2951eaf6516bea4a9f08ffbfd(1x);0xf666057b3200c2af14534217ded1b8275dca53eb(1x)
1.0,0x608937173f511a9adfa1a02e74f8d5407d7982e4,2,0xb421a98ca7825ad2951eaf6516bea4a9f08ffbfd(1x);0xf666057b3200c2af14534217ded1b8275dca53eb(1x)
1.0,0x731e99290ddbb7330a998cd94a9693241ded7bab,2,0xb421a98ca7825ad2951eaf6516bea4a9f08ffbfd(1x);0xf666057b3200c2af14534217ded1b8275dca53eb(1x)
1.0,0xdc091b00a6c6e865ad8530b96a98708f0a6b0665,2,0xb421a98ca7825ad2951eaf6516bea4a9f08ffbfd(5x);0xf666057b3200c2af14534217ded1b8275dca53eb(5x)
1.0,0xe3ab7f99893f5f5b9ba171bb8d44a21332bec1d9,2,0xb421a98ca7825ad2951eaf6516bea4a9f08ffbfd(1x);0xf666057b3200c2af14534217ded1b8275dca53eb(1x)
1.0,0x63e7d4e75fb6e463c8457f66c09f59ad1198f973,2,0xb421a98ca7825ad2951eaf6516bea4a9f08ffbfd(1x);0xf666057b3200c2af14534217ded1b8275dca53eb(1x)
1.0,0x26696ac05a11504717ab62c4a2139c7586a4ceea,2,0xb421a98ca7825ad2951eaf6516bea4a9f08ffbfd(1x);0xf666057b3200c2af14534217ded1b8275dca53eb(1x)
1.0,0xdb37bab3e497b568dd6a97caf766405551c38316,2,0xb421a98ca7825ad2951eaf6516bea4a9f08ffbfd(1x);0xf666057b3200c2af14534217ded1b8275dca53eb(1x)
1.0,0x34df79696ea50e66ff94a0e39e221771a23ea4a7,2,0xb421a98ca7825ad2951eaf6516bea4a9f08ffbfd(1x);0xf666057b3200c2af14534217ded1b8275dca53eb(1x)
1.0,0x7471084410901ebf5508e9e55ca64659f3dd90c3,2,0xb421a98ca7825ad2951eaf6516bea4a9f08ffbfd(1x);0xf666057b3200c2af14534217ded1b8275dca53eb(1x)
1.0,0xa476539b6ca73dcdffb6fb97a9231a0b7912da89,2,0xb421a98ca7825ad2951eaf6516bea4a9f08ffbfd(1x);0xf666057b3200c2af14534217ded1b8275dca53eb(1x)
1.0,0x910a74c26b5489dfd4b68ec947e9ca7e29dd9f78,2,0xb421a98ca7825ad2951eaf6516bea4a9f08ffbfd(1x);0xf666057b3200c2af14534217ded1b8275dca53eb(1x)
1.0,0x4402d6dfe228a59af30d4d8bc5e192b76e5d5a81,2,0xb421a98ca7825ad2951eaf6516bea4a9f08ffbfd(1x);0xf666057b3200c2af14534217ded1b8275dca53eb(1x)
1.0,0x5b2a988c32e6019277d8543862184386483c4751,2,0xb421a98ca7825ad2951eaf6516bea4a9f08ffbfd(1x);0xf666057b3200c2af14534217ded1b8275dca53eb(1x)
1.0,0xffba73e11460f6f1b85d10d8be05c825293a1359,2,0xb421a98ca7825ad2951eaf6516bea4a9f08ffbfd(1x);0xf666057b3200c2af14534217ded1b8275dca53eb(1x)
1.0,0xd80a3eaf25bc1bba8864aba2e77a435cd3e4853c,2,0xb421a98ca7825ad2951eaf6516bea4a9f08ffbfd(1x);0xf666057b3200c2af14534217ded1b8275dca53eb(1x)
1.0,0x1b0f9142a8fc187d5a7f8089e90dbba1bc4eccc8,2,0xb421a98ca7825ad2951eaf6516bea4a9f08ffbfd(1x);0xf666057b3200c2af14534217ded1b8275dca53eb(1x)
1.0,0x13470ff5232b6abb520ee36b8b6718995f32a0ff,2,0xb421a98ca7825ad2951eaf6516bea4a9f08ffbfd(1x);0xf666057b3200c2af14534217ded1b8275dca53eb(1x)
1.0,0xf75b99e3aa4b4bfa2359fce619ab7acf670fcef0,2,0xb421a98ca7825ad2951eaf6516bea4a9f08ffbfd(1x);0xf666057b3200c2af14534217ded1b8275dca53eb(1x)
1.0,0xacdca62725a959c1756119771c2bd1055e199a8d,2,0xb421a98ca7825ad2951eaf6516bea4a9f08ffbfd(1x);0xf666057b3200c2af14534217ded1b8275dca53eb(1x)
1.0,0x186e50d5faa7662c911288a7c56578650f2681ca,2,0xb421a98ca7825ad2951eaf6516bea4a9f08ffbfd(1x);0xf666057b3200c2af14534217ded1b8275dca53eb(1x)
1.0,0x09d5fc90a54533923efbadcfb214ddbe449db713,2,0xb421a98ca7825ad2951eaf6516bea4a9f08ffbfd(1x);0xf666057b3200c2af14534217ded1b8275dca53eb(1x)
1.0,0xcce6c8246b13cecd614e41ed55f872375fc06925,2,0xb421a98ca7825ad2951eaf6516bea4a9f08ffbfd(1x);0xf666057b3200c2af14534217ded1b8275dca53eb(1x)
1.0,0xc3b995ff77001fc4ca7374f91517da3d81830fd0,2,0xb421a98ca7825ad2951eaf6516bea4a9f08ffbfd(1x);0xf666057b3200c2af14534217ded1b8275dca53eb(1x)
1.0,0xc1b7d31292e8ebc4e94a847ab64234f4d329def3,2,0xb421a98ca7825ad2951eaf6516bea4a9f08ffbfd(1x);0xf666057b3200c2af14534217ded1b8275dca53eb(1x)
1.0,0x4da82918c9b7174c6c30b3c6f8bf57d24efbe8b4,2,0xb421a98ca7825ad2951eaf6516bea4a9f08ffbfd(1x);0xf666057b3200c2af14534217ded1b8275dca53eb(1x)
1.0,0xb86d231938674bb2a512b2ff1aef3e7d702fe11b,2,0xb421a98ca7825ad2951eaf6516bea4a9f08ffbfd(1x);0xf666057b3200c2af14534217ded1b8275dca53eb(1x)
1.0,0x7012b4cd3f817a484a00a8332e17e8894b4c69a2,2,0xb421a98ca7825ad2951eaf6516bea4a9f08ffbfd(1x);0xf666057b3200c2af14534217ded1b8275dca53eb(1x)
1.0,0x4e1597db7f46ac80eaaf9fc9bc1749978b5ffd90,2,0xb421a98ca7825ad2951eaf6516bea4a9f08ffbfd(1x);0xf666057b3200c2af14534217ded1b8275dca53eb(1x)
1.0,0x660b0a9f45850d6c6d10128ac1000db24c82c7e5,2,0xb421a98ca7825ad2951eaf6516bea4a9f08ffbfd(1x);0xf666057b3200c2af14534217ded1b8275dca53eb(1x)
1.0,0xa72f4534bed54005a17de1caeb692085ab5c78f9,2,0xb421a98ca7825ad2951eaf6516bea4a9f08ffbfd(1x);0xf666057b3200c2af14534217ded1b8275dca53eb(1x)
1.0,0xa888a72436738e434f09eb8d1c242f4228426e65,2,0xb421a98ca7825ad2951eaf6516bea4a9f08ffbfd(1x);0xf666057b3200c2af14534217ded1b8275dca53eb(1x)
1.0,0x1ad66456750b5eb2a504357449a00fbb608f8085,2,0xb421a98ca7825ad2951eaf6516bea4a9f08ffbfd(1x);0xf666057b3200c2af14534217ded1b8275dca53eb(1x)
1.0,0x2958c06d9d0d7c8801b23c6c612fc8be93fbe43c,2,0xb421a98ca7825ad2951eaf6516bea4a9f08ffbfd(1x);0xf666057b3200c2af14534217ded1b8275dca53eb(1x)
1.0,0xe376e820e684dda769aa390baad0bdc24f40d05a,2,0xb421a98ca7825ad2951eaf6516bea4a9f08ffbfd(1x);0xf666057b3200c2af14534217ded1b8275dca53eb(1x)
1.0,0x92bd8f24d2520dbbe83e9dd5a897d133bae81028,2,0xb421a98ca7825ad2951eaf6516bea4a9f08ffbfd(1x);0xf666057b3200c2af14534217ded1b8275dca53eb(1x)
1.0,0x023c64ed9914b0be86184c718671e4d92eddb2a9,2,0xb421a98ca7825ad2951eaf6516bea4a9f08ffbfd(1x);0xf666057b3200c2af14534217ded1b8275dca53eb(1x)
1.0,0x9cdfc5ef5b4280f8c9cb9a1265ccea345d3ee919,2,0xb421a98ca7825ad2951eaf6516bea4a9f08ffbfd(6x);0xf666057b3200c2af14534217ded1b8275dca53eb(6x)
1.0,0xe88e9a465c22ba86a75d185920af89e9abb25e97,2,0xb421a98ca7825ad2951eaf6516bea4a9f08ffbfd(1x);0xf666057b3200c2af14534217ded1b8275dca53eb(1x)
1.0,0xa41821aa4e8b2861133710259c4abf974ee53d1c,2,0xb421a98ca7825ad2951eaf6516bea4a9f08ffbfd(1x);0xf666057b3200c2af14534217ded1b8275dca53eb(1x)
1.0,0xce56935e9e4edcce430ef8443c4a380b0425d9ed,2,0xb421a98ca7825ad2951eaf6516bea4a9f08ffbfd(1x);0xf666057b3200c2af14534217ded1b8275dca53eb(1x)
1.0,0x930743a63ef38decdb99a07b1b291229d73424ed,2,0xb421a98ca7825ad2951eaf6516bea4a9f08ffbfd(1x);0xf666057b3200c2af14534217ded1b8275dca53eb(1x)
1.0,0x3ce7f2a43f4dd204f0771d5c56ef8a60ae77e266,2,0xb421a98ca7825ad2951eaf6516bea4a9f08ffbfd(1x);0xf666057b3200c2af14534217ded1b8275dca53eb(1x)
1.0,0xf980bbecdcb7e0aa3f5d632558a7dc539024f343,2,0xb421a98ca7825ad2951eaf6516bea4a9f08ffbfd(1x);0xf666057b3200c2af14534217ded1b8275dca53eb(1x)
1.0,0x094f76178ecdcd9bd7acba76f2b8c7813e3ff510,2,0xb421a98ca7825ad2951eaf6516bea4a9f08ffbfd(1x);0xf666057b3200c2af14534217ded1b8275dca53eb(1x)
1.0,0x81fcb7107ed0ddb80c5549f50c28d24f5ec8793f,2,0xb421a98ca7825ad2951eaf6516bea4a9f08ffbfd(2x);0xf666057b3200c2af14534217ded1b8275dca53eb(2x)
1.0,0xf0ac19abb9384d3916996fa509315bd96f37a387,2,0xb421a98ca7825ad2951eaf6516bea4a9f08ffbfd(3x);0xf666057b3200c2af14534217ded1b8275dca53eb(3x)
1.0,0x111f808b9ef0e577ed5a84681a6e0405be48b729,2,0xb421a98ca7825ad2951eaf6516bea4a9f08ffbfd(1x);0xf666057b3200c2af14534217ded1b8275dca53eb(1x)
1.0,0x7cc7929c33d4c6fd9088683ae6f375da09db740d,2,0xb421a98ca7825ad2951eaf6516bea4a9f08ffbfd(1x);0xf666057b3200c2af14534217ded1b8275dca53eb(1x)
1.0,0xf0734843c7baba7141324d253b3d1bae35c69d88,2,0xb421a98ca7825ad2951eaf6516bea4a9f08ffbfd(1x);0xf666057b3200c2af14534217ded1b8275dca53eb(1x)
1.0,0x6bc026be3708ebbf7837461640654f8bd625bb5d,2,0xb421a98ca7825ad2951eaf6516bea4a9f08ffbfd(1x);0xf666057b3200c2af14534217ded1b8275dca53eb(1x)
1.0,0x5e6191aa5b7b2b02f3736051f24ec67149dc51ec,2,0xb421a98ca7825ad2951eaf6516bea4a9f08ffbfd(1x);0xf666057b3200c2af14534217ded1b8275dca53eb(1x)
1.0,0x95287987b8c293104b654ce17475b250808dac2e,2,0xb421a98ca7825ad2951eaf6516bea4a9f08ffbfd(1x);0xf666057b3200c2af14534217ded1b8275dca53eb(1x)
1.0,0x6f1548aac1a07f27ae2fac546b3b88421079cb1a,2,0xb421a98ca7825ad2951eaf6516bea4a9f08ffbfd(1x);0xf666057b3200c2af14534217ded1b8275dca53eb(1x)
1.0,0x834652ebe788477f9bf2021520452a5438f34c5d,2,0xb421a98ca7825ad2951eaf6516bea4a9f08ffbfd(1x);0xf666057b3200c2af14534217ded1b8275dca53eb(1x)
1.0,0x7bef2b8a68f6ce2742434f5519bc2e8dd868092f,2,0xb421a98ca7825ad2951eaf6516bea4a9f08ffbfd(1x);0xf666057b3200c2af14534217ded1b8275dca53eb(1x)
1.0,0x26780108d9941549cf8a117bad1ea5f9bccfda97,2,0xb421a98ca7825ad2951eaf6516bea4a9f08ffbfd(1x);0xf666057b3200c2af14534217ded1b8275dca53eb(1x)
1.0,0xa9ae7c9acae323e552c57ce66cbd2a3cc1cb619f,2,0xb421a98ca7825ad2951eaf6516bea4a9f08ffbfd(1x);0xf666057b3200c2af14534217ded1b8275dca53eb(1x)
1.0,0xb0cc5fb34157cf2a1ce7da2ea7fb4efb9b527de5,2,0xb421a98ca7825ad2951eaf6516bea4a9f08ffbfd(1x);0xf666057b3200c2af14534217ded1b8275dca53eb(1x)
1.0,0x3262e5c1f7ccca4fea0779aefe61fc1d7715ece8,2,0xb421a98ca7825ad2951eaf6516bea4a9f08ffbfd(1x);0xf666057b3200c2af14534217ded1b8275dca53eb(1x)
1.0,0xdb7d3a0dee0a1bc255e151bef854d4c58c08acef,2,0xb421a98ca7825ad2951eaf6516bea4a9f08ffbfd(1x);0xf666057b3200c2af14534217ded1b8275dca53eb(1x)
1.0,0xbbb87e58894e28bca5bc03801c11e3c19b4df384,2,0xb421a98ca7825ad2951eaf6516bea4a9f08ffbfd(1x);0xf666057b3200c2af14534217ded1b8275dca53eb(1x)
1.0,0xe991b75a11969d28f6c29d5202b0933ca46870b1,2,0xb421a98ca7825ad2951eaf6516bea4a9f08ffbfd(1x);0xf666057b3200c2af14534217ded1b8275dca53eb(1x)
1.0,0xd81f8bdaf8d18e74cfe654c550bd24fad351a0e8,2,0xb421a98ca7825ad2951eaf6516bea4a9f08ffbfd(1x);0xf666057b3200c2af14534217ded1b8275dca53eb(1x)
1.0,0xd4e6d03c870f81632a449a4720c8f2fa0ec75d6f,2,0xb421a98ca7825ad2951eaf6516bea4a9f08ffbfd(1x);0xf666057b3200c2af14534217ded1b8275dca53eb(1x)
1.0,0x5f50948831059e63a144d6d1c5d58b783db34f36,2,0xb421a98ca7825ad2951eaf6516bea4a9f08ffbfd(1x);0xf666057b3200c2af14534217ded1b8275dca53eb(1x)
1.0,0x44478aeddc01d2a9d28a41657a226283db1612fb,2,0xb421a98ca7825ad2951eaf6516bea4a9f08ffbfd(1x);0xf666057b3200c2af14534217ded1b8275dca53eb(1x)
1.0,0x699301e32694095685a69dccb0bfc79df18c233a,2,0xb421a98ca7825ad2951eaf6516bea4a9f08ffbfd(1x);0xf666057b3200c2af14534217ded1b8275dca53eb(1x)
1.0,0x9d43ec6df9e50277fb4d5f9d6af9d5aeb0e48170,2,0xb421a98ca7825ad2951eaf6516bea4a9f08ffbfd(1x);0xf666057b3200c2af14534217ded1b8275dca53eb(1x)
1.0,0x83c27845bcbb5847bee5bc8bc6a199842f6381f9,2,0xb421a98ca7825ad2951eaf6516bea4a9f08ffbfd(1x);0xf666057b3200c2af14534217ded1b8275dca53eb(1x)
1.0,0x9e919d7f80e58aa02b3e6a005a83fecefb12d1c9,2,0xb421a98ca7825ad2951eaf6516bea4a9f08ffbfd(1x);0xf666057b3200c2af14534217ded1b8275dca53eb(1x)
1.0,0xe07328319e5fab57c1e30c18dd8c9ae720058912,2,0xb421a98ca7825ad2951eaf6516bea4a9f08ffbfd(1x);0xf666057b3200c2af14534217ded1b8275dca53eb(1x)
1.0,0x16f76b8b5a636076afd2b51e532df6f840a44e72,2,0xb421a98ca7825ad2951eaf6516bea4a9f08ffbfd(1x);0xf666057b3200c2af14534217ded1b8275dca53eb(1x)
1.0,0xeffc5de09139e7f86535ef3e6a2f55b1e293e009,2,0xb421a98ca7825ad2951eaf6516bea4a9f08ffbfd(1x);0xf666057b3200c2af14534217ded1b8275dca53eb(1x)
1.0,0x1f0410d4997962468ebea477add8cacc1a6063d6,2,0xb421a98ca7825ad2951eaf6516bea4a9f08ffbfd(1x);0xf666057b3200c2af14534217ded1b8275dca53eb(1x)
1.0,0xef16114aa41fb80ba1a25849665b2e5dafb21f03,2,0xb421a98ca7825ad2951eaf6516bea4a9f08ffbfd(1x);0xf666057b3200c2af14534217ded1b8275dca53eb(1x)
1.0,0x2ef10e05908d522ef766662d96fc0e0306d4b1c7,2,0xb421a98ca7825ad2951eaf6516bea4a9f08ffbfd(1x);0xf666057b3200c2af14534217ded1b8275dca53eb(1x)
1.0,0xb072f2dc9d2197758c310349e205a1b56e1c6b4d,2,0xb421a98ca7825ad2951eaf6516bea4a9f08ffbfd(1x);0xf666057b3200c2af14534217ded1b8275dca53eb(1x)
1.0,0x2203e7d946256e3ec42b50a4d274c6d936f96d98,2,0xb421a98ca7825ad2951eaf6516bea4a9f08ffbfd(1x);0xf666057b3200c2af14534217ded1b8275dca53eb(1x)
1.0,0x785fef2f5478ac0ed1e5074f66a8a1d2ed0e40ba,2,0xb421a98ca7825ad2951eaf6516bea4a9f08ffbfd(1x);0xf666057b3200c2af14534217ded1b8275dca53eb(1x)
1.0,0x06847757a1cea4ced031b9ee0f10b78f1b3acb9f,2,0xb421a98ca7825ad2951eaf6516bea4a9f08ffbfd(1x);0xf666057b3200c2af14534217ded1b8275dca53eb(1x)
1.0,0x22d8d1aa3b830c8bc90704ec73678a0cf779f4eb,2,0xb421a98ca7825ad2951eaf6516bea4a9f08ffbfd(1x);0xf666057b3200c2af14534217ded1b8275dca53eb(1x)
1.0,0x22c7a507aaaa6f10a59292e2d861d33b3ff7de0b,2,0xb421a98ca7825ad2951eaf6516bea4a9f08ffbfd(1x);0xf666057b3200c2af14534217ded1b8275dca53eb(1x)
1.0,0x111811142ae08e70a306e5605459e1840511d0f6,2,0xb421a98ca7825ad2951eaf6516bea4a9f08ffbfd(1x);0xf666057b3200c2af14534217ded1b8275dca53eb(1x)
1.0,0xaf9d55b281de4722a06b2bbe65e777edda0f681b,2,0xb421a98ca7825ad2951eaf6516bea4a9f08ffbfd(1x);0xf666057b3200c2af14534217ded1b8275dca53eb(1x)
1.0,0x8856daa29ad683405f2c733bf41ea78f62918067,2,0xb421a98ca7825ad2951eaf6516bea4a9f08ffbfd(1x);0xf666057b3200c2af14534217ded1b8275dca53eb(1x)
1.0,0xc5822d5885c1abbee4fe8efd81b179e1444b6d57,2,0xb421a98ca7825ad2951eaf6516bea4a9f08ffbfd(1x);0xf666057b3200c2af14534217ded1b8275dca53eb(1x)
1.0,0x3ec676b359b9ed29d60997208a4f7daf3dce2fe9,2,0xb421a98ca7825ad2951eaf6516bea4a9f08ffbfd(1x);0xf666057b3200c2af14534217ded1b8275dca53eb(1x)
1.0,0x891375b51197a5f707724baf49a00fe41d2ff571,2,0xb421a98ca7825ad2951eaf6516bea4a9f08ffbfd(1x);0xf666057b3200c2af14534217ded1b8275dca53eb(1x)
1.0,0xadd2d4cfffe09c494d2af93ccf1bcd30475a919f,2,0xb421a98ca7825ad2951eaf6516bea4a9f08ffbfd(1x);0xf666057b3200c2af14534217ded1b8275dca53eb(1x)
1.0,0xb0c7d4815631806180501feb404f329bf34ba52a,2,0xb421a98ca7825ad2951eaf6516bea4a9f08ffbfd(1x);0xf666057b3200c2af14534217ded1b8275dca53eb(1x)
1.0,0x92d100bbd0fcdcd98843167e6ab8e96323713b91,2,0xb421a98ca7825ad2951eaf6516bea4a9f08ffbfd(1x);0xf666057b3200c2af14534217ded1b8275dca53eb(1x)
1.0,0x5f5e78f8496fe7c25a3ca186f5dab799d744d505,2,0xb421a98ca7825ad2951eaf6516bea4a9f08ffbfd(1x);0xf666057b3200c2af14534217ded1b8275dca53eb(1x)
1.0,0x640233d9a00953e9b27c031a7cc3783ae405ce24,2,0xb421a98ca7825ad2951eaf6516bea4a9f08ffbfd(1x);0xf666057b3200c2af14534217ded1b8275dca53eb(1x)
1.0,0x1bdec7923f9e8e472a30a5aaf82f78855b182458,2,0xb421a98ca7825ad2951eaf6516bea4a9f08ffbfd(1x);0xf666057b3200c2af14534217ded1b8275dca53eb(1x)
1.0,0x8aedc1a25cdd9331bbf14e2df202ab2847daa613,2,0xb421a98ca7825ad2951eaf6516bea4a9f08ffbfd(1x);0xf666057b3200c2af14534217ded1b8275dca53eb(1x)
1.0,0xee3a7ca32e21c011340f80887199ab38fe2a9cd1,2,0xb421a98ca7825ad2951eaf6516bea4a9f08ffbfd(1x);0xf666057b3200c2af14534217ded1b8275dca53eb(1x)
1.0,0xd61bfc72cc9fe3db3e3b21e832b400aefe36f093,2,0xb421a98ca7825ad2951eaf6516bea4a9f08ffbfd(1x);0xf666057b3200c2af14534217ded1b8275dca53eb(1x)
1.0,0x91f3c4c3a4e04b94e51ea63742812d7fa1f8bdce,2,0xb421a98ca7825ad2951eaf6516bea4a9f08ffbfd(1x);0xf666057b3200c2af14534217ded1b8275dca53eb(1x)
1.0,0x50dc70bae41759de687a0957f9683c0ccd2be3c4,2,0xb421a98ca7825ad2951eaf6516bea4a9f08ffbfd(1x);0xf666057b3200c2af14534217ded1b8275dca53eb(1x)
1.0,0x6da13acaa42b410312e1215628e9dbca2ba5981e,2,0xb421a98ca7825ad2951eaf6516bea4a9f08ffbfd(1x);0xf666057b3200c2af14534217ded1b8275dca53eb(1x)
1.0,0x61fe7a89414ad25da6335bb577eae18f153d94ec,2,0xb421a98ca7825ad2951eaf6516bea4a9f08ffbfd(1x);0xf666057b3200c2af14534217ded1b8275dca53eb(1x)
1.0,0xb9ccdbfed6df26b047dcfc03934309608334ed04,2,0xb421a98ca7825ad2951eaf6516bea4a9f08ffbfd(1x);0xf666057b3200c2af14534217ded1b8275dca53eb(1x)
1.0,0xaa44cc09ef1bca8d7557280a8d417a1509185dc2,2,0xb421a98ca7825ad2951eaf6516bea4a9f08ffbfd(1x);0xf666057b3200c2af14534217ded1b8275dca53eb(1x)
1.0,0x5d07b7e87b11d38367639edd0de9f1ae39991179,2,0xb421a98ca7825ad2951eaf6516bea4a9f08ffbfd(1x);0xf666057b3200c2af14534217ded1b8275dca53eb(1x)
1.0,0x08b289aff76be027466213c36d34824bdf83a59c,2,0xb421a98ca7825ad2951eaf6516bea4a9f08ffbfd(1x);0xf666057b3200c2af14534217ded1b8275dca53eb(1x)
1.0,0x2cabad433c0f8b9673cfb46fb9ffbec3adea8312,2,0xb421a98ca7825ad2951eaf6516bea4a9f08ffbfd(1x);0xf666057b3200c2af14534217ded1b8275dca53eb(1x)
1.0,0x37a472e064a04cdb053d23fdc5493199c952deb6,2,0xb421a98ca7825ad2951eaf6516bea4a9f08ffbfd(1x);0xf666057b3200c2af14534217ded1b8275dca53eb(1x)
1.0,0x2a86d9bb622b1d16d5cd75cbc625a1e547f409f6,2,0xb421a98ca7825ad2951eaf6516bea4a9f08ffbfd(1x);0xf666057b3200c2af14534217ded1b8275dca53eb(1x)
1.0,0x25fa6e449f5f3370af77e2297c57257b9bd059ab,2,0xb421a98ca7825ad2951eaf6516bea4a9f08ffbfd(1x);0xf666057b3200c2af14534217ded1b8275dca53eb(1x)
1.0,0x719334f16849d5da69d3463268771fa639ec9153,2,0xb421a98ca7825ad2951eaf6516bea4a9f08ffbfd(1x);0xf666057b3200c2af14534217ded1b8275dca53eb(1x)
1.0,0x1992177aacfddb97f6f75968f72d5fbf1607ef80,2,0xb421a98ca7825ad2951eaf6516bea4a9f08ffbfd(1x);0xf666057b3200c2af14534217ded1b8275dca53eb(1x)
1.0,0x74e98f420961349fec6a934818bb821bc0e250de,2,0xb421a98ca7825ad2951eaf6516bea4a9f08ffbfd(1x);0xf666057b3200c2af14534217ded1b8275dca53eb(1x)
1.0,0x204d868b1f1f87de0ff62d3376d8cdcdf8cd76c3,2,0xb421a98ca7825ad2951eaf6516bea4a9f08ffbfd(2x);0xf666057b3200c2af14534217ded1b8275dca53eb(2x)
1.0,0xfa661dcb67445e8af7f837f3b25e4e42955e87c6,2,0xb421a98ca7825ad2951eaf6516bea4a9f08ffbfd(1x);0xf666057b3200c2af14534217ded1b8275dca53eb(1x)
1.0,0xe16b63637a0f46dfdaf831292ef5c1fcaea3b45e,2,0xb421a98ca7825ad2951eaf6516bea4a9f08ffbfd(1x);0xf666057b3200c2af14534217ded1b8275dca53eb(1x)
1.0,0xa0d21a829d5de0e11608f7ea9f5e73efe36a5298,2,0xb421a98ca7825ad2951eaf6516bea4a9f08ffbfd(1x);0xf666057b3200c2af14534217ded1b8275dca53eb(1x)
1.0,0x2b1972040a5063a33bc8cd0942c007c0e216e107,2,0xb421a98ca7825ad2951eaf6516bea4a9f08ffbfd(1x);0xf666057b3200c2af14534217ded1b8275dca53eb(1x)
1.0,0x30ffcee17e6645a1cbbd7fdfe54521551c82c452,2,0xb421a98ca7825ad2951eaf6516bea4a9f08ffbfd(1x);0xf666057b3200c2af14534217ded1b8275dca53eb(1x)
1.0,0x32e89f62b4d0df4d3d8746461ab037934f69a439,2,0xb421a98ca7825ad2951eaf6516bea4a9f08ffbfd(1x);0xf666057b3200c2af14534217ded1b8275dca53eb(1x)
1.0,0x2b10342fe21c6cfebe73b443ec7d5996a7fe7024,2,0xb421a98ca7825ad2951eaf6516bea4a9f08ffbfd(1x);0xf666057b3200c2af14534217ded1b8275dca53eb(1x)
1.0,0x7bf8a1b84ba070f8a57c541efcf7a13db4c9b375,2,0xb421a98ca7825ad2951eaf6516bea4a9f08ffbfd(1x);0xf666057b3200c2af14534217ded1b8275dca53eb(1x)
1.0,0x4a22efc828c1a9e371c1167c786a21d7e6646a1d,2,0xb421a98ca7825ad2951eaf6516bea4a9f08ffbfd(1x);0xf666057b3200c2af14534217ded1b8275dca53eb(1x)
1.0,0x64255138e0fb91a0866d23e1cc663fe4a4b81d87,2,0xb421a98ca7825ad2951eaf6516bea4a9f08ffbfd(1x);0xf666057b3200c2af14534217ded1b8275dca53eb(1x)
1.0,0x5e14da2352170382808a3d6cdd794ed8f0589c71,2,0xb421a98ca7825ad2951eaf6516bea4a9f08ffbfd(1x);0xf666057b3200c2af14534217ded1b8275dca53eb(1x)
1.0,0x720a389ea57ae9da6e7ab39a175387990d62a6ad,2,0xb421a98ca7825ad2951eaf6516bea4a9f08ffbfd(1x);0xf666057b3200c2af14534217ded1b8275dca53eb(1x)
1.0,0x9bf171dd7600a06ee62aa9bd3bbf4759eb6d979f,2,0xb421a98ca7825ad2951eaf6516bea4a9f08ffbfd(1x);0xf666057b3200c2af14534217ded1b8275dca53eb(1x)
1.0,0x1722311aff9b70c5d60118cb550d7b212f1d5a55,2,0xb421a98ca7825ad2951eaf6516bea4a9f08ffbfd(1x);0xf666057b3200c2af14534217ded1b8275dca53eb(1x)
1.0,0xf15b0ae6147c31689be3d164739056e9576fbfca,2,0xb421a98ca7825ad2951eaf6516bea4a9f08ffbfd(1x);0xf666057b3200c2af14534217ded1b8275dca53eb(1x)
1.0,0x37feed300f56cc05e8447a41d59f5edc15dee1ab,2,0xb421a98ca7825ad2951eaf6516bea4a9f08ffbfd(1x);0xf666057b3200c2af14534217ded1b8275dca53eb(1x)
1.0,0x5ae52c4b0fe2767eecde58ba56ec85dd285640ef,2,0xb421a98ca7825ad2951eaf6516bea4a9f08ffbfd(1x);0xf666057b3200c2af14534217ded1b8275dca53eb(1x)
1.0,0x99983edfeea8bcdf7a6c0f71da8169c8b10b8f71,2,0xb421a98ca7825ad2951eaf6516bea4a9f08ffbfd(1x);0xf666057b3200c2af14534217ded1b8275dca53eb(1x)
1.0,0xfa184b856dff48655ff251065f9b87fd38595617,2,0xb421a98ca7825ad2951eaf6516bea4a9f08ffbfd(1x);0xf666057b3200c2af14534217ded1b8275dca53eb(1x)
1.0,0x24f544d8d49676db8958f7dcf72b43ca62bbe369,2,0xb421a98ca7825ad2951eaf6516bea4a9f08ffbfd(1x);0xf666057b3200c2af14534217ded1b8275dca53eb(1x)
1.0,0x9eb036d0a00ad7a291b442229a15b4b269d09f31,2,0xb421a98ca7825ad2951eaf6516bea4a9f08ffbfd(1x);0xf666057b3200c2af14534217ded1b8275dca53eb(1x)
1.0,0x6734c0f4dd1bd7ca1980cea28e18b1e9ab7b2516,2,0xb421a98ca7825ad2951eaf6516bea4a9f08ffbfd(1x);0xf666057b3200c2af14534217ded1b8275dca53eb(1x)
1.0,0xf4284683d19e1d0c48fcce48d7fa3bf422e42d47,2,0xb421a98ca7825ad2951eaf6516bea4a9f08ffbfd(1x);0xf666057b3200c2af14534217ded1b8275dca53eb(1x)
1.0,0xdcbb9e31822e13e2960d02b2ca0a4cf715c432ca,2,0xb421a98ca7825ad2951eaf6516bea4a9f08ffbfd(1x);0xf666057b3200c2af14534217ded1b8275dca53eb(1x)
1.0,0xd6f1f9021da2c3ab41e36969750c0d58ed625a14,2,0xb421a98ca7825ad2951eaf6516bea4a9f08ffbfd(1x);0xf666057b3200c2af14534217ded1b8275dca53eb(1x)
1.0,0x4b4659de047a91dd64e2068d3df8a3937b92cf06,2,0xb421a98ca7825ad2951eaf6516bea4a9f08ffbfd(1x);0xf666057b3200c2af14534217ded1b8275dca53eb(1x)
1.0,0x59ca599ae40866f1623451beddf4863d75b697f3,2,0xb421a98ca7825ad2951eaf6516bea4a9f08ffbfd(1x);0xf666057b3200c2af14534217ded1b8275dca53eb(1x)
1.0,0x1732931da070cff4ec688b0c0805175bf0a8c63a,2,0xb421a98ca7825ad2951eaf6516bea4a9f08ffbfd(1x);0xf666057b3200c2af14534217ded1b8275dca53eb(1x)
1.0,0x88937759cf95c91c2a17d862c4b5488b48d42090,2,0xb421a98ca7825ad2951eaf6516bea4a9f08ffbfd(1x);0xf666057b3200c2af14534217ded1b8275dca53eb(1x)
1.0,0x4a2982ad12cbc8f03e8bb5db847362f7828a0fe2,2,0xb421a98ca7825ad2951eaf6516bea4a9f08ffbfd(1x);0xf666057b3200c2af14534217ded1b8275dca53eb(1x)
1.0,0xd18135034c7c85970ba3405ccf38454065e5e2e8,2,0xb421a98ca7825ad2951eaf6516bea4a9f08ffbfd(1x);0xf666057b3200c2af14534217ded1b8275dca53eb(1x)
1.0,0xc5a8671d16832a7f18145b12ce5c1ebc85cfa727,2,0xb421a98ca7825ad2951eaf6516bea4a9f08ffbfd(1x);0xf666057b3200c2af14534217ded1b8275dca53eb(1x)
1.0,0x19c4eeb8dd7273d76cfeb796a39b4c96ec8a03b9,2,0xb421a98ca7825ad2951eaf6516bea4a9f08ffbfd(1x);0xf666057b3200c2af14534217ded1b8275dca53eb(1x)
1.0,0xdbbfe39bceedc39b96524c6803bfb1dc6d6dba2f,2,0xb421a98ca7825ad2951eaf6516bea4a9f08ffbfd(1x);0xf666057b3200c2af14534217ded1b8275dca53eb(1x)
1.0,0x9dbd6be176a85fad6b287bd9b11bd41fe8cf290e,2,0xb421a98ca7825ad2951eaf6516bea4a9f08ffbfd(1x);0xf666057b3200c2af14534217ded1b8275dca53eb(1x)
1.0,0x10cd0febf8337d5961540f504f996f7b84905e70,2,0xb421a98ca7825ad2951eaf6516bea4a9f08ffbfd(1x);0xf666057b3200c2af14534217ded1b8275dca53eb(1x)
1.0,0x158f1ea563339379df54f09a44b044044c18cd86,2,0xb421a98ca7825ad2951eaf6516bea4a9f08ffbfd(8x);0xf666057b3200c2af14534217ded1b8275dca53eb(8x)
1.0,0x3fe80b4f7a92427794b63397aa541f511d8ecd78,2,0xb421a98ca7825ad2951eaf6516bea4a9f08ffbfd(1x);0xf666057b3200c2af14534217ded1b8275dca53eb(1x)
1.0,0x732642c03b1bc99d65fb2b3313d9f8c0dddc2954,2,0xb421a98ca7825ad2951eaf6516bea4a9f08ffbfd(1x);0xf666057b3200c2af14534217ded1b8275dca53eb(1x)
1.0,0x2fe49867fa6031f2b5b461c7e9b247553f5568d2,2,0xb421a98ca7825ad2951eaf6516bea4a9f08ffbfd(1x);0xf666057b3200c2af14534217ded1b8275dca53eb(1x)
1.0,0x5673d167ad52efb20a793e7808cb7f4b579a3a24,2,0xb421a98ca7825ad2951eaf6516bea4a9f08ffbfd(1x);0xf666057b3200c2af14534217ded1b8275dca53eb(1x)
1.0,0x097fbb5e75bc6105d94da08fa23b75f44af59c26,2,0xb421a98ca7825ad2951eaf6516bea4a9f08ffbfd(1x);0xf666057b3200c2af14534217ded1b8275dca53eb(1x)
1.0,0xca5e7a9a9b57a07eb034e7f05a0451c6679de114,2,0xb421a98ca7825ad2951eaf6516bea4a9f08ffbfd(1x);0xf666057b3200c2af14534217ded1b8275dca53eb(1x)
1.0,0x4305d7fb5bd100ea4ecbc16c5738f7d10e60c8e5,2,0xb421a98ca7825ad2951eaf6516bea4a9f08ffbfd(1x);0xf666057b3200c2af14534217ded1b8275dca53eb(1x)
1.0,0x1dae7327a5f7f99a71fb133c1509e909c8d655ef,2,0xb421a98ca7825ad2951eaf6516bea4a9f08ffbfd(1x);0xf666057b3200c2af14534217ded1b8275dca53eb(1x)
1.0,0xffea279cfbaa8ce1486d0ce72b0379b2e241b6f2,2,0xb421a98ca7825ad2951eaf6516bea4a9f08ffbfd(1x);0xf666057b3200c2af14534217ded1b8275dca53eb(1x)
1.0,0xb8202d2a954d25c805656a57d334fe12b3dbbce1,2,0xb421a98ca7825ad2951eaf6516bea4a9f08ffbfd(1x);0xf666057b3200c2af14534217ded1b8275dca53eb(1x)
1.0,0x98a23083747e2c5e22bfb3205bbf6df0c0557aed,2,0xb421a98ca7825ad2951eaf6516bea4a9f08ffbfd(1x);0xf666057b3200c2af14534217ded1b8275dca53eb(1x)
1.0,0xbbbd4ff8cd430157b51cff045601bacfa06c59bc,2,0xb421a98ca7825ad2951eaf6516bea4a9f08ffbfd(1x);0xf666057b3200c2af14534217ded1b8275dca53eb(1x)
1.0,0xb37d93ab0495294705da69c07f2e55c648ee8518,2,0xb421a98ca7825ad2951eaf6516bea4a9f08ffbfd(1x);0xf666057b3200c2af14534217ded1b8275dca53eb(1x)
1.0,0x25d5b96945a2e88f3a5409aadaeeacb40b95faf6,2,0xb421a98ca7825ad2951eaf6516bea4a9f08ffbfd(1x);0xf666057b3200c2af14534217ded1b8275dca53eb(1x)
1.0,0x6aef8c155d65d1e71202162fc435a0886bf00c1b,2,0xb421a98ca7825ad2951eaf6516bea4a9f08ffbfd(1x);0xf666057b3200c2af14534217ded1b8275dca53eb(1x)
1.0,0x6d70e7f6d1c87f169a33507b74a3f61aa6300bff,2,0xb421a98ca7825ad2951eaf6516bea4a9f08ffbfd(1x);0xf666057b3200c2af14534217ded1b8275dca53eb(1x)
1.0,0x8fdfbe6795d4fe70a33031dec3aca4eb3697e15e,2,0xb421a98ca7825ad2951eaf6516bea4a9f08ffbfd(1x);0xf666057b3200c2af14534217ded1b8275dca53eb(1x)
1.0,0xa4683ee65a9fcb6d93f907fd72f674d429051875,2,0xb421a98ca7825ad2951eaf6516bea4a9f08ffbfd(1x);0xf666057b3200c2af14534217ded1b8275dca53eb(1x)
1.0,0x7c067ff69bf1a07cf8a7c98c1a1146154c7ec63c,2,0xb421a98ca7825ad2951eaf6516bea4a9f08ffbfd(1x);0xf666057b3200c2af14534217ded1b8275dca53eb(1x)
1.0,0xbf9748ecd0353b7c1c91697f76da855f7eef5836,2,0xb421a98ca7825ad2951eaf6516bea4a9f08ffbfd(1x);0xf666057b3200c2af14534217ded1b8275dca53eb(1x)
1.0,0xda0cfba45b14497d213a07f178cb192c64de7864,2,0xb421a98ca7825ad2951eaf6516bea4a9f08ffbfd(1x);0xf666057b3200c2af14534217ded1b8275dca53eb(1x)
1.0,0xd7646f03d4269a300abb0cda19f4a49bb77ea35e,2,0xb421a98ca7825ad2951eaf6516bea4a9f08ffbfd(1x);0xf666057b3200c2af14534217ded1b8275dca53eb(1x)
1.0,0xc100213aac37ab4f8e96b4df64cb7b7631d4edfd,2,0xb421a98ca7825ad2951eaf6516bea4a9f08ffbfd(1x);0xf666057b3200c2af14534217ded1b8275dca53eb(1x)
1.0,0xa4c750271c27785634cb2acfa5cc994e90155bb1,2,0xb421a98ca7825ad2951eaf6516bea4a9f08ffbfd(1x);0xf666057b3200c2af14534217ded1b8275dca53eb(1x)
1.0,0xaf4d644346fe99cbacd711a8d56bc42ef1e8ff10,2,0xb421a98ca7825ad2951eaf6516bea4a9f08ffbfd(1x);0xf666057b3200c2af14534217ded1b8275dca53eb(1x)
1.0,0x5c7d2484557e78a63f3052a7533f015e60f7d306,2,0xb421a98ca7825ad2951eaf6516bea4a9f08ffbfd(1x);0xf666057b3200c2af14534217ded1b8275dca53eb(1x)
1.0,0xf40c471386920ac5ae02df53df661345ddabad17,2,0xb421a98ca7825ad2951eaf6516bea4a9f08ffbfd(1x);0xf666057b3200c2af14534217ded1b8275dca53eb(1x)
1.0,0x120917e4b228cd9a50c9f5103b467a5e27f77783,2,0xb421a98ca7825ad2951eaf6516bea4a9f08ffbfd(1x);0xf666057b3200c2af14534217ded1b8275dca53eb(1x)
1.0,0x3f7472a215bb3931b464f8d447dffce1e5e5deda,2,0xb421a98ca7825ad2951eaf6516bea4a9f08ffbfd(1x);0xf666057b3200c2af14534217ded1b8275dca53eb(1x)
1.0,0x96b83c8abbc5a4ff2770bdc0a84eef76022a34c6,2,0xb421a98ca7825ad2951eaf6516bea4a9f08ffbfd(1x);0xf666057b3200c2af14534217ded1b8275dca53eb(1x)
1.0,0x2999f3adf1c36038d122a1ae9405e601c89c8ad5,2,0xb421a98ca7825ad2951eaf6516bea4a9f08ffbfd(1x);0xf666057b3200c2af14534217ded1b8275dca53eb(1x)
1.0,0x5365e98cc669714e55985e7be36a91257cf64a75,2,0xb421a98ca7825ad2951eaf6516bea4a9f08ffbfd(1x);0xf666057b3200c2af14534217ded1b8275dca53eb(1x)
1.0,0xca735c8d434a39f3a340931167037524b8fb555a,2,0xb421a98ca7825ad2951eaf6516bea4a9f08ffbfd(1x);0xf666057b3200c2af14534217ded1b8275dca53eb(1x)
1.0,0xb6e469daf9f80b41b756e5af320437e6efbed8cb,2,0xb421a98ca7825ad2951eaf6516bea4a9f08ffbfd(1x);0xf666057b3200c2af14534217ded1b8275dca53eb(1x)
