recipient_address,hit_count,is_candidate,total_eth_received,first_seen_utc,last_seen_utc,sample_tx_hashes
0xbe5bf8862d5bc3fa516fffc3e01c6d5548a616d3,9,yes,0.881897,2025-12-04 08:01:47Z,2025-12-04 10:06:23Z,0xa5c865ac893d74d86eb18f77271b2f22121a78704f52640a588805506028f18b;0x8e8a91436b318d0a9b7957e578b6a07f59d193b37e2e88e3a474a9bb6d5b64e7;0x7d3ba25db04712468133fbcfa87e69feb540b7d0fc70ae2e3f1a800fd9323b95;0x5cb3b1d3eb1d73ebd463cd5b4964d1dd9ba4207a38ddceffd100e255f5ecbd2d
0x0ca3cb4c332b7ec5f7739009eabd825baed6e8c2,19,,1.861818,2025-12-11 06:42:23Z,2025-12-15 13:10:59Z,0x02fd2f06ea7641f7abb47cfb6e81ae585694a1868786ff4851e1b5c8dd2dad90;0x50d561e839f999a0c16ea8149c73165b9afc27567a1efbacd782221b04b81e74;0xf44051d364c57718ab1d598ffdf66c870c73d9d1641f88f9d66c689efaa03cab;0xf5ae02a48b3b4eea0a17eacd931527783be52a4c6ecd87e43eb6d84f09005e28
0xc20b2c9ffa29c01b89d1077852004d0aec8e5c1d,15,,1.468448,2025-11-29 14:15:11Z,2025-12-11 09:24:59Z,0xacd8bfbc42b0da49201b33c3aa97a4ace7569e191f57b747c5b9f272ba4235c5;0x18d58cfe102d4685b979ca0d2ca8e056eec8b88fe23ce883b49a20734777469a;0x589a4c1121a6cc779fc8a810edf846954419f0383599ff6b718ccea6698d1870;0x4dc985e13afd7c3128b32b1e162778cefef52f69425ff37acbb45ef3398473c9
0x9f21213d3a280857138212f6ce8592346e5c66d6,14,,1.371307,2025-12-18 16:47:11Z,2025-12-20 17:04:35Z,0xf6b843710f5e5534bde998a40a54bfeb5c86949333bd248b4644d4a5b282131b;0xe677c555d59e6f864cfd51f76a14cf9c6c5c7ee8c0b54e2a43d31c7e5ecb01a3;0xb66c588ff3eed6b915fd9a78224bdf748d4550e670ba927c72962b0815074e19;0xb3565b1390bd4b72491ec2fd0d0904fd1be0b7879cbde798ae7728bb88dc37a2
0x1597c73789e0fb857cb55b1e44348cc7fe50f790,14,,1.3615,2025-12-21 06:58:11Z,2025-12-21 07:34:59Z,0xbccf89fbb6fd6538caa935e4809247098aa5fde4dcb69186fca115269b12b1b3;0xadcd1c118da9d4a257b15b5e093cb4200971ae5be7ab119362323dfc8a1587b7;0x22cdd9ec401c398a054d00c9011f4e91d873b295781a4c505bdccd8f3208efbe;0xf24038b6af803bd9a1a947871a14ae86df014a046d73e905268a7db5831a7dda
0x137e1d18efbacd90cc717ec69c9bb7672b4477f0,13,,1.26425,2025-12-10 10:25:23Z,2025-12-10 12:33:35Z,0xa141768028da6069d3628c96791880bf51738b9f7610d0fe4aa5f292cfe866a9;0x7a93cca353aa2a938137dbaf41a72af919a0b4901c3d12e7ac3071510c4be68a;0x4eecc27fd855ef6f04f049e7efc6f9a58c6bdd8dfe67564cb46c7b791fc440bb;0xac036c885aa3434415793071271ff631ede2f46acd31e58d92165117bdab3cfd
0xda0b76cc92e94a6f972ed29c104bbe8d73c2f753,10,,0.980184,2025-12-05 02:42:47Z,2025-12-13 04:44:35Z,0x9bcc45988eac1e3b2938af188794a0d11a0282dbd9797bab2b9ae4ceb175da7a;0xd0dc71fceaeab9ad72bc963d0a5d1fcb1129e5f6fa3bc4898b73ec9b956022af;0x9859a47046057f92c01dd235c8bfd1986b6c5232a5ced4541dbca19f1a7fc468;0x5002f48113197450905e4ce2eaeb81fd4e2e11be0fe4eee23fb0036436fa738c
0x3b10acfdf41350a947d07e944e6985fa5c5557bc,10,,0.978156,2025-12-08 14:46:35Z,2025-12-10 06:02:59Z,0xd653359fdfb80fe8b44499e1aaee12a6c0fabfea73bfc0df20ca23e5845b1c19;0x2b1ed466ed8f506eb350bed4c64cfb0f32908aad08d776c24e62ad12d0369097;0xb198cbebe87d5f08eb8c8676039154e213bc103adb5bcdd6a1a0dfa0472a6836;0x4bf5142b9e7eb8e4beb5c7d2d303bf9121802b1e685796c9b8c0f815fa423394
0xe3827725410d650df0445abe735445cbd933404e,8,,0.783703,2025-12-02 19:25:35Z,2025-12-02 19:32:35Z,0x528f9a4220ac4e5a3240c65bdaed40169e7fa093bfae32e5385d620e4a69b798;0xd0c3a1bde0211b9be02663c5d4b933c962f220bab4fc0bea1258cce1d522b6d8;0x90ba5ea14aa5153078dd7fb0b500a97fe6d194bf515b12704f83515ae245cd59;0x188cfe80e12a2ea7b6122b2068efdf947341ee0ab6f7a5e6a27d05ad78b6a652
0x64181599aa6710ed78ecd726f678e54317fce895,8,,0.783152,2025-12-08 07:53:35Z,2025-12-09 13:48:23Z,0x540b85a8742f7d773e54ca4737274982b01e6c6cf533b5b265348ad366c56969;0xbefcc56e10b9c1540841754920cc0351d40e7ecb0ca030bd609f4d2b4920955a;0xac13dd1512de1c5427da9dde0e07069df15bf8ac1a71327cbd36c919a1c1e9c6;0x29a861796b9d921db4dd9e809eebfe6f098504053a79c555605f9dfd91d31fd9
0x411a8c62d55cde12d2571d02e08960966ea80406,8,,0.782503,2025-12-08 19:58:59Z,2025-12-08 20:29:35Z,0xb14bfef9eaaa8ca524c0869c1353a04867f77050bbd64a1bcb7e5abf7c7f2de7;0xd15d19eaa3bddf84a6b775739a2fab2411af5c28d2ad38c92633c4f319afbd34;0xba61d59fc1b9db4833ab66885bb66af2462e088e76aae5a8eb20b733a11c7312;0x7fc7df91ec85659ea76a4f9b33fb22a528c4c59aba65a9cf2ae63c5a1cfb8de1
0xf5e448730edd2ddc16827b45ecb35aed167e4eba,8,,0.783737,2025-12-10 04:04:35Z,2025-12-20 00:12:11Z,0x0c475881bd64ca58c147ee07e0519e3b462b1e5d55b9d84ed2f9106635967277;0x95770c9e5531a370d9cc032ce9d5e0f3b315d447770bcd8cca15dc0af9b45405;0x3400362225a3e20c293b91cd5e86e00e6e8d5aa1579ab596069b7a2ea41eeb46;0x878d8dc7d4befd0b9e8b01ceea11fba383197a35f55a6902176e0fc29740f30e
0x8eda09e46b06a23012e8e4c2fe1c4f27e7d74d88,8,,0.782904,2025-12-11 02:15:59Z,2025-12-11 02:23:23Z,0xe4718db70237c897be9ec31f0a62fb1e971d01ef7ad4e4cc8db47c228a1dffc4;0xd69b3cf4c640b5364ab1cf00e807a69b4e8ad0ccbd14ce4815bc6a2630d4d076;0x400994e48b9045bd1187cc1c40e2cfd6fcfd7a89e495e0a1f4449e80f8207f17;0x32b7a0ec85167f3eb0ff249fb3827d6febc17fafbcf397fef65a280fe0ec1e27
0xefb7fed97deb9eafdb379bdddc53dd2ca40fa213,8,,0.783043,2025-12-11 16:04:35Z,2025-12-11 16:11:47Z,0xc8915f901526ac27f22e1564196dc30b941e4e0fa0694bac91c4c1d42afb57b7;0x1fed89801cde0083c5e6a33b8b315e126816cf8e4eea8c9e1ce3c6ab081b237f;0x0a9bcb04aff8c275fea0691be8af20a2b21a6989a3b71987c2ef2d638d60a7bf;0x16166faf9189871a01e722f4c0db4cdf93cb03a5a6b75070c42b2710556bc499
0xa32647d612f1cf3fa857becf0d656dea63fc4763,8,,0.784101,2025-12-19 11:33:35Z,2025-12-19 11:52:47Z,0xc81a9247deed36386023be0f2a0ce256a1de99c51f34ed71e16ac16390ce6d7e;0x7ec015adb30f4673f8371483b36b758d72c81b8157962a317f9de39e277388a5;0xa04bea06c9930bc15cde9be0d638d0c4f959c3e39801e6a0d954d4903d880c5d;0x680c4e45ee411ae6bc84c105eb07b902acf7029e06f83964962c7473ddbe36a0
0x734f7421860d3c25b8c6fa87d87a9c75770d0876,8,,0.783623,2025-12-20 03:25:47Z,2025-12-20 04:04:11Z,0x88ec8c01b6ad65c50d943cbeb048cde0e32c51964768d37bf45745018db059df;0x6b92979eff04cebc2f7cb4b67278f9028afa2b69293c1461f16745f01a648f8d;0x14a6542184c389974c893eaa4efbdb7a4c115ca7d758095ab50b76906911b4f2;0xf4b0093970e3f9d38308b57909125616ee0d49c5b08cbdc4249fb01d9ae585ff
0xaae0e89de29d2b80e8afb764494b0dccc4f87963,8,,0.783473,2025-12-20 15:49:35Z,2025-12-20 15:56:47Z,0x6c39a633ee3c258f458bfe12578dc7f6742ba33bd4f239f94034d45e3f613728;0xf0af4782fc9bcd8650add9b50a0e2356801fc590c3a4654407867b9ec7119a74;0xc37a3a467f36df39c63e4337944d7862b40c7dc184af561af4265d091d744fb2;0xbe368540303e8fa0bcadbaf21747d7f5394e687f207e79d2c33c9035f18b4b0c
0x532cd1d88ba7e59521301c91df2ae79327281f70,7,,0.685764,2025-11-26 06:14:35Z,2025-11-26 06:21:59Z,0x7ec7da294345a4322bd36a59e504366fb15969db8d6d378ead2374f85119812c;0xdb2a6b3e4f9e0ad479679a55f8a530d5f5ce900308e49d32299b166a9e7e6bc0;0x580569b856555521f41c512f8b69597a0da28d8c5dc8a862dd8a63e61637fb96;0xc2be577bcbdb01ec3badf7a56137d7393eac3217f50dba000984218994fbb190
0x9cd64b36eedc1d68a2c40a65e9d9b712db9ce0eb,7,,0.686322,2025-11-28 09:09:47Z,2025-11-29 17:49:59Z,0x457607705fb5f47f6f535997c2760f49afa9ee2124971ec0ac321f72ca712f8e;0xcd676b0b756a00a045c7d560df10681883a60da4fbb2f79219341ba26c9e3607;0xd4ecdd0d93872365f031e96ef51f1eb55a665c2983430e7e9bdab590ef46d21c;0xd051c8f63a09f5984d99ef96fa1c6687b21094e1ed0ccf262d68c0ad8ff3345b
0x790fd138893aa2e6bc7a31ddb4ad64dfd927b1d8,7,,0.685201,2025-12-07 23:16:35Z,2025-12-08 00:29:35Z,0xeaa9c2c7173b35937f178e116938012088121bf9a1ac3607e139610ba90ab98d;0x680b7402d43cfcbf50a923bdf81b07a7cb540fedff7df243ce3b66044c115d84;0xd08e90618d7044105e2b86075b79b9d02e2881f5e2268b6d379dcd499d0b34f7;0xcf42355c49d333c0af7a221fcf02470e46452a7213270ae87e169d867e4bed5b
0x44838d22fbca24033f2abe2cf3429518bfe41585,7,,0.685722,2025-12-11 04:17:35Z,2025-12-11 04:26:59Z,0xcff8149f5b0b81a1108c7a53e8883691e62e12e1106d3de1bcd82de2186b4866;0xaa49e8756cf59683f84b979e99e4eab466743dace2fbbb4229b83b5bb5b4bd0c;0xeb6e8230ba8769b03e00368b375022c021b2b25736ad4102c4854c8092c3115d;0x022b4c6c01df7e0a5fa011639b0fabddad584a86319e284765be6063bf5dd6ed
0xece3b30ae77460335c01611c04bce94d9357c721,7,,0.685491,2025-12-15 07:51:11Z,2025-12-15 07:57:11Z,0xd1f10f445db2ca410f8e9151eeedaa7a267d3f2feca9e00eace74c185e680036;0x58435219cc489cf17d99e525db00bd17dd28b3cd67f0b9b0705633208263b4cc;0x428a276309ff88e3376e2e7e8f4a60ce5a28be767d4d9418c2a81c7cf60d260b;0x9823f9e1be0c1778afc66b53da8a3754192d50e3d2990069335fd131785c469a
0xc4bcd2b206822b9df6abd1c96059ef727ce608ec,7,,0.68382,2025-12-19 12:08:35Z,2025-12-19 12:16:11Z,0x1498c8a70bba6e06616980c8186cc7e92be1a94d474ff0eee856b127b6a0a6b9;0xcaacfd92b77558972d2e23476afd576d50ca8d9fd24af793140e67063e6b0713;0x583ba108508ee0900c0e48a2b04f549d8b190668c94d218730769001467c0d70;0x371458882f19adb0e24262d8fc9edff2ab3704d98c3b924e005cad540e8e2123
0x4066639e492580feb891fae486b5d1c999501eb3,6,,0.587774,2025-11-30 19:20:35Z,2025-11-30 19:31:23Z,0xf6766f149c983888d24c097554c5a62011bc948f0107ef3dddc634ce4ca5b161;0x30159f68f10d722f3aaf7bf4551460fae7e5ecabcc3760c52c89ae6fac1d8439;0x09f21ceff72220197298f89430cf10c4206493b6d9f078e0cb5ddd031d045505;0xc213f69b94faa72bd9214efbf79b4c01077639eb54b0c73f3ce8b167ce832b5a
0x9242e8e13d9e0ac5c6877959dc0adfbec6aedf0d,6,,0.587861,2025-12-01 08:07:11Z,2025-12-09 03:43:35Z,0x7d6270ce378341a225f334c949ccb7077799f745f58d0be9e9040d97d8307d17;0x9e477e8307366d6be52bfddb2fecace381b0299092b35317d407024c95126319;0xdfd1aab21fd2cecfdf19aaa1db38e3e1d11cd541f43eafc3509bfad9624b82ee;0x45f279e9795e8d23100da9e63096963b9967134f4ca0120e018e688349b9f372
0x42586c2effa6ac49d326a58f56a0ff4ab114987c,6,,0.587624,2025-12-03 21:59:47Z,2025-12-03 22:04:59Z,0x4273a73bc58efef676dce06d0a84827c0fd426320bdcf984639450c28a42ab14;0xe2049e6b69afcf902a3685e2ddf40daf485571015b6eba6c96383c11993335bb;0xf542e45be875c7dc2d205054e0278d2f657e77b25ee5c47d4028c128f417f1e4;0xefde61cebec0f0597124c1ebae8c6dd894c27d619f20fe609c4db6423aa37a20
0xcd7004cd01e922bec63446949c664ca1527c83af,6,,0.587783,2025-12-04 06:22:23Z,2025-12-04 06:27:59Z,0x837bb5ba8c53114d3be960cd6a7de47b808be31ea2b4b6715db19a7fdd30e984;0xcc4f3023f91d52d9f82a7814a7ec9cf62cf49f53051fb18e6ac7819d8c447bf7;0x25ece6454dd3b56222173f6c60642626acc5e141f3920603e1e0504a615743e1;0x3b7beb1d29ab7729c937b707bd4828acfa7e6e4f9b8b9c043c911f5bd1c0a61e
0xfdcde5c7ff38485e0546f75143c8286717391335,6,,0.5867,2025-12-07 00:11:11Z,2025-12-07 16:42:47Z,0x2f06efeb1e4cbdaed9169995b0a65bfd94bc676f4ba2d609158e345b11f1fc7e;0xeea094382bb3b50e323a8154e733236164cd978fd42a1ed6d5c152ab836dac01;0x4346bcdf7afbbc622e842e318d1e391094f337a50b7b5273e19086f9dc94fbe9;0x6323fe70b33aa1cdb6a548fcbdbf6cc0a87dacecd786e9b7bb8c25a4fcba412f
0x84af9d729d39b9ae4e4863663a586d5ceefbc44a,6,,0.587906,2025-12-10 16:20:59Z,2025-12-11 08:44:47Z,0x161c4c24a8890ee4bef15c09bec8ff798c10f1aa9f9ba461ecd1cf4d1cd6ff8d;0x5764cfe999708665e0e4f9f458c16597a666a4bbd5ef82483ccb44b1340b9771;0x93939f2f82e8a632c6322c603bcd35ba6f6d00ee418bd5987fc63716d67a567b;0x71df8adc47d57d8217dc157c7b2fb4b181caf9f691790bef093010b623e91913
0xdbe25609d468b79de529ae87448395b820faa363,6,,0.587318,2025-12-11 12:05:35Z,2025-12-11 12:17:11Z,0x9a795bbdabe45d6107cfb41641d2871862532075f34985f77a7622955831bdc6;0x78dcc1a9b4cfdc42a579a137db5f1d32af02eb4f445d3485761ae9b2d62cfa48;0x442a3d9a0692904cf436cd24d6af2aa6b3cfe1c1734f0ec9c18f43ac3fcb1fb4;0xd82b95a7a127c6ef6543abd65d8bbc47b108693408b346146a09082c7e57a853
0x13744619aac4099a239a7d3c07c42e98cdfb4659,6,,0.587669,2025-12-15 14:46:59Z,2025-12-15 15:17:35Z,0x06077f144fd17f180630430d6689e019232148d80a0f831319bcb774108a9459;0x91bb50afaa9c3500788e7abefe2a4c8d7e05b00ee10216cb5566b6c294ddc109;0xd5dd63ddc46164c44ce87531e7c57d8e266e893b765980974db3bf251f0d5dc0;0x56eb5f1366356d33a1288a5ccccf61aa31d3523fc64468d3570762a557565fe8
0x5606712a1b792bf3484357a5bfafdbd43cdb711e,6,,0.587728,2025-12-18 16:55:11Z,2025-12-18 17:03:35Z,0xc5d5e423d3bddc5cae3b20282498c88d793e37d740c8ee4e02fd743bd815dba6;0x1679b8c555f42db5d1c0211940b8f3d1e912519370dace09497ff981d3b485ed;0xd0804d54ca4df99bd83e5ce72a95d90d5d8bc7d32b4f05e06248f7a9ba017821;0x9129b35a6bac1492b8a241328e1cbdbada3dff8913b0b9200a75a7a79cf1d86f
0xc4d8713924642147fd691b67fc2dc49466ade691,6,,0.587881,2025-12-18 16:57:11Z,2025-12-19 04:22:23Z,0x52f07902d01f2ed7f31cebdfa4dfc8a4530ab70cbb7e2b0b6f514f63b0c1caaf;0xdfc129a2b59b33b889dd3af35e32ae72570faab75ba8ddcf5503749842290579;0xce5dba9bc571085fc3cd06b927fee2d3b978157b86d2d5ddf70a6e1cdfed084b;0xe3084e3c2abf232b930b0d8328e3bf82b91fa483685e8587e6b6f041b09a144f
0xf4c9bcff0a21613596b38ad0ee8cf5198835bb96,6,,0.585332,2025-12-19 14:45:47Z,2025-12-19 14:49:11Z,0xb22b5c64c9543435c5daf911991d3a67950ea049c9fe66fa661160914cce8877;0xdd3830e9c24f45c5c3a689fb2b946f009b8e613414335a4c32873f745c1f212d;0xbc97d011ff945ca0bbcd8080a79675e5207a78f6e9c29bec9332b999ab3ba300;0xeb1a77dae025b34559be31145c66624ca4b75253f6deba262c5d2de43479711a
0x8d3ef46fd438b8cfb46c2dbe735314c9bde4ebcd,5,,0.489391,2025-11-23 21:07:59Z,2025-11-23 21:14:35Z,0xb0035cfcc49184e6b899861cda74ba3b3a52945b357784cfe6a36f295241e150;0xca63cbf4441f559ff05c0e2ded36fd8ba7828798fd2e8514c312fdaa8df66deb;0x29c60db464f8804c0f3bea01e0ce2dceea382864c2c6b8775ff23b7ef7be4a56;0x8b57c5dc2bb57189adffbe156d39ddac60e678eec97efc91a35d4b90145c7d19
0x918fd2f7589b6272ab116e834101f9b4bc2c0766,5,,0.489529,2025-11-23 23:30:23Z,2025-11-23 23:56:59Z,0xf300dfdd2ab0f2e4f5ac1e0f12c62f1a739bf5a0b484b968a7d4b572ce2c7b5b;0x76a8e5f6306c39d4deab821c2d45bbc90a29c85f92ebc33df9a57bd3ef6979f7;0x03f2d12dd43ff01477358c143c663dcd0a3d542ee40ef17899e1b9cff973bec9;0x8ae8b017637e2ec145f06023d366164b5d7fd7a8ae86f8d148b8b90b912d223a
0xe1b2356fc5ce22b63e4aabc07f1223fc4a8e0f04,5,,0.490041,2025-11-26 05:21:59Z,2025-12-20 09:32:59Z,0xd1739180af9147e99e079d35666a22eb957578a92f1ec91c530b7767e2def87d;0x3c5be32b7799fc7ccccee24850fc3b1e29b2b2bfbc52f3bbc230a2dacee0ee51;0x429a2d2eed73e0b266836fbbb2f2471756083850fc23d93aa155ab60185852d2;0x791d21997486cca3d313b6a0084967f5c7335322477e25e601828cf958d88c7f
0x87766c7569baacd6f735693a6186e2d304ba14a2,5,,0.48976,2025-12-01 08:25:59Z,2025-12-01 08:39:35Z,0x204a9c25d74a5252a1c732e7a7e8ac99b026a5c2e1b3f03066e4d877a5c3b810;0x92b4c8e7f8d8243acb982525ab7cb5fbdc2f15b426724f35215e439a60d67d6f;0x21e82d1253f2baadd29e32ffc7e52c23019eebb4899acd3f2f6720ece305bcb6;0x65a41b95b4cffb746b6aff07c6b9111bc5b3a68f348bb695381a6e2f737da313
0xc15a2a355cea5c79dbb55bd2e4324c7c1cef1fd5,5,,0.489328,2025-12-04 07:48:11Z,2025-12-19 16:01:11Z,0x5b87ae8540b8320742b93faeaeac95a4c46149696a37578395721592d9256a14;0xc22aae24dae05ed850b5a599a4fda29f6a4ae9e127850f52738ba66a593559e3;0x7fb8aa764cdfef08bdc17998aa97f7a69d4d9a598bdb42864eaadeb32db9a13a;0x46ec8c9579c8e2c749e1ab790c2b0fff7dc393053faeeeace760eff47f160f97
0x503f4c20a7e0a11c31b7b36ac5aa8dd10b798272,5,,0.489399,2025-12-07 19:42:23Z,2025-12-12 14:57:11Z,0x29046a97c1842f066afcc59f66cea5f2e700b3847ff8cfa9c0320ef0ebe97d8f;0x332b60135f21530173388fe95a8a7f1010b7a6d3aa97f22ce14928c90e4041f0;0xc82b344056ed40ed967da241e51099507b494c7912194ea4e3e163347036e3cc;0x76aba551276baecafe44d685e3e96a7ce79abe62090bfd588a34b76ce2749454
0x18cb4cc4bf8e59b986538338eb525ff6d3c05d29,5,,0.489209,2025-12-10 15:13:35Z,2025-12-10 15:40:59Z,0x89e8681842af6ed455c2ad9f296d1da47ef2eb005a4bfd80b99d9584327cf074;0x748d1a69790473f2050dc8bb3dc31245150d03276ed8f74996d0f457c648cb0a;0xe2f16ae3d66e2dc9643c555c4857334b28873aef75e07cb2eda656b860932e89;0xd06a4e9f4bbbcd44be5f943ed7d6bafd374bacb86f5db20dfb6e98d9beb41f2d
0x4fcd5c8b4f4b20235f64b41102707a045ca7331e,5,,0.490427,2025-12-11 15:07:59Z,2025-12-21 20:44:59Z,0x6c7a82a14e1558fd0fe62621be2f21731288975067530c09c55987db0fc1ca2e;0x116f8790d35d43d9ce488c8a3816d0387201f4c5a8efb7258bbf43f8f7ed31bf;0xe24adc6718015d9187e2b56ae9edb53e04ce0b907646992264c6263793cfd836;0x73652f622f8dc57fc0c076e781d5f5eca8605808953663995238bd977828563a
0xa3a229915f62ba4f16c4a21406aff78ef5949eb1,5,,0.489721,2025-12-13 04:20:11Z,2025-12-13 04:38:11Z,0x3b133696e88117fcd0295b26e660848a664f4e532ee94f27e6f382a05f1915d2;0x3c5a6ed9e5c9cbc14f5bb9398bd4fe79866bc8cc83a30ee1e274d6767ae5d22b;0x5bca5ed3326a11da01fb5737db6c43a414ebbca6f943736ec09c37a5aad416a8;0xf1697c87f28635b49432f3dcdd86f286ac361a2027b918b7c897d05834db87e8
0x3546ae880f1f6ee790864b43f049d2478e42dc12,5,,0.489764,2025-12-18 11:11:23Z,2025-12-18 11:18:11Z,0xc055d83a1f1794eb00f0f8dd1fcbeff7b557ec5b0d6f443403e3065a3ecb53a8;0x818632cfc90b11724289e77e14143c06dd83c34b103e660f8cad26f53528df6b;0xb90917a72b6e43b38e68177bd32fce6214bb812bdcd40e90344572bb1dadac85;0x8f78374e357fc8019ba7a4e1075592644a353ee06f11f6dd689aa0146db4a35f
0x81226e2af34bc84aca82fa78ca693176365efc35,5,,0.489793,2025-12-19 01:45:59Z,2025-12-19 01:55:11Z,0x6d834a856de8a4f86c5823f9e7e743dd75327d2d378790bf54eafb2071d9ff2f;0x023eff1282e2f198a0bde6ec59a5453935d882c91217da1a88d49765573e2622;0xf48ccc7e98a9901c8d3d57795dcdb924ceb6d1697a77f1e07beff13fc2dfc758;0x872ee54e7678cc3d94a830d4e803f6c53ecb5dbdd4ef9fb397b2d6ceba0c1b1a
0x4d44d186e293dc94218e8a7fda1a1736b4e55087,5,,0.489872,2025-12-19 07:13:59Z,2025-12-19 07:42:35Z,0xaf4d320fc9a136058d4df24fb62ec7a713c79150fba70939e0003c0f47a15d36;0x86fbaa146a33c62667c98d10b14c0d46d9367a02a84bc4e3b5e080fd449038fd;0xfe054ae4c6e135e20b9dede5f3417865629f7423d80081d33ed96a164d47eb8b;0x6f9bf3aab1bf8c3de06a1d6d37b6cd448ebdd7500b1bf946d74b4d9f16a0747c
0x04abb516deb2c4be55059842e830ef9726f073e7,5,,0.489795,2025-12-19 10:50:35Z,2025-12-19 11:19:35Z,0xc90d8503bd71fb87f6122d6f225f03d0a297c3de5add02898c501988c345586f;0xf8c4dee01b5a0a3f2b406d28597fddeba22724c9c196dad1a519660940729b22;0x5038826f6dfbd03a4baa4a7adf432ae0448e93bb91a007d6d8fc4df2ebb8c5f5;0xe6adb4b0cf094594842f4b807bce7444febc427a7c588ed0e573a67285bd432a
0xc374fa75289e729f90451a71affd7bba3a8b1f37,5,,0.490173,2025-12-21 14:52:23Z,2025-12-21 14:56:35Z,0x533968e1cebefbdebb6946bb4f99a6cd592823784ba55fe3ed87dee4e0a3a732;0x0ec3c0c517e4ce8b16bc0f3cdb21df34c59e11a5ead4263d39da5b2ab7f7ede7;0x9952d97c194eea6cf7310613b71435601e64ee0af586d7bffc7c3bc98b841bdc;0xe7e8a9c835a4d516167ad8f5546c07a8e550922b96d59544380669f7347e1537
0xfecab73881cc94214cd81886c386e728ef0e283b,4,,0.391734,2025-11-23 20:55:47Z,2025-11-23 20:58:47Z,0xbbe1fd2dd50663a075a622d1c261a47adcef5dfa51c87c115033efb9cbaa977e;0x27706bcff863f88eedaadad5a9ac49ee52308b802b3c5b0efa1f4edc530bb588;0x09b0e4455848e1cb3e44472e84b579ed3ea219ce190d5bdc7cdc982a88a798b4;0xe6ab5c82005a1089b8cdc7b8c5af1ca0aa9df9a12418ddc7ea663975e03112c7
0x891b79301b0e86489075c24e58a04fefb4a19a1b,4,,0.391707,2025-11-25 09:20:59Z,2025-11-25 09:33:23Z,0x7b7dc6f421c17fa05fc58791ffe999ed9d319bac4a36132d78cf21aa188a285d;0x5a286599c39b341064804d2a0086ced975a0eeb2334a3519538480e48db38da0;0xcca44d14a11300274e2eeff0e5532cbf172e50dbd1b94d2529ad58c283c151d4;0xcb3f4b31f19beb62397192552a30c070c1360e66306ec705ee1ce4125eca9806
0xbe1d86434d103ff3c36b71d635e51a5d0ad2c793,4,,0.391422,2025-11-25 18:04:11Z,2025-11-25 18:06:11Z,0x781ada15c564ee4719468c41d8d2c10be0900d41569e0a208da2f1e538a6676a;0xf9cc7a05c10f59ff69f5efc65d5c06527501a6f92c2424073c1306efec4133d1;0xdc3be589605cd564fadbd122b6c37f2614943111af90243278cb7d031dce4e03;0x500ce07a02c36764e3ba54a1bdf5b480243333e58ea7d6c079836a5dc25fcc4d
0x40172b378e37d087e09551bcf94b36b4ea2c1efa,4,,0.391549,2025-11-26 05:02:35Z,2025-11-26 05:06:23Z,0x07e7c22597cf8e37cfcc33695c4cb331d3ea3af7ebdee4d6ab3aabcfab8fdd9a;0x609d85dd22d76b34b834b2b7ed0685711244cedfbe1b379899eecfe5ce5295f7;0xbab16d7ffb9b25730d374d1c93014beae5d507d12bc6c7249a37300f86efda4d;0x08c9eb804155d948e4c09a046e8632e29b392a598d3f75ad299e355efe63a91b
0xb8661f9aca51c62dd2ccebfcbf9a865e924efe31,4,,0.391411,2025-11-28 14:37:23Z,2025-12-01 13:46:47Z,0xaab687c16f36474f383065cafcbd07361d7690b48c11a5e3d1abefbc00cfce72;0x4a4c4fb78703648374212a556e70bde8533656ae80c3079f5756e99828c3e1e5;0x68b478832e26db2849ca1511d2de2f6c6482c020f20d8d6c18af7fa8ee9f2130;0xf36563927e6b5a6a339afca9088fb1b4cd3e2256e0fd9c1872a1dfdc530cab75
0x8f9bc16b063824b9d19bfadfa4f5cddd4efc9a46,4,,0.391594,2025-12-01 12:06:11Z,2025-12-01 12:36:59Z,0x879ed4c1f3521320ec3c78fc5eadb53032f1ce45b49e79cee4ba53bd2a314251;0xef3d61e06a2e1454653400d664ac19c7c1dfb1474e1eb0f1335bdab30cf9c5fc;0x4832f3024162f71e58bc324f6d9992437f43fb5374ecd817795f2db56b877b98;0xb7123d488d9240521701fb0ebe969810107f301538b7836c9a47ab2a054b28c6
0x14b666cdee72b2568557d6f6ad374b86edd22379,4,,0.391737,2025-12-01 12:31:59Z,2025-12-01 12:39:47Z,0x89c7ca70fb395ff274b227ce8fbc26bd5328d361d44870db9f7cf05e0d3f832d;0xa63fb001c2ce19b6da018dd1cc529bcd2d95453ef4090643f5fa03c87033904a;0x24c8ed8038af7acbd87eb32113d6f215c775c627e76225a47b5e61247ec3b58e;0x2bc9f4da20f2ce183d7d279ca3085d8682c24f7aa3f3aefd81fcb121169932eb
0x3529f011f320f3b71d9d3a5c96d9dd9a00c115dd,4,,0.391476,2025-12-02 14:35:11Z,2025-12-13 17:13:47Z,0x0c5addb0af0b75fa01f37f51d6ce7d9cf752f4f4aa9a193be3fa2a362608f53d;0x705b69c127a4b227e90ece0799dfc6f6d957e76b840259c7bfe7698f6520ff4e;0x172e8da181dfa9963b3eaf010ccaf8256d5570567dcd0118ff3f5982c3db5b98;0x58f688083dfad8f560882ab6afc77ddb34427bfa4ada9d510c64c82ed21b08c1
0x1d3d47d11007e5133a68ba79ca95799cf3b83eaa,4,,0.39132,2025-12-03 23:22:47Z,2025-12-09 16:05:35Z,0x26e37600f7c06e94e2f5a95260610d15c2208f49aa661cf5a3979b23e27f5377;0x2cca473f3b3df619c38dd9303d7298d19a2bc9deeb71b5021b46876255e265db;0x46f333aedd235bc8738aaa63f87e5f08b2a29821c0fd44a5b5179d605e298270;0x3cfd51f2cbff795732985b665b66f64750636c68be7fa320f2428aee42e7c27d
0x7ce94f0e4683940a804d864b156d9203412d3192,4,,0.391765,2025-12-04 17:59:59Z,2025-12-04 18:08:23Z,0x90e3bd6bfe9aa14d8bcbf890bc3a097655c385574b21985711d3d35e54ed09e8;0xb1574ba2f461896b4b12ebbbfefde3e317e17f9201a756f557ae2b0b7f826b2a;0x32749986282cae5f30335419077fd90cfc5fe22d44164aa5c872cc24a29f04ba;0x8ba2196783bb2a3f2d5830f618eba1c436cc3b848172499db2c4a90de2adce22
0xc0767b0d8036501f2eba429efdbd2eb392010038,4,,0.391004,2025-12-07 04:17:11Z,2025-12-07 04:20:11Z,0xf68507951cc41cd0e8dc969e5f25627315eecc3ffe58ad0bd810d3377ab8de20;0x3753927e9193c33484f6256fc4048ff00f96494235de91f01072fdf76f528f5c;0xde7bb8898f389baa468ebe16af62be9c4b6314f6dacb7d5d0796b2b3505b2dc3;0x7e5005ff2970a41bbdf6d14d1f6d1ab3b2b8dac45edc5a68fbb2b70f258f17db
0x6bf9e80d80ee3ef3479e8c31bced599e3e4750b5,4,,0.391966,2025-12-10 00:52:59Z,2025-12-13 05:20:11Z,0x35b1210a3f331e8dab2658ff17002b46a2fa975c74cb833e83c9ecd73ffee4a0;0xdc030e7f57c62e8f93504e94faa6c7341e8836cabe7658d1f6646c2c5b1f66b5;0x2c6218eeab7f9a4717fe695f590530d790619e6b8c673a689f0ff492e32f3011;0xbc26871cc2eef968d64cefae76bc00d932daebc5dc7334cb765b89b80f7f9f6a
0x207dfb03713055a57ef6f7760bee2462ef221cac,4,,0.390568,2025-12-10 09:09:47Z,2025-12-10 09:12:47Z,0x26df50ccc0026f71f6859aa2e47d5c589b79eece16bad022a6261f653e9d62db;0x58406f33cc1b69e34dc9c537e993806ea5616a41513f76ddb802830f96318502;0xd4715f9b1096df0bcc4cafc0364c341ec5e2463df3b493ec90d00854422524b5;0x6877de5064160e7843392ddb05b42201fca55ec6732b631fb4c77017ae0ce724
0xb51fafe3021837146c6e59a07f847e3efe6cce97,4,,0.392109,2025-12-15 02:04:35Z,2025-12-15 05:56:59Z,0x9ecbb5323faaca51e16057e3c2b47047a47d3722616e37b158e4b451a1b5b786;0x0f902d1cb22dc3cd09393b0e077cd0ca998be9e763d58889911ff7283ea66f03;0x87c2cb5a1d0c26a34e3c8f35fdaf42fafca2278934f12f931468e20dcd9e838a;0xa69b4bfdfc5599c34bf4c3ccdacf231859d997ec0e49b794d0c6339ae99407ed
0x4f6bc0893f11ed7e9f38c270c92bd86c4520008d,4,,0.391568,2025-12-15 20:12:59Z,2025-12-15 20:14:47Z,0xed492d63d7f5624c02ff9db5cc772e7bdd9b31d6f9e1a3a3d8580483951ec8a9;0x4b0bdd74d4fd66a5d0e08322e29f1d693c282f438473219b7255fda6b678b32a;0x4cc9cd9929c7d1a0af18676fe3dd1e5ed9a06f8ea0971acb7a8d45431fe942e3;0x97781c09606618e2f5e7e48a9209efe8a42cd637f20730f9a3a0f698337e340a
0x040f3ce375af27f9d4733983cc3e0521c5070008,4,,0.391671,2025-12-15 22:58:47Z,2025-12-15 23:11:11Z,0x9f20538f84ab713c37092583df8a98ddcb32f4b0b30dedbe3f5a83d21f028e1b;0x24fbfb7280dd72a764f9fb73b89883c3207193ce5343cf36405352b892b66cfe;0x4fc7cd3ceb0256be84817fd8e46d59c4a53cfb90b10a1b1c62dabcabc9abf990;0x1aa31e5f7f2ed7cd92207c7c6206398f39adab93ce67bbfa94e5287354f7574d
0xd0ca64d06babb38100fc550d329fde34058dc5ec,4,,0.391791,2025-12-18 18:59:59Z,2025-12-18 19:05:11Z,0x664f71d1133666a77f9bb92859024e4774b4afa5a9111118750a59fca5db1209;0x4765705fb5c21e9e18db56f3eaf400c99e9a6d24cd9c518efca3ef85c80959ff;0xb0e27489ddda36a158df53a97397765f8ac59ceae92042e474a1dfd6f5ecf6aa;0x102cd5490fe078527ddde58b07b869ec58f3422d9f90d0b70b2a80871026a603
0xac0dd8e228658dc3399fd886ccc4883eb627a0c0,4,,0.391681,2025-12-20 04:02:47Z,2025-12-21 21:32:11Z,0xbcba7c0c935f8a88e9f6838920267e722ab7b99e83fba09ad793849a82791ef3;0xbc90141d9e015b444ae877a8cb5a4a88beb052815400212808e59036061e68e5;0xfc325d626db3a84590495309f08f78e5baf7834f45882e5e1bd4d2c9faca90a6;0x641000e5a98d309853b3980546d4a88a3f65dd27242a01ed35c0a60c9a773bcf
0x345cd6cf08ccf5e6410a172b0eb86ff26cade72e,4,,0.391624,2025-12-20 19:04:11Z,2025-12-20 19:09:47Z,0xaf865e704c4bfdce1e358623363b4f351bd6e24ecefc37fc7da73dea46750bfc;0xf455002784f412b52e927946fb9df10b7d7a73933e9b0ebb608146f7b5494e57;0xb04db7325cdd2d53d935874632108021617632418bf34ea5b6dee03c2a104d8a;0x5da79b20f9adb3d97d584cd72c2517cb587e1679819ae5cc4ddacce0f4bbb6e3
0x2aa2948bb84dd18ff333578c3b1cf94203358363,3,,0.293665,2025-11-23 05:18:59Z,2025-11-25 11:11:47Z,0x94f87c03959b79c3e7af626453c367ce4af56ca00a28f935e813e87b94c99b6e;0xe3162d1d7c77a9073ca4f728331c70d699d41bc5d858f18283a6eab5104d8790;0xd2335ee40113432d82cfc1c2ba1f6c318743f01ed1bc58c8a34e7bc71847b29f
0xe16378f8e1b779135e9ebac6ade2edcbe6c7aa44,3,,0.293547,2025-11-23 13:59:23Z,2025-11-24 14:02:35Z,0x69180cb03195106abc04e3d5d0ce54f950e104e2e85dbca5af9d5c5de830e188;0x16451607197bebfb1d286f7894f57f1ba5a48306e6d2311256c506506515be27;0xa212a66c7ae72259e26cbfdfd3198f7f9f42b45f9dcc21ff43f05bad1eac960b
0xb6d3253d94760c5f6a0ccc7a43110c15dc301f9f,3,,0.293806,2025-11-24 04:10:11Z,2025-11-24 04:12:11Z,0x68b8e665674d8697dc5a71c0fff97f3c697b85744d5fd959ce99d707e132b47f;0xbef314a950a725111bcdc7ee1c8c4d50a32f6fcd66300de28668cd3cbb462251;0x981c7090202e7bc3eddf19c79203b00af62bc15a615c3a7d8a8426e19d07d265
0xa21a80549ce4b778c314af41399edd6e49b19168,3,,0.29382,2025-11-25 09:58:47Z,2025-11-25 10:05:47Z,0x862cc9a4a1082d6eb30e6977076523fbff27cc4a2d20db41675b63a924adee66;0xd62501727dff83598c3eb0fa29f127ee8fdb3550f41cfa189857b15fc851d3da;0x4cbff6a6923e620a3ef8cf4574dd24e41e116951e8ae3ae1f8e70179c69b9576
0x3e38c0568bb46aa76aa7b5ad67562442ee93dafc,3,,0.293656,2025-11-26 20:01:59Z,2025-12-10 19:54:35Z,0x3630f0a0993b815ea4a9957ba742bd073f90b7de0d236d644877946aee43010b;0x086e821376702012410d81e46ffef28352dc826458f59ed1344d4b519524755e;0x3b748cf87a520c36facd4abf02d4d0f99fce1025312d40f6b363fc87b0209b78
0x3d96683106316f559ffb70a53cdab1b4d79bd05f,3,,0.293672,2025-11-26 22:47:11Z,2025-11-26 22:50:35Z,0x3ee2454c47f6dc0bd364906d7c276ef3a53d7f3480770880e23125e45c542e8e;0x6f4ce81d56882f21d083251d60d84964468a0ca1cf4bd53f4b407add8bc2dadf;0x6e87970ba1aa08cf5a0b782f19e5219780a15c226db338f9ba4f99a0ee9a1060
0x353ebb2b31e8160889810e615ecec99332467bbe,3,,0.293569,2025-12-01 09:00:23Z,2025-12-01 16:15:23Z,0xdf6f52e7054e3696ef67f6d723f9ad483513b8a130270a30b83c84a02b1072ed;0xc291e4d0f8d0d779634075c6ce244aaeaa24bd711b2c956ce756153464f622bd;0x53549aedccd6a72256cda14020780b3efe4d0ddaad4256b13872868a977f4f89
0x053ff9a5cb9d9bf33bf2aefc1975650d4c7cf015,3,,0.29292,2025-12-01 16:31:59Z,2025-12-01 16:34:35Z,0x092fec01de6eee16fd96ea38bde736bd2fe3f916a438936dfef3a4e0c5a91877;0x60fe33238ce10d12deb4a967c332d35853a0829a3c081e9a52f58cf4748154f7;0xb4a159f5da6df0aa837d5b0afcbf178584e4f558ecbc4144a501c3f198df485f
0x041c68ef58b85ef8f209ef966979458c6ae48f70,3,,0.29415,2025-12-02 22:48:59Z,2025-12-02 22:50:59Z,0x83ae8dd08d27d84c26037b0ac015ef1fc0e0d55e59484e2102c40d8d2fb93cd3;0xf8ead8ee0347a204d00a53e40c34520e508edafcc6828470adabfbdd8d8e2d85;0xaf02ab5d40d793630da40dd26c48670967edc23302b70d0b2c8255c115f981e0
0xc14ff29f6d595816e960dee2f5ad9681a1ed772f,3,,0.293894,2025-12-03 13:10:35Z,2025-12-03 13:15:11Z,0xdb7d51b4773ef30433440f20b08358fc2bb20c8146e3d32da1a702550a83e953;0x77e7accfc7dcff6545bcee49fb5b04e88379027023b7f713cf34f5a7bfa10a40;0xfc07afd7b35ac10607d4ebdad6f33a87a44c907ae0084f3cf9f836958b3c3052
0x98d3156720432743488ff72b13ede8ba849635c7,3,,0.293871,2025-12-04 16:54:47Z,2025-12-06 13:11:47Z,0xf74369f3e6e292cde7f98625e27b36718634b8c4ea24c1d65b3990d7513003fa;0x0bad581106d73b03a012253a0adaa806107de208e4a1a277dc7bb6493995b017;0xdb6321e036f41cb9c0e0b1fe82ff6afbadd74c92f967ff224816d403b3d7371c
0x536bc085985f824d5e953566ce99b5248091fce9,3,,0.293812,2025-12-05 13:44:11Z,2025-12-05 15:29:47Z,0x80b357cbf774e280281aa6277ac391fce61ed28e162c61392c3938607c82ee1a;0x2d6b6dc207d3dd889630e62f99fbb3715cb0f9254c8a493bcd8d114aecfc5c01;0x4ea276202e10377105e36d0f60a02d417930ab332878fb910a28980557e5d1c0
0x8a57b3d2f2d187eb552ff08527161965e69c2393,3,,0.293728,2025-12-06 23:28:23Z,2025-12-07 00:21:11Z,0x4f82859fd24bdae03a06bc9f3c85e5d12ac08134f8ec83f876437c0b0c6270a1;0xfcca92bd57f7a3237e1ac5ed1267086266b24fbcf10e4d4046afee4cc58007b2;0xbf22e2c5866c29eec53b738ab76e73086e5b198ab6f09d81f477dd17770b1e60
0x6d7abc5e1b91c54889247878680f2be41c77e3bb,3,,0.293494,2025-12-07 13:43:23Z,2025-12-07 13:45:47Z,0x0cd544d60735272aa1fdfbd0dc4afecebd102cc98487f85ae1669cfe28c0314b;0xb3eee93d463bd243b9228b36af2bfac85a48a197e2f5a3de7c18a5d55763e96c;0xb4148fc0ed81814ffadb3be8397a7e0016f472749848615e9d19408ea2ea787f
0x3669c4d752d5eec630be19ca842f788857924f60,3,,0.29371,2025-12-08 01:32:23Z,2025-12-09 12:10:59Z,0x145982b89213885d3e49c60be07e133e5ad67949ef176a6a3b27cfd75208f841;0x300aa336943f943f2634b4af5956cb8bf13037049b40e4d5bc122c6f14673c34;0x2a97e79e432b088dff379621a65e539a07e2d8c6b9cfa432d89ebf5aa68bcd33
0x4d095732b00b12c6adcea757a30d720baa70f69c,3,,0.293987,2025-12-12 06:56:35Z,2025-12-12 07:36:47Z,0x080dfe46a1ddb14675683b0903ed9be76c1ffeec9996a0b0de39d58c4038402e;0x91b19d847413b19107fd3cae6cc25a528e9c552028cc1fd6acf4ae3b175089bd;0x2a91c80cc3951944bf0b39f91dcd4039e892463d2c3a4bfbf1da47eb499af3f9
0xd9c56e42729979aa08216065174d14bdd9777ad8,3,,0.293734,2025-12-16 23:44:35Z,2025-12-18 08:48:47Z,0xc8613b7e47e12605896af8bbe77e1b0aab9cfb4f312951e1e3901d53bc2be5f9;0x14e9ef8cd2af814df18da211841881d44eb6bb3dd38d8997c0ef49bc727a5f80;0x56b2f4478a5d9a5207d91ff4c9c57879d81846a43138e736134b229f1735baed
0x403aad4641ce3702921e7e683599e90fda01ed53,3,,0.293824,2025-12-17 04:05:11Z,2025-12-17 04:47:35Z,0xda57977760f9ebb61c1209e5d9b98c8c4f7733f809b55dc32eaf885c1ddff20b;0x49f593be503fde599c3bb7e3a264c03a469209d39f71b1f909c38430a2241c60;0xc6c12c99fa58713f141731fe92e81fd07e19d11762b7907bf20755503d313c42
0xfaea79e58bfca2847953ea0003ee4be8d5d13d44,3,,0.293918,2025-12-17 08:26:47Z,2025-12-17 08:29:23Z,0x27113da50c27f9d12d76242a3a69d361241dcae53e393442289456bd3fe6500c;0xf0b102045c5b25adc7a12996d624804a2a4e7b62293a48ed7feb7c8f9e056b11;0x00870a18a2ddf5c08bb42463c518bdf0d62c0999cf2f1e84598399647abb637c
0x5b3422af9ea50ee882676bb2de4a77bf84bb922b,3,,0.293846,2025-12-19 11:55:35Z,2025-12-19 11:59:11Z,0x02aba462b1b6f170c21f13c1a8f54ef62587f0a30c8c9ad1b1a7bebdc75328e8;0xd83b047f097b9230a733f073282f2ce9e97978f624d3ee9a8ec515956b3e0274;0x47b80aa15aac1ba3fff852e2998a62dfb6ab7a2e43957ce418ce39f0b59a51be
0x00cab815a2f2e5aaf584ead509f2717d038ee84d,3,,0.293925,2025-12-21 01:34:47Z,2025-12-21 01:40:47Z,0x9709686efa8430335caf236c12245b929d2637609cc1531b4c66961be5e58ede;0x93c6bfcbd9368b298559363fb5e630854b3024d1f8878b85299be26829d415ff;0x776352c11318ea67e3301bee0ebc12d891300750ed94a33f86ed29557a13a705
0xc210655dae6ac38e07b581e0b616ca59a6a37993,3,,0.293774,2025-12-21 11:08:11Z,2025-12-21 11:11:47Z,0xec2ea8c834ea1728800dc9418e246bf72ec9e207aa1ddb4aa340d16a231eb2a4;0x0c17899124f4b8c929d99bd62a7f193a6616b09340d5929e543a542d1e52364e;0xec38e61fb163efbe942a9f30e097717f6241b0f21681c2393b983666379a283f
0xd564ea463fbc256d5c1163651b405982b9dd9b4f,3,,0.294139,2025-12-22 18:19:59Z,2025-12-22 18:22:11Z,0x8995aff9f7443890d35ec852a7e2628fe2bd220b765b94ef82e1fa82c9497cdb;0x72f7869d0f33d517f1c8972fc79d4bdb0906c12371862f5b3d50831de7d7eecf;0x29184d79865b7a8c5d96bff34fd41363e3e13097b3478e38e627b8f0c6f811fc
0xf05fb12a47d9490c0676494f3850e7f7bbb9027c,2,,0.195846,2025-11-23 03:39:59Z,2025-11-23 05:21:11Z,0xffb6627afdf7c270474f4db4c75bbe668e170fe67c730cc0642237fe59fff7dd;0xc973fc21f930dded32c06f6c6efd07565be2eda510b4f28b6496fac121fa4f6d
0x7e0490cf47644d0f5452a7787ed572b98f386bc6,2,,0.196116,2025-11-23 16:11:59Z,2025-11-23 22:59:35Z,0x9f914fd84e87d7c76f155701812b06ee8cdcad36da4f383f2eb98c9be95859e9;0x6378daabd819518aa536e5db8dbebc8074d95cd76992165f39f0a8ee10ec0024
0x2f6a4aa5066a2d9633accb7b0298b6a39dc790d5,2,,0.195774,2025-11-26 04:33:35Z,2025-11-26 04:35:47Z,0xffa8d1330795bf8fb2a6c19602fc90117c81a476058ebb185c61537bddc433d3;0xa18aebb127dc2c4af24b23605dcf72ae6c37ca878b4838650fde0c6e386f1408
0xf1a63f0732078473af8ed3e5f998c6cd31a5fb74,2,,0.195777,2025-11-26 23:09:11Z,2025-11-26 23:09:59Z,0xf02e113463d7dc718cad5d47e91d82b1f5bbde52cc778cf9f56c622d6e8dec6a;0x59de6224648f12c85c42282f33701a50d5dbc29d49c11e966391018da2a17094
0x47417f7ec64721a2476d306a2ff1082098414f82,2,,0.195919,2025-11-26 23:44:23Z,2025-11-26 23:47:47Z,0x5d745c3b0575e3ef769cfd4044380b49dccabe5d02d025c62aea1fbcf070abcc;0x720cddc94b9431c9fc117388fd8525045705fd0961d46d3f1b6de8cfa5ac4c42
0xc86098af54492c310bd11a58eeefef86011b6b6c,2,,0.195851,2025-11-27 12:33:59Z,2025-11-27 12:34:47Z,0xe2f50aeed3ecb0c0304360a057cb701f81552e4963f7f0f0e1441d3c441d1b5e;0x95e0513055360bd3806c74387adc7688cad181e209ec3082d10bd6d8c7b2cda4
0xcbf7bb0273733856921e63410491eb33cc62252f,2,,0.19579,2025-11-28 00:44:47Z,2025-11-28 00:46:11Z,0x2c7269d12331d70879ccabef7902eda6ed6b8daf613d7071a7ff09b13a06d302;0x63ca99805121a12db378f6c9744126d898a862221f3037de14df77118578b724
0x25406c8e5fed625f8b1fc22579e790ad7298d8c6,2,,0.19587,2025-11-28 08:19:47Z,2025-11-28 10:49:23Z,0x20c7b8e2f087e01f561d122cbd94e7b40bd11d4b3e44b57486550d7e5a44d636;0x4f7e81a02d4b4c10e1b4b852af2f1b11934bd3a1a68f7ad9d74da60a334f3dad
0xa5f1190b7b99e8ec5408894e0cd370d165591098,2,,0.195855,2025-11-29 02:33:23Z,2025-11-29 02:35:11Z,0x2e01988caf7d6e545dcfd8247a3e66e5a1dc4b35fa2bcf792ba4fee71ea817e6;0x7113b53888de2667e37be95b0a75fd7752d0a737af2628fa0f7f663a92e3b364
0x5500c92e5c722c666055f82f854b75db0b76793b,2,,0.19593,2025-11-29 16:41:47Z,2025-11-29 16:44:11Z,0xc4cdc9fed70d5286395142832b19ba7a4a25a600cd80d6157e2b35d3c16456ed;0xa344021f3d7d2cfd57d1bb503d78c18b0deb39e9e1777bdb96838c5ca55a80e5
0x029a1742381c7ff2445b0cee4743ff07eff6497e,2,,0.195803,2025-11-30 11:12:23Z,2025-11-30 11:12:59Z,0xef61fea253cf03536699faf26521ea5713788d5095ed0f33247353e776d0664b;0x7a9eab14556c00f9a16e567176e0800f6d5cde86c31e1cdbdabeef5d80ceb3d0
0x9763e60d231f2672ccf84abc3eb8c9b62b8dbee5,2,,0.195862,2025-11-30 13:19:35Z,2025-11-30 13:20:35Z,0x528374e130f08a7803d2a0b7e350b74a4ab394575352b612b9bf6892e4c612dc;0xd1ac97cdcbeecc12b91faa83a22e9b7c5e1f8105c70dadc741e0fa0fe2dd7e71
0x1ed5e7fe017e68ea40f3f54bf9069652a9a3808a,2,,0.196233,2025-11-30 17:12:59Z,2025-11-30 18:54:47Z,0xff08e66013238125037a0ae9b71a5a2b73cb679a4f86f2311c2a444f73922424;0xc78181ffa4c1107f00db39d5df297e37e0cb4e5dfc66c7ec56a2274ae2face25
0x9f331affc7322bfc598dd4ae3b423c444e9a60b1,2,,0.195817,2025-12-01 01:29:59Z,2025-12-01 01:31:35Z,0x978cd014d50245ef96ef540d5fb4d802aea4539cdb5afe1deb6472af0b65f06c;0x53b714aef9e8f8fea33735a584e20ed52e49cb4fe3876fbd1c47af8d8ea9769f
0x6a1222c94ef342e17a3ab71561c2e3cf866c91c3,2,,0.196242,2025-12-02 06:49:59Z,2025-12-02 06:51:59Z,0xbc244131ba00fc4dc20f44f45b6796bf7c7ab3e03855e4a49f708bea3db0e553;0xf2683e441a25eea470767b79e180f7cb0d06a58150c080162108a15a919c5dc8
0x3835e6207f6e735a114aa1b33c02758f20ae3feb,2,,0.195888,2025-12-03 12:37:59Z,2025-12-15 13:41:59Z,0x31cc45983391929a1f655bd81a4d86d6e0c3d00d3eebbd5033cefa782a3bafd1;0x60f6e31c2c364b59e4a0e8de10d5f15fbd225cce0d24707e61115ebfa1de5e1e
0xbf213df2989beecbf3c04544685d5d472aab3ef4,2,,0.195879,2025-12-04 01:13:35Z,2025-12-04 01:14:11Z,0x124b88d99e7fc90e094bce5bd8566c837645626f67160bb819dd10388953954e;0x1a4277413d42afc21e3e54f19284573ebfc7d314710e143605da7ceb14b63b3b
0x4f41cc8c9ffc54099ce1a0a585c97a5a489b3607,2,,0.195945,2025-12-04 03:54:59Z,2025-12-04 04:01:35Z,0x8e40064b02af396d2df4a42c180b7281d1f1972ffb66696d74299da87e57155e;0x01a228874bd866e508167ae54ad540b441a6e98a2ced654c4b7628bb87fead1c
0x789f47e395d445f8c9369dc4d3b1f8d95d694b9b,2,,0.195928,2025-12-04 12:15:59Z,2025-12-04 12:18:35Z,0x5b3ebb6b137e883ec9564625b7d582c4d0c1d2f3bb2af04379ee5094494138e6;0x5b1f33cc0c6156995a4f12f4c5f728a1a7c569a9e9c90ab86af898241676951f
0x89bf6c600e49588b7d2fd5c7b19cdc5d19624afc,2,,0.195778,2025-12-04 21:48:47Z,2025-12-04 21:50:59Z,0x0c51c2cacbf45e57c3a84f40e296c89060d1669beadf015041c21804009289c4;0xd511e6ce571da51b9d8495fc447fdbce010660b80e02f838ea34e7b6653dfa6a
0xd2cba30c50011cc35c26afc4ab395d0585405717,2,,0.195932,2025-12-05 10:19:35Z,2025-12-05 10:24:23Z,0x640072e377017372a0b3d8805046a2dfebee3be9513ea27008460abb8f18cc1c;0x10018124542e9d1f61286fc3bc966f050cc7bd65c2b742959b38eaea4f42abdb
0x0ff72a54a05fdafdae9d52848b91c9534cdaecc7,2,,0.196244,2025-12-06 17:00:23Z,2025-12-06 17:01:47Z,0x8a32dcce15bddc109a961c7cb94ad09149e0f2eab278d311e1a69251f631796e;0x338b49266010c2f7a0a94f43114b5da65875d96249a5ed4f5261e22313c1d97b
0x183bb63f6095fe2017179b5589ae4df2cd139de6,2,,0.196119,2025-12-07 09:49:47Z,2025-12-07 09:52:35Z,0x9ce1bf1bf2b67af25eaff1e4ddb9ad0cdafb10f7a335882a1aea3f35336a5623;0xcbbe1ab8b499f2627b2772c4847b0965bf25db39c19f10199a8a6cf07891f6d1
0x3c7b44b7a52bd3e8241f586edfb8bb700ee353e5,2,,0.195487,2025-12-07 12:10:23Z,2025-12-07 12:33:47Z,0xcc499584184bb2d3e3c09f5a56bb5980b68503da03efbafe96502b39ca3a04bf;0x7fa33d77bcec846122b623d07413658990edc0a0551abeb16974c0522c872eb9
0xc4e78164ece13dc8415af4a1046971b6d5ee9523,2,,0.195613,2025-12-07 16:28:23Z,2025-12-17 19:24:47Z,0x93f6d0cca7f34852f157bd514a392563eef57ec22fbf03bbf6cfce73d7892ec3;0xc15cbb2d1d40398c5eeb7fac809e74c14a504780037cb1dbb3041189397ac00c
0xd5567a074b2606788f7bd2379c66978875c5f98d,2,,0.195742,2025-12-07 22:24:11Z,2025-12-07 22:25:11Z,0xad1d953395c721d11466a3b854026ff438910738dd5435c9076607112d8c23ae;0x5506226c338dfcf9d705429bbca67f97d2e972fb021d50159769335da74428b1
0x2105a0efe5ec4fbbadb3fa9db7455157630debc0,2,,0.195572,2025-12-08 12:07:23Z,2025-12-08 12:25:11Z,0x8fc80093af6ad235048c7f1c91f21e1b818578230789ed3f7371ddfb61ef4b8f;0xbc1de0ff9eb32dc6e2a6e4f2752486a16850b2b64c73f84d9d004d5aa22f0c20
0x70728258656749b5e31100feeb32a21be63a67b3,2,,0.195686,2025-12-09 05:23:59Z,2025-12-09 05:25:35Z,0x6eada3491fff8ab4b38c9b5bd48f80d753be776c84027d1e0a4d7edf58d5a40b;0x18bef8b5bf8bca421cdb44879409750a4f5b5192a016a6388cd782557242acc8
0x46c0c3dda3bb5b37d2bec6246146f064fdd8dc04,2,,0.195709,2025-12-09 05:35:35Z,2025-12-09 05:36:35Z,0xb23cb0060df69e93b786ee445426f5bc433f793607aae5e191afbd8f07c43380;0xde8ce8cd764a90713d3b8f81e370e4947f80e07fa2ff9b3b9f6393c1522835b3
0x8a4683b5152f922c07cfd1c828cb00644b59f2c8,2,,0.195734,2025-12-10 03:13:23Z,2025-12-10 03:14:59Z,0xab9554b538513963e13cfd177f96727c2f9651edbca8cfdc8410ece523408821;0x2503bbfd59a885187e572f3ef013c525fab2740b032a45934c90d7008edc666b
0x5350ea8340072b2abe4c73ea66c920bd76a6cc06,2,,0.196024,2025-12-10 04:00:23Z,2025-12-10 04:01:35Z,0xd0764db236f2518983b19795ecc3a080f267045fc544de3f865fbe75a682616e;0x8e7091d6bda1dab262751ed6158db65acdc5046f01bf9fefff42870e11369ea5
0x85b9543495ab374cb1d67e15587089e78ccaf721,2,,0.19428,2025-12-11 13:02:59Z,2025-12-11 13:05:59Z,0xb06c1e193447d2d187267b2f377a28adf7b424910665f56963dafb7cee55d372;0x6e5c188264991cb6b15dad0acde2ac512e9704bcd458c28e667aae80d2790617
0x23da6997524550d376b042c916e9d7e57ed78b60,2,,0.195737,2025-12-12 05:09:59Z,2025-12-12 05:10:59Z,0xcbb7574964687eb1723f9e1d63306d7d8102ccfb4eabe14042d7d96bbea7e08c;0x953ada864004c33583a433face91ad68f488fe43ea193032ea1c68dec4ed2936
0x0603ff4493278622f5f7347f5111dfc3b8205010,2,,0.195856,2025-12-12 15:25:23Z,2025-12-12 15:30:23Z,0xe93515cd48b6a34f3684beb12858648b03103912af0224b2cdd1310e2973986a;0x7ff4a6564108374877a78ca56a362fb61aff0e293fefab9bce69710419fa6f43
0x2bf884b8763ba5f9ccecf63adf83a07a917865e9,2,,0.195789,2025-12-14 01:44:59Z,2025-12-14 01:47:11Z,0x319a04cc001cfbb12b000399292032d6a2d153185060f1580ffcc6dc2d6799fe;0x388e9e7c93763da081dbf7b380407bdaa6f11de6adafef6f2e6d40c58dd7a361
0xe553594636408cd7da5ab703025c86748e3662b1,2,,0.195707,2025-12-15 17:41:23Z,2025-12-15 17:55:47Z,0xef6847a061e230ae297d73816e0433c5ada5ec2fb529009384b4e7be7cb757a6;0xad5074699ff54fb0a241252d8c439d041026551ff71ee2edbb92cb820a3576fa
0x0ce04b03ebba9e418f046a327870656d5a8974be,2,,0.195898,2025-12-16 04:48:23Z,2025-12-16 04:49:23Z,0x3414c89099642b9c800fca6472d50afd37c36d903fed545a170a88f95b9fee38;0xcfd16e0c7f9723caa50b26e7fe0cea62db7ddaf579127366ed24d4afffc5dc49
0xaee508799021e7781e66a78b421524f0ea8a2faa,2,,0.195929,2025-12-16 04:53:47Z,2025-12-16 04:54:47Z,0x9d30f760ea53e26cda1c3604010797ed12d2bf44d4e44551541ae8d273812aa4;0x8e4a9c0cc39503ddd7c2ff6e7a0c21bd8d984a2dae77522eb9849e7e66a99037
0xd95705e5259cd6715cb588b1cd0afd4d8b053e77,2,,0.195925,2025-12-16 13:26:11Z,2025-12-18 23:59:47Z,0xa508532757f59c841b8f6d78a45454a8c7df242ad1c570b6c34f20e2bf6d3138;0xe778589ddff21aaee174c3d2dfb3557094d3caacbef6f017a21228d7df42ac2b
0x3282ec110c0bca3b1e5fb2282406d62a68e7846f,2,,0.195881,2025-12-17 17:36:11Z,2025-12-17 17:56:23Z,0xf81bc65adc18eb88d46b5301cb783016dc42f1bc58afeca24f4776f42c82afe8;0x0e8ed59c98d0c0de6d461038117a2dd59a5c1397ae822ef368cf00e2cb9ead53
0xcbfcac3316b8a95ff8f1cd135f1b17c35a4b11ca,2,,0.195805,2025-12-17 21:33:47Z,2025-12-17 21:34:35Z,0x2b0f9e19c75c18c0fcda4858cad6ca5bc5f02f39957b50ed193105b45f4ac9f1;0xe6705a32a354e2af5f77d17f0d5ae8f224991c78d89a5bd4d0a34c310b6ce191
0x553c1d01f0eacb2658427087d73abc1fa21a9b1c,2,,0.196188,2025-12-17 23:01:35Z,2025-12-17 23:04:59Z,0xd29cdaf070282a5dc8bc331b84224457d600ba73b88ccebf26526ea2cfa21ba8;0x844a2076b85bde2aff65ee739bf7ab9d6758f75d056822fa14de06915ad04f36
0x9cedace5094ad74ae29de34e583c1f4877c622a3,2,,0.195805,2025-12-18 08:31:47Z,2025-12-18 08:34:59Z,0x2b5fa192849ebd2c13499e61c0feb9873fcc16fdb75f7be784366188c2fb06e1;0xec03320f1a6b44851816bfce1954cc6bd7fd011bfd0241f33cc7f9e040e59c63
0xf770131ec0d47bb48ddc13cafdd68d111c24bb99,2,,0.19548,2025-12-18 14:12:23Z,2025-12-18 14:13:47Z,0x3b5b6e40326b39fc9577fb3cd8b9323871d6c3854da994bc4189694d14e33ec7;0xb49b22ab59a0027221150a4ca605eb5bc2b1ea45ca5dcf992ace70c30d8727a0
0xcfeb92853253de7caf6d245dd383d382a9a005f6,2,,0.195512,2025-12-18 14:22:23Z,2025-12-18 14:25:11Z,0xd4859bcbdc222cc3a85507c8c50b074736615d5363d61cc4ed490f8e49dbf0c5;0xb877e83c0743ebba265eab5ab938ed27abb235920dc48debc75033cbf921db5d
0x9b580bc8a5b91ed667c3b7ddf346fc55467eeacf,2,,0.195677,2025-12-18 14:43:47Z,2025-12-18 14:44:35Z,0x45a651e7c4de428f135bb5e4919fb05cdbd36fa4c0c0d14edafa7838f80a5418;0x9f7272a94f12161c67b69b435fc6b2a4e11f2ee5d774cb7fdaba37fc9c7d2348
0xb9170cb5fe34ef0e0127ea13e4c165fcd98593dc,2,,0.196198,2025-12-18 16:18:47Z,2025-12-22 09:58:23Z,0xa29790973ff5969b2ae60a332d9350e9e0fe27c3bdf4611dfb0d15b8139aad54;0x284fa70822bafedff11224c82d420aad5c3c27d6342f5c2b97d6787fe750558a
0xd406eb6a28fa587a816fa6d03133ad3d6241a975,2,,0.196164,2025-12-19 06:09:35Z,2025-12-19 06:12:47Z,0xbee1ac2cde3e15f5a4c3bfd7452489579010612e91210fdb158f4ffe7ba7b4c4;0x2d06a8150392c7ef532aec5044020fe085020bcc8d0a6c48b70ac7f1d8fb2b62
0xb40db07c803d32438b5aeab789dca258f88cd8a9,2,,0.195806,2025-12-19 10:39:11Z,2025-12-19 11:18:35Z,0xbd781949e4f1bd142a4976676bbb2ae9e1165e34ee2bd2d1e5edb9418f7a2bd6;0x0bfa0a492a2e415044dbbd70cbb0457c6167e97fe7f36236000af9df8d00f975
0x901004693e5cfd1f4dccf00910320f97b37d13d7,2,,0.19623,2025-12-19 23:43:35Z,2025-12-20 00:00:11Z,0x3bc6bc8b60cd7f425b638999343064e549e4995c04848e1daca76278eac21aca;0x81a665acca873f3a30604955828c139af66195900a3899432b7d17fcd456cee2
0xf2f4fe787be8fc7567487534efe1db1277d471e7,2,,0.195872,2025-12-20 10:21:47Z,2025-12-20 18:19:35Z,0x25c871c6e54f8828de27cb8a8abc4ae6109dcce962a6436b9d2a23f16acf42ac;0xc972dc53e110e78b6b9e191a7e67807d26f40363c5181c2be52b342106fe05fa
0xe21ddd2a0e57b710ee82d1ca63f5c438c589b874,2,,0.196262,2025-12-20 17:11:47Z,2025-12-20 17:12:47Z,0x45d7100320622cc1a96d13aa8f69b5caef005560dd7105d8eead199fd9624dad;0x201b9e869f6fcd307ba74e948fde986c44b5cf7d3e2ba972a5b892e587c46cfc
0x0640daf08757cf9d8f23cee7104c12d66387be0a,2,,0.195811,2025-12-21 01:31:23Z,2025-12-21 02:02:35Z,0x38ba3b6103bb47c15c725b626bc0196710509132e0fe62af6db5189f815b52f3;0x54d96ce49dcfaaf124a887dff63fb542c4cf98fdc15570990c434e059d35f4e3
0xae370f0ffc2501bb536f92c5a587fd17d761b14c,2,,0.195868,2025-12-21 13:39:35Z,2025-12-21 13:43:23Z,0x50d8255eb9133fa1cf750e9f92fc674047805b1433cf33bd1c6cf9c69b0609b2;0x1f2a9ef44a49dfe56468a24b66d306b5a5afec73aaac0de23281326c093392de
0x1fd15b030f83d9ee38e0d7f7105c5de02f589360,2,,0.196263,2025-12-21 17:28:35Z,2025-12-21 17:33:47Z,0x8cc84579d4fdf93d2a7ffb86bd8798d3707ca183684c04b053dd32eba1218ca1;0x6b578b43c69ddd5debbf6584b90ab6d519df65038d3a743ba06b1e579818bd99
0xe1aa64f7c1f87e0f94baeb6402aab1f0ef007239,2,,0.195868,2025-12-21 18:16:47Z,2025-12-21 18:18:23Z,0x908c8cd85383bb57e1fec6cf5ceb47dc8e1729809689bd2b0577d045b1850ab1;0x7b3d9ed86839acacd83103dc70d81f9a4ded20358d6fd5f7a001a4b269e7d66a
0x656744a11925177d44fe4f116a504d8208e43220,2,,0.19588,2025-12-23 02:55:47Z,2025-12-23 02:58:59Z,0x3a290744ec58112dc99f1afdca093ddbede8aedad618e3604deab3c36a568794;0x17718fb0863dabdc1cde4d042ab05959852968419d184da9a5935ce94e39b8bd
0xe9f87ca221055af7d1d1db5d14c8924b01441a39,1,,0.09792,2025-11-23 02:26:35Z,2025-11-23 02:26:35Z,0x9096b3e3d4cd83c612c6b8e98b9fafba5cc2fee428f8a0e49959ef48be7cdf0b
0x7897fbb21bb907673b25e4ceb67423eedee1e865,1,,0.09798,2025-11-23 03:11:11Z,2025-11-23 03:11:11Z,0x8392660e56e6f232fe2702ac4e1faa375ec29f59cf1a784873287052d82bbff8
0x295d007140ddfd073df1dcf01ec9d820288195e5,1,,0.09797,2025-11-23 03:12:23Z,2025-11-23 03:12:23Z,0xf2049c7f926f2bd448ff276bc5850123ff2ae47e04f95baf9f683897b2df4ab1
0xc2abcdfa6b4529dafb79657760e4963c4a728d2f,1,,0.09792,2025-11-23 03:12:47Z,2025-11-23 03:12:47Z,0x1b0a8bdc3e06c77a34c938389ef7a949c108ebc040c79f42e3a0aa75f4bc3f98
0xd0116adc9d054a039fa16583f27e5632f6b65ac2,1,,0.09799,2025-11-23 03:20:11Z,2025-11-23 03:20:11Z,0x4652e9df845e50127a2dca7df8057725170ae3f5a3d190c6a8b88551c223669c
0xe917a719d50715aa689ca4b5d60641678fabc20c,1,,0.09792,2025-11-23 03:23:35Z,2025-11-23 03:23:35Z,0x1b8d89177b6fe45e710474eb8f9b429ac05aad97319e263dc4ea9eed5e689fc1
0x62593f0b0f3476d9520b7a8936cc4c6582a4ebe5,1,,0.09799,2025-11-23 03:48:35Z,2025-11-23 03:48:35Z,0x8bc76050a76d52cf780fe197fc656b3cfc429ea8bcce0f3094a95a49b4aedb84
0x1997856704fa3e2006a57613e54e2cd65e4d765b,1,,0.09796,2025-11-23 03:48:59Z,2025-11-23 03:48:59Z,0x3f6eea78329e98f294da1c2ea87f40dd339852ba199a235897dfaf438b993453
0xc1837abcbd63bb8f8b45c382a99dd05f9bd1ee12,1,,0.097888,2025-11-23 03:57:47Z,2025-11-23 03:57:47Z,0xa5370bc43112bc8c95dc2032aa8fce72521c2b43541d5cbeb2c3a8daf147bf6f
0x051d6842fa67d00340917181e712bb84e2cf4634,1,,0.09792,2025-11-23 04:14:59Z,2025-11-23 04:14:59Z,0x5c3a2f8134c4f18eb1af2d34431a4896d11ca20bc3a59a439afd119c00c5f135
0x8850f23143f206ac2bb3664f7d9242f6112f468b,1,,0.097904,2025-11-23 11:28:35Z,2025-11-23 11:28:35Z,0xfe5311f24f8fb29d27d66d13d439ba49aa670e082c1062a2267375c45ffd092e
0x4860ad0044c9c21128efbe029dd0c527adeb7674,1,,0.09798,2025-11-23 16:14:59Z,2025-11-23 16:14:59Z,0x67af96c7e36ae3ad729b87623477b31da826b897f0c154fcf1b074aeef7c288e
0xc7b5d34028890dd5ba57c927beed599f243b6d30,1,,0.09792,2025-11-23 16:16:35Z,2025-11-23 16:16:35Z,0x2360a4e98a6e49e87fe340b0e8749371d7770d297b43bc4ba5415bf5e3b8c09f
0xaea7f06c84cf850ab67ea63aee4eac01c61fd7e4,1,,0.09792,2025-11-23 16:16:59Z,2025-11-23 16:16:59Z,0xb82e58679baad1273074f5de54517ab2ef34346464147f9ef2f2d6146f516f84
0x8901e23beb73c30c0e28f3c692975fc1a4aa0675,1,,0.09799,2025-11-23 16:18:11Z,2025-11-23 16:18:11Z,0x113dbc14a3faed69583eb27b92313da294a8eb18b3fe6b47396a785477f5ba81
0x8aa4485468573ea404d6cc48da4745479b96fe3f,1,,0.09798,2025-11-23 16:18:59Z,2025-11-23 16:18:59Z,0x0835d21c1304de86b0c3541957e3e767009681fddfc1aae74695f840b58fded7
0x9874af43d0d44dfa457556605b807a50e4962d75,1,,0.09798,2025-11-23 16:19:47Z,2025-11-23 16:19:47Z,0xcbfb9e9e28954f99eec645f73431eb29d54a94e136284b8ba2f1909ee5ba6d99
0x1ea553b863adb38a2e29e1959e67ccdef6df4d21,1,,0.09795,2025-11-23 16:19:59Z,2025-11-23 16:19:59Z,0xac45fd9a3c796dec6b76f36849aa5de87d86576cf0c9c34276ba297e5f346ebb
0x12a1e0bc61fac3f317a999b6ac279fbe245a7fc1,1,,0.09798,2025-11-23 16:20:11Z,2025-11-23 16:20:11Z,0x6e6d92c58f11fe1f86bf0fe90ce6e34e196795971cdb1d01563d58384daf9022
0xccbe82cd543b842573f73852f58afb5524ccea02,1,,0.09798,2025-11-23 16:21:35Z,2025-11-23 16:21:35Z,0x3157281be9485a7de693dc314007998179f7e8d1732581fad3da3a7188654054
0xa375ad088995265d55cff2f2b461b93d019b53f1,1,,0.09795,2025-11-23 16:22:47Z,2025-11-23 16:22:47Z,0x4685b5cd3076f7bc917959720632a2dd46de5039097de87b8861479e46c9e52e
0xca231931981546681e5012fa51077d528d176f43,1,,0.09792,2025-11-23 16:23:11Z,2025-11-23 16:23:11Z,0x2ccf10fbb9404e7e7f0e12ba5f0ecbf86ddfb643c6f4e8bc95bff91c040bb4a4
0x1c3f5e7a496b1220070028c7f678d0de66877cae,1,,0.09792,2025-11-23 16:50:23Z,2025-11-23 16:50:23Z,0x48db492dddd0075e1edbed697ff1e20853bcac3297d840b3007b4d390762079b
0x85c7cdd21778fffb2447209e5e7f566b97467615,1,,0.09798,2025-11-23 16:51:11Z,2025-11-23 16:51:11Z,0xfdb01e128914a30ac06839190b5f6f4805684dac447300e8bdfe42c021052ffe
0x8ec9889d3e64f8bb9a9d727ec1efba9c94b878b0,1,,0.09795,2025-11-23 16:51:47Z,2025-11-23 16:51:47Z,0x41941b05b77da985d2c97706ce1c8c09a8b4379ed316039037a0575c7ba19d2a
0x05733ebc617f1e94a4c901adb12aff470d8d2bcc,1,,0.09798,2025-11-23 16:52:23Z,2025-11-23 16:52:23Z,0xfac6515bef69661a6c83d637d067e64f50eefbc40710d1509eede3e86c548fe8
0x00861bbe4a6196719a0db35e0ca755452d5472d3,1,,0.097916,2025-11-23 16:53:35Z,2025-11-23 16:53:35Z,0xac2ed787ca390cf9ffdc1bdd8c15de331b7629060481c0fd7e8a6fbb5b077138
0x3bcb8cee5a5278f7e3f1298687384d0908342fd7,1,,0.09792,2025-11-23 16:53:35Z,2025-11-23 16:53:35Z,0x1154bbb38122a62ebcaa960be8907f10763345580e670e94a06b5f0a4b550466
0xc0308c4b4d425bc1bb3a53497483439b616feafa,1,,0.097864,2025-11-23 20:10:35Z,2025-11-23 20:10:35Z,0xdcf93a25ad75ca13b08f3595b2bf0349d68029e57613fbd70c8f4e75fe9a329c
0xa875a1bb429cd218a578d0aba26d315d88786303,1,,0.097895,2025-11-23 20:49:11Z,2025-11-23 20:49:11Z,0x7a523777d9993da5b4518eb791e726b7208e14d88722702cec724c61d5ef1621
0xb74b22d36dbcb595bf84dc80643bec89b3d44191,1,,0.098258,2025-11-23 23:53:23Z,2025-11-23 23:53:23Z,0x6d1b2376e9310cf30c2188fcbb10a975929fe1d543578bd8f6542fbdfe858c58
0xb5f009b5bbf5e2c952308f3e65761f01626fa8a1,1,,0.09792,2025-11-24 03:51:11Z,2025-11-24 03:51:11Z,0x1cf6af67f31dacfd7ae6a342a1e58377a599f6a20e3687331fac7fcef033644e
0x4e806acd3f0b8be66e38fab30df55e7cdf2bbaf9,1,,0.097929,2025-11-24 04:05:11Z,2025-11-24 04:05:11Z,0xd406a51af690af23a2940d894a06ccdfe3bb49cab7021817086bc14d34edd93a
0x6fa9eee7bd20c5416fcc1af5374de2cfe4a5575e,1,,0.09798,2025-11-24 04:07:11Z,2025-11-24 04:07:11Z,0x9a6d60160bdde64f4e59888044bd6a229d7abfc8a3dc56578eaac501106ff8d5
0x5e4328984e0534b321eae2e0886018051cac1c36,1,,0.09798,2025-11-24 04:08:35Z,2025-11-24 04:08:35Z,0xf89ab41c5e1d8a3e15b924ae63aeaff3f5c8345491513196a67b2e1a87c47bfd
0xdef78f59cdf50eab293a39008fe57248dd998d66,1,,0.09798,2025-11-24 04:10:35Z,2025-11-24 04:10:35Z,0xac7bd437f7f57c949cdd0bebd759d075efe5c262fe9ca38cb7e1d836e6d1dabc
0xae4788c2275e70381b48ec289b40145e3fd33961,1,,0.09792,2025-11-24 04:17:23Z,2025-11-24 04:17:23Z,0xd1709adb9bc86de7d7d82ca590ec6cd91ce0f7bce90e6599f38bab3f43777f64
0x40358403804a9d8e941cf2b696df7f79ba0f93ae,1,,0.09792,2025-11-24 04:23:35Z,2025-11-24 04:23:35Z,0x6b814f7f6c3b13d50c92b8ea55f4dc972a8e6ffc68c47647979428202004a88d
0x9c3eb250b1b4fc066c93db188fd48647b6894844,1,,0.09799,2025-11-24 04:44:59Z,2025-11-24 04:44:59Z,0x295e68d8d3339db7d47471626962c468939c814f969b792f9cf1ca9096ca1516
0x1eb5c471cb3c87071cb73132857ef62dcbb0b573,1,,0.09792,2025-11-24 04:52:35Z,2025-11-24 04:52:35Z,0xd25ffbdb2066fc5c08fe38d2cf8085b258eec3675a7097499860f521d0e03502
0x5ec4888fd5f4ec25a17c71e399e8e5cd553b606f,1,,0.097946,2025-11-24 08:15:59Z,2025-11-24 08:15:59Z,0x30a80cb72f289c0ce3dd9bda9455c880acd6b4634282c041c0cdeca8887645c3
0xd4d42d96e1564b62517bdf11f4802730d36a72a2,1,,0.097924,2025-11-24 08:19:11Z,2025-11-24 08:19:11Z,0x1fc7428aa7b5abcf411117b2345901e2864ec3aa94b0066f89b567e39bf639d1
0x817536999b2e27a0a204f411d462ea46e4c5d738,1,,0.097863,2025-11-24 08:25:35Z,2025-11-24 08:25:35Z,0xef542326f2a0e5512a2bc198a8a8b2fe66812a763749afbe083eb3690b6274d6
0xb241c46ce401288f8a2d181733b820f58385143e,1,,0.097877,2025-11-24 08:51:35Z,2025-11-24 08:51:35Z,0xc34ac26a8813b409ab5a706565731162b72aee16e6a85cb9ad8c43837298d77e
0x0860d1bfde6f4b1ac3c472fb48bf0b3edbd6ce4c,1,,0.097897,2025-11-24 10:04:59Z,2025-11-24 10:04:59Z,0xc950b1f199ae1821d31e5c7636bfced4c732dbd596f5949efd3120c8def3d30f
0xd8d2e360fde45691986aa1f287ffb5efc8957a17,1,,0.097803,2025-11-24 12:57:59Z,2025-11-24 12:57:59Z,0x622ea62272b0efcb230d65dde38ac2fd26448a3ff05e28d0300b94108bfa3426
0xa261195c7bf546bc7d42d7526e373acff37f1fea,1,,0.097719,2025-11-24 16:24:35Z,2025-11-24 16:24:35Z,0x3b904ded290c46427c52f922833385922df6e56896a5e6f7cd9b11b3f017b082
0xaaf4ec9b08c466d399807c4d1938bbe628b83eaa,1,,0.09774,2025-11-24 20:25:23Z,2025-11-24 20:25:23Z,0xef01c4c1e58ed271810843e62ade789e1cd59d0ee07f9beb7d11b51ae8eb3219
0xb945030165bd7b8e8434bb4f283e0216a972e5bd,1,,0.097925,2025-11-24 21:22:11Z,2025-11-24 21:22:11Z,0x7ba25103d04d5eb7550168dc793e02f611afd2822ff0d31d8e08aaeb6c68353b
0xc8d50c0766e6ad317e250977c20cdd84b0033f1b,1,,0.097914,2025-11-24 23:12:11Z,2025-11-24 23:12:11Z,0x3ec285dc9e20c812cbfd980a27ea28da79652b8d5cfc3094d42d8556bb4b9b84
0x5989df0aa1e71d4aa508aa7f979adf2db2585503,1,,0.097877,2025-11-25 07:02:59Z,2025-11-25 07:02:59Z,0x7096f72e332167784c95028e85206e65fdeca017c1a41d66c8c62d1a7e135039
0x44dab0c50d9cf0c9868d0bc97bbc8b5c98872728,1,,0.09798,2025-11-25 10:41:11Z,2025-11-25 10:41:11Z,0xc9cbb54811c68d56052d4c518db61144e3f68c3fe29353f01cade85aa4afe562
0xae81d4c5890d8c9b9666af6c33edf9d2e2e3e192,1,,0.09799,2025-11-25 10:44:35Z,2025-11-25 10:44:35Z,0x01415c07981b971dee2aa02d872acbde64349f3f103c79dd915b152a1daa1a0e
0x4ce9f9631547ac840f1e4ae314a543b561738a58,1,,0.09792,2025-11-25 10:53:47Z,2025-11-25 10:53:47Z,0xe5095dfbf845adddb74636c0016a9351bf463728fcf5f1f1f4df66fc73cda815
0x3d20dcd805e00318b30941c7c20ef3cf5059f7b1,1,,0.09798,2025-11-25 10:59:47Z,2025-11-25 10:59:47Z,0x0fdb511352f1862274991b650af5bd75f4e6fc50c080e581a6119999f8e70ef3
0x06e7afe3bdf5e621ef219b5bfce9185ec8f92a60,1,,0.09798,2025-11-25 11:00:47Z,2025-11-25 11:00:47Z,0x9f24b458f2104c2c27c2cef6394c5810dd3a21e83ee6d36666fde4d4dc00d7b8
0x0ed3f8e5a0d1a86bf8b812ae6ca4752c6b41d3a9,1,,0.09792,2025-11-25 11:05:59Z,2025-11-25 11:05:59Z,0x36d15b6b98498afa7b09cb3a0063a2caa4c173f631ee7eb5dbb8bfe992457bec
0x28b0406ad40b88f27cbe97f85f93dbbef8373e04,1,,0.098253,2025-11-25 11:53:23Z,2025-11-25 11:53:23Z,0x56a869b04aef89650012bbf30ef5286461d66bd222fdbd5d0525998f0c1e27f4
0x46e23192b9da883d37f4425fc3c314fed73db503,1,,0.097671,2025-11-25 13:47:11Z,2025-11-25 13:47:11Z,0x3dffa54e357cf65404dfae6f1783ae5ef93d2824fe107c50b280b855bde0e357
0xa12898bd600e247490960a42e50dd88eecdb7230,1,,0.09796,2025-11-25 13:51:23Z,2025-11-25 13:51:23Z,0xb3c2d96f47bf5002fdcf4477c4ad003c11a7490e842723274a16777cffbf76a5
0xc5a3eb3d524ff74c95687b5e665fbbf152cf3dd3,1,,0.097815,2025-11-25 14:07:59Z,2025-11-25 14:07:59Z,0x334e67a7bad78e6cbc2473e6e241f0f350f1b6230ec5a2b9bf413d7f0cbeb996
0x2ec223b709f6aebfdfe4c496d9acf2b4ace67163,1,,0.097642,2025-11-25 15:19:23Z,2025-11-25 15:19:23Z,0xb32a2679b27721d8ed6fe7b6546f3fdb06a968b622d41258d410a5e7445a7475
0x1d8f5f4215222eeadf102363af89f51546d535be,1,,0.09792,2025-11-25 16:06:11Z,2025-11-25 16:06:11Z,0x59d4e5ed99ef547c75338d852ae14fd6dd27bc91a25842ed81ddea7df0182232
0xf829454b2332041eb72bf7da5529f1d6246ac653,1,,0.09792,2025-11-25 16:07:35Z,2025-11-25 16:07:35Z,0x0f6587f47b5be733fc547ce59bf0effdb912cbdabf866b3a0a3fabdc2203ee7d
0xf11ad406998833ceafa0d9c6a6d68e923c4b4c35,1,,0.09792,2025-11-25 16:14:11Z,2025-11-25 16:14:11Z,0x291c4a2bb6284ee49de663041440536fae1c3b3959004cd5ef281df37e9a6a54
0xe647edb42eebecfcdbb5633e21d2cd4d64185cbb,1,,0.09799,2025-11-25 16:18:35Z,2025-11-25 16:18:35Z,0x6030254010ea1ca3ccb6900b9fda49b9abbc718d4cbbbfb35b9024633fbe85b0
0x874512860825d8ad54bd97e9a01c653718e275e0,1,,0.09795,2025-11-25 16:37:11Z,2025-11-25 16:37:11Z,0x6eacc5f291846fb4db8220e07d6cfc8c1ae72ce5990b56544a3f171f3d127d73
0x8360fbb979983bda1b1563dc70ef2ec47fdeb681,1,,0.09795,2025-11-25 16:45:11Z,2025-11-25 16:45:11Z,0xbb1935cdc983b6fec46571a235a4094734635e80cd82f9173326003e3de8e828
0x868b1fc2edca98e2c4ddc93e90ae0e8aebeaaee4,1,,0.09799,2025-11-25 16:45:35Z,2025-11-25 16:45:35Z,0xa3558ed317a059394883f134060cfc26c86ff73bee70aaeeb8934a60e374d917
0x618c79dee2cb57698c44f9cab9775c9c54d8fee9,1,,0.09799,2025-11-25 16:57:59Z,2025-11-25 16:57:59Z,0xacd9a9734d8cf558db5ccffb64412733a59da88f25fef9dc5f234ba185d936cd
0x7b4269bf3f318abf81e55e0a230522b551e63446,1,,0.097958,2025-11-26 07:07:11Z,2025-11-26 07:07:11Z,0x0a53745fc5b696a8b89f9356f1e8559f2acf142b1600039e0dc3dee0e4f03dcf
0xff07ff012b34f3be004e603ba2242ad25814193b,1,,0.09789,2025-11-26 07:24:35Z,2025-11-26 07:24:35Z,0x1b5f5dd6414af7ae3b102277e5efcfe1fe978671fe51d166190eef50c70493f8
0x9b38588a8106113cec81eebdda27212ea237a0f0,1,,0.098268,2025-11-26 07:45:47Z,2025-11-26 07:45:47Z,0x9e76f70d5f5f5df0f91980091c62fc33cda933df7778789865d6414df3128a9e
0xe4343f3aa618e20bb5c5c0032f797d3b60411314,1,,0.097914,2025-11-26 09:45:11Z,2025-11-26 09:45:11Z,0xa570092f4bc3475e07275d6c28a66162808bd9494c1490236074cec4d9ef6d24
0x3fa3fdb388a03eb35fd39a33bc60a2d5ad677ca4,1,,0.097958,2025-11-26 11:02:35Z,2025-11-26 11:02:35Z,0xd354886409c0bc98cffecf80aa9604b0431d961a28a4862a14a3a871057ac9a5
0x530e163a0640ed2c327ba3eb54138c700efef5bc,1,,0.097917,2025-11-26 11:06:47Z,2025-11-26 11:06:47Z,0x173f26cfacc349f04c83b78fe948e4ab526b2c186977766bb0325dab31f55b77
0xf14f8042a123ba36777d700da0b086394a4940cd,1,,0.09792,2025-11-26 11:57:11Z,2025-11-26 11:57:11Z,0x04c6d29968d5baf10ef0e5dfb7000207824d57ad533142535254e122d4d8c505
0x0baed646fea43ff92e80cdf6d3d5968f52322807,1,,0.097959,2025-11-26 13:52:11Z,2025-11-26 13:52:11Z,0x5efec743d854a3ac7dfa286557f99dc63e986f19e364ab396fc5d84b9cd7ea15
0x07b55772b111dd2eaba97a8f74c0dd21d807ab01,1,,0.09792,2025-11-26 15:01:23Z,2025-11-26 15:01:23Z,0xc34227506e126eb1d62989ba0b04fc3a5c54247931189c9f115573f1632818fe
0x17006c4b2fb6a137ed40d8a3fe2b1d51f432beb4,1,,0.098263,2025-11-26 15:09:23Z,2025-11-26 15:09:23Z,0x5f85e571f26d82d494a390ac040fdf4651e7e5a08cec7565b9a2e343137539e4
0x9abf44c9fcfd4bfdd468af942a17e38154b09012,1,,0.09792,2025-11-26 15:17:11Z,2025-11-26 15:17:11Z,0x2252b2a56f061389f1ea5b08181f8d1a83e396402df2dca5b5b06832991d7369
0xdcca048232efe725113b58892e66a2255837f02d,1,,0.09799,2025-11-26 15:24:47Z,2025-11-26 15:24:47Z,0x646f3cf913a06a4d38684c9d6117a9aef77b6f8e9263d49bb0c978cc12b0eb52
0xfe880c8dc1271682e9e7fc629920359e76fea737,1,,0.09807,2025-11-26 15:36:11Z,2025-11-26 15:36:11Z,0x08405bd45c118773c1b02a23238f0fd9d276a4fb20c9d54ad2c37afe29734f35
0x21c8f89a5c58a3b0d3f3cd23c99bc5cc7cfcc576,1,,0.09796,2025-11-26 16:53:23Z,2025-11-26 16:53:23Z,0xa58b2e4c4b2fb8e35788b94eaaad75e318f841cc111531c4a683b18564d416f6
0x6017fff175a8604af5c7b232efa0f827d304ac05,1,,0.09799,2025-11-26 17:00:11Z,2025-11-26 17:00:11Z,0x25ea93172e8f2f23bb4f23416ec9d2eac8114fa4f36d509af4aca75d21046f38
0xf926089b29909a8f3c979604a6ff1ec35acf65d5,1,,0.098125,2025-11-26 18:23:35Z,2025-11-26 18:23:35Z,0x5e3ac877b36305b4864d048d845993b9ba6304f4a721de6e15ac1f704b864051
0x792b2061d13f6ddb682c1d8760f7b08e01efe73c,1,,0.09795,2025-11-26 18:28:11Z,2025-11-26 18:28:11Z,0xb3a71bed2a9f5b97ea1396c0884aa77cb0f5e25cc6e804c22726846a6decc253
0x1faeca3f64396f88a8c0f0d15525df40176643f9,1,,0.097807,2025-11-26 18:36:11Z,2025-11-26 18:36:11Z,0x1b109179a201f1d3d09341767cf4ae246d8c6fe872c83020ac9e3a4c6fdb2010
0x16c283844c5bdd6edfab364a1ca6481cba3513d7,1,,0.09798,2025-11-26 18:43:47Z,2025-11-26 18:43:47Z,0x3aab53123ba8dbd7eed8c054f5636abe7cecec2919a95de1c142a41b79d59426
0x73a9a42dd5b2aea9bd8119ffd78b28782762d433,1,,0.09792,2025-11-26 18:47:35Z,2025-11-26 18:47:35Z,0x0c4a234f6f2e0465a669b1f487e6dde38bbd563b815e718acb1a5610f2e8c8d4
0x6c4a1769bb05afa4a1be438cacc826fb309801b7,1,,0.098256,2025-11-26 19:23:47Z,2025-11-26 19:23:47Z,0x1104aea2651a66751faefe02faa4efffe12dbce59d49af197d072e88e6200fa5
0xe450a2668c7f7b0464a1dfff1c6c1e73f957540e,1,,0.09792,2025-11-26 19:41:23Z,2025-11-26 19:41:23Z,0x55a5b6b55a29ee618d02db3bf7bf7e7e0c680ac9ba28d625388a892e03c7b5af
0x7fd2e60c9c44422e4568ca376605b39bf827bc79,1,,0.09795,2025-11-26 19:48:35Z,2025-11-26 19:48:35Z,0x3def096e0c8656719ada73698bdee70e8534dc24cb2fe19c0239bc48d2df72d0
0xefecd734ca709f75d3eba49f451c5261dfe7955c,1,,0.09795,2025-11-26 20:18:23Z,2025-11-26 20:18:23Z,0x0e6721a82ee198a8de96be9ee0196c5f8e81f229a652525984c501e4ce882f59
0x3207f7de87f692d5878fb5c278a004e893558b1c,1,,0.09797,2025-11-26 20:22:47Z,2025-11-26 20:22:47Z,0x13b5772ed514fef90e4d98a1802f2c2e4c65c5ec188302a079ebb4ea1fbe3afa
0xe0589166ee5c8c6ff6f0b15cd0d5e1dafd9ba63c,1,,0.09795,2025-11-26 20:29:23Z,2025-11-26 20:29:23Z,0xb4101e0550d548fda55f65cd03ed73dcda5430edc8bb658653831d31deacfd8e
0xc461cdfc5f5ce1f5cc7c4fad66fedce8c561efb6,1,,0.09798,2025-11-26 20:34:35Z,2025-11-26 20:34:35Z,0xf9521b5b4e1488cca2ed6e318ff52aa765213a3ca6fcd8bb0ea8eefcdce8de4e
0x2b5a72a540fb430b2c04043e51776964f8ebc3d7,1,,0.09792,2025-11-26 20:35:47Z,2025-11-26 20:35:47Z,0xb506947ac864625431ffa228cc90d866f3d89cb0a2cf353ae140867b22edad2e
0xb6d12e36b9f22db55faeae0b4f83e9415ce79555,1,,0.09792,2025-11-26 20:36:47Z,2025-11-26 20:36:47Z,0xf16dea2754dcb0ee05610bac2668c6fdb6c8ccec37ac81366c21dfec1a036074
0x44a5f4464d0189f6c3b884dffb2b2a6303af5d11,1,,0.097925,2025-11-26 21:44:35Z,2025-11-26 21:44:35Z,0x2c8516e6ad960b306b1f304852826d3447a14af3a86369b894928a8f6abe6489
0x3015975a05d2aededed1c569da2d2184343706ff,1,,0.09792,2025-11-26 22:15:59Z,2025-11-26 22:15:59Z,0x280b0cb679db37cd89b663ed2d20e0bc4b28484cdf036a6d7727adcdfe67c0cd
0xbcc82b824de34d0a2b40703be6fe7981d48ad162,1,,0.09795,2025-11-26 22:16:35Z,2025-11-26 22:16:35Z,0x92a4c5f7fbd980238b28f062aa4cf6bf819a4b9d14275073c04dc42cd0726225
0xa93039fb8f4f87f62f8a06e1dd8bbb75dcae98c5,1,,0.09799,2025-11-26 22:23:11Z,2025-11-26 22:23:11Z,0x48ddeb5cc56c9099566d3567e14f78eb4dcd6098ee121bec6c7e5df1a3eee253
0xa1f038cfe6c89edac2fd66ef0a75734553cda7fe,1,,0.09792,2025-11-27 00:06:11Z,2025-11-27 00:06:11Z,0xbaffc5fbc2d6274347cc48e4ddc999b582929b73e73a4e3ef5d4063a18ce436e
0xf8b03387d50c64553f0e2246f9273f962359bb46,1,,0.09795,2025-11-27 00:16:47Z,2025-11-27 00:16:47Z,0x37e8c3a1056885f3e61e5566d61fa72b2703c0470d84d3753d1fa350621ac96a
0x0ddbbf802988817a1e20c101e678942772e067be,1,,0.09795,2025-11-27 00:29:35Z,2025-11-27 00:29:35Z,0xd9396afae94f6be28ffc4c38a8c0571168f5b90cb8ae6130dd69f08796e62073
0x146c3f3d1009ddf3916261f786c48a84c4df166c,1,,0.097944,2025-11-27 00:51:59Z,2025-11-27 00:51:59Z,0x4667531bfc9dfbab402b581d46e70f7f787baef9febf373bcfa60e3be5e390a5
0x3dc73e2b10b6427511b083f6bf570d59d87843d8,1,,0.09799,2025-11-27 01:34:35Z,2025-11-27 01:34:35Z,0xf0556871a670cd07ef480f7edc83cb15072011605f1a1282459a917f08c01bb3
0xba5815b6538f97ace9ddfcc4352f4d1de711e588,1,,0.09798,2025-11-27 01:53:11Z,2025-11-27 01:53:11Z,0x5c3f1d17b2c982ca67d0d5fa93ff4b74c335c37be27e02243a1202777402d989
0xef938fe333dca90013a3ff6277a56f46a35d30b1,1,,0.09799,2025-11-27 02:29:59Z,2025-11-27 02:29:59Z,0xc799b095c0c91ca9a83693bbf8cb5499100941b21014c59844f5577518a9bc8e
0xc1c1c53ec075b4077997f6239823f51f633e4ece,1,,0.09795,2025-11-27 02:33:35Z,2025-11-27 02:33:35Z,0x2d4d8498f20bc2aa74b4aaf89542e80a256a002b6bedf64b0aafdf8b9967d02c
0xbe5969bd3c5612e01e0b4271a497be698d31eb51,1,,0.09795,2025-11-27 02:33:47Z,2025-11-27 02:33:47Z,0x0db90ae40c629ccad4dceb93030419f9e920cb509755d6f3d0639f8cca9742c9
0xce310159ae07e15a76451ecef80ee6b0e53fd8c3,1,,0.097958,2025-11-27 03:05:11Z,2025-11-27 03:05:11Z,0x638805fdb12fca228d5f6d32bbaade14903864e6f7aa6b9350bf76addce94e2f
0x13f81c3714c069f2be6d91bde5d0ec8b4b69f539,1,,0.09795,2025-11-27 03:10:35Z,2025-11-27 03:10:35Z,0x4a713f93e93726fb153875eaec88741da3b90e9cdd42a1fe40756260b25bc29b
0x063a8b607569349c3b6beb1868409e5b7df6d0c7,1,,0.09799,2025-11-27 03:16:47Z,2025-11-27 03:16:47Z,0xa2adec3073ae439f514d802f6b51876ae44ae11825efaebe4e62c1442e2dc922
0xeb1fe702954cde4078c830faf2613bd97444b77a,1,,0.09795,2025-11-27 03:18:23Z,2025-11-27 03:18:23Z,0x3c671f7947f65d2b8b2a54b3dbaec7720c82c1b53d157e6ac77aa15565ca9b25
0x6e80730330300e31fffa77599b33a4d4975bbb61,1,,0.09792,2025-11-27 03:19:59Z,2025-11-27 03:19:59Z,0xd016ea0ad3948f6ea9bc2e2fcc03f87ce1718c9effe10419f41281c2ebc13335
0xc55a614a4b513dc5241b761e2be41ec52131563f,1,,0.09797,2025-11-27 03:26:11Z,2025-11-27 03:26:11Z,0xffbe2b837177c34fd7961d10231ebe8d523f2e6ce3845224b68a327604a0d33f
0xdd893fb74fd4cb10172f61dc3e50d14729d283c9,1,,0.09792,2025-11-27 03:34:23Z,2025-11-27 03:34:23Z,0xc90625ac5d0d575e19553a12dddf0c5f5e51381d6612bd80a3c77f6063b472a6
0x2fa1002ef6708c649c9645803fcd65d79594288a,1,,0.09792,2025-11-27 04:49:59Z,2025-11-27 04:49:59Z,0xa9de4d963913375ecf319c281becab0e265663c1be1bcfb096fc76ba565a8a00
0xa788578b036f6155592f23a65401d6cb6b72171c,1,,0.09795,2025-11-27 04:52:59Z,2025-11-27 04:52:59Z,0x4c177d09cafcb42203b56db09a25b1dbd8e220e0e2350fe5cf351b78505184af
0xc6cd22c4f7fe856ca15b52a114e7d5934a0d9550,1,,0.09792,2025-11-27 04:55:23Z,2025-11-27 04:55:23Z,0xdca46dd528c39b825f62fd490d12575d4a86978517f030302c98e1e24bf562b0
0x10629d8a8366639707f420365f1d0b92c3f06188,1,,0.09795,2025-11-27 05:14:59Z,2025-11-27 05:14:59Z,0x98f06752402b5dc3b2262cded63ad35477f7c979f6aaac3b704e75378a69c81d
0xe82aaea6c638e02fd9322dfa51a581066046aa94,1,,0.09799,2025-11-27 05:32:23Z,2025-11-27 05:32:23Z,0x6b960ecb8148aa6e4fd4870a49dd467f199733c2b74041f61689e3a862ea7d14
0x27796b1d5d5bf0bda84759b64e04cba6379a38ca,1,,0.09792,2025-11-27 06:28:23Z,2025-11-27 06:28:23Z,0x06afde7d29012a7e59ddc1e70f9f017547e964d6c8cd9614afdd2cfdf6317eec
0x9f2d55594d93d39cb9e6ebcc2fd0810a2c7c75ce,1,,0.09792,2025-11-27 06:30:35Z,2025-11-27 06:30:35Z,0x9dc4541e03680930e36efce1d8c3ca7928bc4ffddfa21fd739e3aecd9b7f1ef4
0x865961bbe6d6b8e1267b43b482693b83df1cd379,1,,0.09792,2025-11-27 06:32:11Z,2025-11-27 06:32:11Z,0x5d86def1ccb8a9bce9efb40a41ba89bbcce9a7a091182e04386f6cc622dc9d4b
0x0848623e5879ebc466af645bd74512dd955b5e74,1,,0.098268,2025-11-27 06:32:23Z,2025-11-27 06:32:23Z,0x915a4e0aa56210c47758e6ac56c0cd80d7f1132841615e6b80af5d41aa665a4b
0x650dfd88a1f01a6777bebe23c8104b16b3db1cfd,1,,0.09792,2025-11-27 06:41:11Z,2025-11-27 06:41:11Z,0x1dfd81b032a6ab64757654868ead27d9807f0902c35285f37df4779bbebac2bc
0x0f6d1e3256d22704b7bc8c1befa6729be94aede8,1,,0.09799,2025-11-27 06:51:35Z,2025-11-27 06:51:35Z,0xc7ad6e4b241533a8dffa73fef9d575e1a15f9f5391b951df091ec11350a336f9
0x5bc1a1f34ee5d4af370f537c062d5be47203eb2d,1,,0.09795,2025-11-27 07:09:35Z,2025-11-27 07:09:35Z,0x54b061327fe190543ede4f46c8b9a58fb59b8d971542bc9b5ec8b941c3ae78dd
0xc34c704db7c400163639583fa79ac777d946a6d3,1,,0.09792,2025-11-27 07:21:59Z,2025-11-27 07:21:59Z,0x6981e71c5c8d0c78d0763761e6a8e2a99dd8f03e708cd9f71c50aba182790e91
0x94c9dc7cacdb9200931ee2fefa27aed2744d7b50,1,,0.09792,2025-11-27 07:28:23Z,2025-11-27 07:28:23Z,0xb301f4d1e7a989fe2c2239b719b23227f962130b18a836de87f1d2eff492f756
0x2e6111cc2966fe4f2c71f2994da96d16e10a11ff,1,,0.098273,2025-11-27 08:28:59Z,2025-11-27 08:28:59Z,0xe3a354c7c287e12d312c302259f401724ebf5c37e7a1ac2beacd0059ec4a3476
0x46dc623e4cb3d356cbc85e5ab18b9cc9d0501c73,1,,0.09798,2025-11-27 08:42:47Z,2025-11-27 08:42:47Z,0x6cb714db9b4e0cadcb2d0d070073d28935d47d0b5633d0532df97f7a2c94795a
0xc69ae22e759dd70fd3da236b019e23ae08f11464,1,,0.09798,2025-11-27 08:45:23Z,2025-11-27 08:45:23Z,0x3db913d0f46dd7b985d4f2a4d51b0f98d435a268a0c156e4238f34ec2102cf43
0x20e59e010b9c5df851f9a94a62d66efa019001b1,1,,0.09792,2025-11-27 09:24:23Z,2025-11-27 09:24:23Z,0x11202b0f56943ebd59996fed64c47e3a83ba2991c03e3fde17600552a0372257
0xf5eb4aa8c6c9bdcf733e013f8b5517310afa8881,1,,0.09792,2025-11-27 10:11:23Z,2025-11-27 10:11:23Z,0x0da38f32c7a609daa919b1de0c73ca52b0a030fbf0c6c7155cdc40eb62c0b920
0xe289f1045aa8ee8f50bf0f00ff3be7b8dd648a22,1,,0.09795,2025-11-27 10:12:47Z,2025-11-27 10:12:47Z,0x818a52d0e3d53dd7bb984a01297caf165ab0382e3190f9713ea34d116ef546b8
0x3ea0c1b44edd73c1775ada8b4b81368a5d520e01,1,,0.09792,2025-11-27 10:17:47Z,2025-11-27 10:17:47Z,0xe594a762f116396224bff834eba6f9e9b490c3b43f3ac54451c0979244860e3f
0xd6b7a40c6f5e13d4756b4946ff462b6c1510bd83,1,,0.09799,2025-11-27 10:18:35Z,2025-11-27 10:18:35Z,0xc0c2547531b6850c04b188985edbedabeedf5d796fb60d3ec457af87fea2e047
0x84c646bad05ea8c5817116153a0fc2d754a26cab,1,,0.09798,2025-11-27 10:19:35Z,2025-11-27 10:19:35Z,0xf26a0e89db79915ab16fc56cfe8b257b7e49fe51f36cfb06802f14f05f0216e7
0xf6ad7c213efcb155bc609be089e11e525d74bb07,1,,0.09799,2025-11-27 10:19:59Z,2025-11-27 10:19:59Z,0xab9df764868f7bf11252ddecd2ecdd11abea7589c3961123ca9bfba8cb319d12
0xc84cccc4d31b4f681ab558d6fc31a3bdb828857a,1,,0.09795,2025-11-27 10:20:35Z,2025-11-27 10:20:35Z,0x52b106d66082dff1a7bb809304fc72c3cdaf058e025cc8b21871b996409e4577
0xd074868c15ef4005b1445fb067162b3cbfff34db,1,,0.097961,2025-11-27 10:20:35Z,2025-11-27 10:20:35Z,0xad8d61fd6cbac8336938358cab5a4faeb7c107367042b430df27f78a8defae41
0x77bbbb337863f04b97204f6b84e9063f5a3caaf2,1,,0.09795,2025-11-27 10:21:23Z,2025-11-27 10:21:23Z,0x367da1989715499785d8821166ca46a35ee04a3f32c1e2d483d0e431a9149200
0x62bf52fdf76efde15e4f5af0a172dc70f777e095,1,,0.09792,2025-11-27 10:21:35Z,2025-11-27 10:21:35Z,0xc72576e22b18e1478818df6aa700920a85b6a0c1333a527e623c179b70054b10
0xdf6c74de54687a6cd54de8664de5ab86518543b8,1,,0.09795,2025-11-27 10:22:23Z,2025-11-27 10:22:23Z,0x491862a15d9cd6c9bdfd0d7dd6cea4c000be1201b79f75a04d94c3d694fa5fd9
0x85a03abdcf76a825af1c749b347b7b7ef24a5217,1,,0.09795,2025-11-27 10:23:35Z,2025-11-27 10:23:35Z,0xf26402df23fa37d024f7a5fc33c72899fa77f1686196afd692a66b067060ed1f
0x32b458b5dd9f04b0cfd29d11edb9d2a6c56680bf,1,,0.09799,2025-11-27 10:24:23Z,2025-11-27 10:24:23Z,0x5e7164faf51c40a8d24307409b39f533a6a7e5c1982e5c4f55515c853c0e4b3d
0x8e0da1ae124264740c7a875dce4a1682ba28a9be,1,,0.09792,2025-11-27 10:24:35Z,2025-11-27 10:24:35Z,0x9ceab3cf9101bdd23e61adb832d393db5e893aee5215091e3cf27f021e4cc05a
0x06a3c1bb3c0d3f1bfa78fe164fe4e522a08e4401,1,,0.09795,2025-11-27 10:25:11Z,2025-11-27 10:25:11Z,0x741aa50b2780cacdc7ea1aba61c6adb5a9c3df41b74cba87f3cc5f9578525d96
0x54a40d96e31b5b2e218d98e283f1e25c9619f7ed,1,,0.09792,2025-11-27 10:26:11Z,2025-11-27 10:26:11Z,0x7be983afe6aba98ffc9c3c2b2f23242341a28e7b83eb63ea48532bce22afb536
0xf26b0864bacedea839cfeed23c43917c11f8f0ec,1,,0.09792,2025-11-27 10:26:59Z,2025-11-27 10:26:59Z,0x6d164fd1cc0f2f2f76a83e1a8fd5502f279ed02cf8d17aaf5421391eda9e5787
0x2b238a818161a74ad91f03ff3409f8274232fbfe,1,,0.09799,2025-11-27 10:27:23Z,2025-11-27 10:27:23Z,0xc9bb5db809a6923f5fbaebd986da892b966dad627f84c5c9f77804927caa1346
0xd03f215d3601d1cc5c9a3a2d1efe4efb84e79bbd,1,,0.09798,2025-11-27 10:28:11Z,2025-11-27 10:28:11Z,0x5d6d3bfa4c169639c7f60fd927d1dd7fef3dce658c6f5710b2853dad2e8ca7e3
0x362574e5593173e27f0bd4b3a6a921baf7a9b247,1,,0.09799,2025-11-27 10:28:23Z,2025-11-27 10:28:23Z,0xb5f82db9569c7913bf3a21ebf9dd4ee5e06870376c6959dcd6a39f783295c15a
0x0063c81194b5d1193a0cf84841c68d322fc7e547,1,,0.09792,2025-11-27 10:29:11Z,2025-11-27 10:29:11Z,0x7bc7f06f88aef23c4f696d057458d3166eeb00cf488e30f4b6d0fac942ed70ad
0xf67b99e8f54d3edeea0674e52e9c574ce4cbe7d6,1,,0.09792,2025-11-27 10:29:23Z,2025-11-27 10:29:23Z,0xc96eb0e232e325e8ecfd5859a607c5ab7151ca6df8783b57d1e8b58816340027
0xacd598ce89115b51590a3e85b9cba3b60eee9029,1,,0.09792,2025-11-27 10:30:11Z,2025-11-27 10:30:11Z,0x32adac825d798019003d9d81d9f4d97d05d39684b39fa981da033df2c5e4d9e1
0x6cb43daaaebda9e7a22205d38e9b96ec6c31c655,1,,0.09792,2025-11-27 10:31:47Z,2025-11-27 10:31:47Z,0xfce8bc688f36814d7b6f45bdbaee7b9a43598781933bb04e088d00a76e2f0748
0x2fee6068b92a846ea3235d155434c97d0575db12,1,,0.09795,2025-11-27 10:31:59Z,2025-11-27 10:31:59Z,0xa84a86881f14af2acb34fa313aa129a3a3d9eb8164cc83c301cb955756abe69c
0x25b3d8875b2b542aa90184e2d2aba7c8330bbac4,1,,0.09792,2025-11-27 10:32:47Z,2025-11-27 10:32:47Z,0xa8d06f948416bcf687f0c524746dd4d858f99952cc986ec3711e0e2b936394b8
0xd5bf28e1a53f795ff3839a807235857968707e98,1,,0.09799,2025-11-27 10:33:35Z,2025-11-27 10:33:35Z,0x375a8995c033ee8c19aa44cce75f5d467eb539bba9ea442b3f3302499357fbcf
0x4ae936f52ae1b8af00615fff1532bbdfa8565f56,1,,0.09799,2025-11-27 10:34:35Z,2025-11-27 10:34:35Z,0x7a889eb5e9d07e6571d7abd0df9410fcab4b16d2975567c9654f3e53bc79732a
0x06b0ef06b23d19a8dc91ef63a8a62f1675534395,1,,0.09792,2025-11-27 10:35:47Z,2025-11-27 10:35:47Z,0x7968de2d21dbb0e463052c243acc22b8f9105c565c5b6334e035d1fcbf366320
0x8c79d0d13a141a2a4ec22c85ebdebf622d836576,1,,0.09792,2025-11-27 10:36:35Z,2025-11-27 10:36:35Z,0x3ee1947bc91d1d6c06119520f17c3172e8598010e4b8b7d954105d7947b7200f
0x0bb9c93e1ea1a3f420507e2dd96c652525e880e2,1,,0.09795,2025-11-27 10:36:59Z,2025-11-27 10:36:59Z,0xf0979405e71360d665d2b19674276e5284ece3de47c32ab5c6348b246746d35a
0xff08f9b3611687dd9f2266d7a7478b802389b940,1,,0.09798,2025-11-27 10:37:35Z,2025-11-27 10:37:35Z,0x1dcf3af79b98599403f0f31ab142418513c9d8a164facc93559a74d49ca2086a
0xc73e0ef196126f912893366d7d12fd2ebbc9df15,1,,0.09795,2025-11-27 10:40:35Z,2025-11-27 10:40:35Z,0x14e53c64267491912a465255de599cc51bd2ec32a3e073d416fe08faf4764391
0x8f0eff7f175cdef3a0bc6f7adee4e518a8378719,1,,0.09792,2025-11-27 10:41:35Z,2025-11-27 10:41:35Z,0x44399cb77efcc1d43399e36ef95b68c76d585d47cb27bdbe715c5dcaad66bf71
0xd7eefc155365a6ef3fe086c9704a1b5b68a9897c,1,,0.09795,2025-11-27 10:41:59Z,2025-11-27 10:41:59Z,0x971e07d207cd33f0c7fa880251e4a969feefe6baa501042f49a02deb837ac8f9
0xd463a41aeb7b2b3802c581f8e180ba230d5e0f19,1,,0.09795,2025-11-27 10:43:11Z,2025-11-27 10:43:11Z,0x52f58573766309278f3a174df94cfd1d40a0b3135a59de2702322c7056e645ff
0xfd752b253fab9fe9524635ddb63944360dca7b84,1,,0.09797,2025-11-27 10:43:23Z,2025-11-27 10:43:23Z,0x89e66d6c75de00c41d7f9980958e495ddbc01de691a3645ca008e62943b89b46
0x5e9622c6e23007df73766be9d74357968e21221d,1,,0.097889,2025-11-27 10:44:47Z,2025-11-27 10:44:47Z,0x0c11ee7bc7509a89d6cfb9da18c16c8594bb917b0f5f0dc375ead2d0ceb47bd4
0x54830356e0f75c6822dbb25c051f421d6fbda5a9,1,,0.09794,2025-11-27 11:16:59Z,2025-11-27 11:16:59Z,0x62494ab04a9e663b8c02e622f2b8092cd4772f5f3762637cbd9ca326ed2b8651
0x43222d38b5277c3ccb5fdb6b855a804a7ed0d519,1,,0.09792,2025-11-27 11:29:47Z,2025-11-27 11:29:47Z,0xf8d6bf20f4b80df48dae37b52339b91c84de5d1d143438fa87bce0d028f3beca
0x26189aef81bb7c0b6cb5b56cbc34986897da9c26,1,,0.09796,2025-11-27 11:34:23Z,2025-11-27 11:34:23Z,0x93c30ff72f1a815cedba4e352644872553498b0e2525939bc05097977b1d0e2b
0x85120d791e9077b9ce96d1b030a1ff40cf5f2837,1,,0.09798,2025-11-27 11:34:47Z,2025-11-27 11:34:47Z,0x83a913d68446070d735685f5323e068cf265cf5934a49ae5f3be3f88ddcea052
0xf10b95e1821dda6f5f0c1e9351d9ca0d3e42cac2,1,,0.09799,2025-11-27 11:36:11Z,2025-11-27 11:36:11Z,0x850dff369666100bb8609d098aab503d3c20c5053d95dff67f28f180d407d7c7
0xadff4fbe7dafb1e798df0de7803acee26b7a88a2,1,,0.09792,2025-11-27 11:38:11Z,2025-11-27 11:38:11Z,0x3a1a81e7a8b90de5b3982af85ad7917725d0c7106db017cc8d311ddae3fe1188
0x7f5c5f2e4496856445c943e34e5f5ebeb5d5908e,1,,0.09795,2025-11-27 11:41:23Z,2025-11-27 11:41:23Z,0xa4147cc09f546835e654d0b5847b6bc1696c42c9d2872358ce0d6daf1d4f231e
0x389234dd43a8211132ab4be42ac09b0c52691965,1,,0.09799,2025-11-27 11:45:47Z,2025-11-27 11:45:47Z,0x99d03cb9ba70a232e932eda9d74b25356379f94d9b722078ea5ba24e7672153e
0x3167e7ddeecbae10ce7a410fa58484e4d86bbf9f,1,,0.09792,2025-11-27 11:49:47Z,2025-11-27 11:49:47Z,0xb6955bb888baf7f81f7a7acc7f0c80dbf8704e0cc39128507d634f3eb892758e
0xa8148691c5a1d64c36d7865312bcb7bfeabbc4c3,1,,0.09792,2025-11-27 11:52:35Z,2025-11-27 11:52:35Z,0xf3830b770d8ac22beab0f9ae5f972e2815568ebcfe0ca586b400a48c48b35709
0xd9a91c0bf48a84d69605fc77ec24fe2412029a2f,1,,0.09792,2025-11-27 11:54:11Z,2025-11-27 11:54:11Z,0x6012a2a2918fe127c1d09f4c5c3589e2d1d36260817cb81f0a6eb85d32a5dc38
0xf17a10bd43f7a631e3bd2d395fa95050ca8720bc,1,,0.09795,2025-11-27 11:54:35Z,2025-11-27 11:54:35Z,0xc2fb03d9a023c925f6f6b827734dae90170e6714e5c671e5906e53594421842a
0xb9ed0ac2e7095c5c2f6242644a37675ea2f8dba0,1,,0.09792,2025-11-27 11:56:47Z,2025-11-27 11:56:47Z,0xdcf4f85baf2cc2f28bc00f6bf72a0334385b366ad7725bd565be3820a23aad46
0xce8b963192d4297df1b2579ec5d67dee86fa6089,1,,0.09798,2025-11-27 11:58:47Z,2025-11-27 11:58:47Z,0x9860de788cb5bc0b78b14996fb43b7d4f1c36621e000753b91ccb448d0ded460
0x9c6d466b1f9afdd483ed4fb7cf1b098a17adab23,1,,0.09795,2025-11-27 12:02:23Z,2025-11-27 12:02:23Z,0x605acb66a5758c165188b44d3ba60508df11b812949067643232084117bd14fa
0x25ef976799d39c9d083aeb0cb628b9f5e74a70cf,1,,0.09795,2025-11-27 12:05:11Z,2025-11-27 12:05:11Z,0xbc666ee1e6e691b43cd2a45705df8e808748c9a4a5146c8750960ea9326ab463
0xeadf987cf245d7dd0c4e87e3f13a71fcb74a8920,1,,0.09799,2025-11-27 12:08:59Z,2025-11-27 12:08:59Z,0x7f3a84043b05cf88039f0f1562b27d4dba497322f51c9a5ccd93992ba4940c6c
0xed11254ea691b93c8a05fb73beb694aaf5dcb9a1,1,,0.09795,2025-11-27 12:15:11Z,2025-11-27 12:15:11Z,0xb1743c3ed413c4361fbd7c9a8c71876cd7821e1532400b6eddd8e0d0eb47d72f
0xf5e49a8c0963bcbc8825ea69ae78d3e860e52598,1,,0.09795,2025-11-27 12:16:47Z,2025-11-27 12:16:47Z,0xa1dc3d97edc99a78895bc4ec0fb9ec17753e6448f625b3e1939313c63b9c5358
0xc60cc121d00a7fbbfba5f33b5d90fe559e3c2796,1,,0.09798,2025-11-27 12:21:11Z,2025-11-27 12:21:11Z,0x077e4f681bbcc696d3dd6e38f3b6ab9e1e9574f65d82e10f482497c561985cf9
0xc0ba1acacc09074310c3b90c6b8cfefa77b63149,1,,0.097892,2025-11-27 12:29:35Z,2025-11-27 12:29:35Z,0xb426e7175aa690895e63fc9b3d78a23d7e8fa3a756bc0487fe33f9bcf823ede2
0x8d3f4f9de6ae015697b2b7c9c6dca1954d890c08,1,,0.09792,2025-11-27 13:50:23Z,2025-11-27 13:50:23Z,0x5435a13f0dd910319ac69f52001ca4bbdbec9a59d449e3ae7b130aec658581f8
0xb0806030d024bf0e123bfd7099ed629a2d11655d,1,,0.09795,2025-11-27 14:10:23Z,2025-11-27 14:10:23Z,0x951555ec324f4fe9ab92ccc7a87d4bc2fc51ffff7f10347f03f50062f7ef4a66
0x81063fbfd33d4dd0ea6df5bfbffe29d230764ee5,1,,0.09792,2025-11-27 14:38:11Z,2025-11-27 14:38:11Z,0xfa6f92bd6080d1b0f56c00aba7a930b5405d251287b34f106824519026e16b0f
0x87c9c95711b95f5ce0b9c152893de41ffa975c9f,1,,0.09792,2025-11-27 14:40:11Z,2025-11-27 14:40:11Z,0x256b49400c0fee9f1f950931a4d79b3df188dfa3806dc4634cb3616eeec230fb
0x2aa1029473324eed7c81c0ab98a69dbbfe4b17f4,1,,0.09799,2025-11-27 14:40:23Z,2025-11-27 14:40:23Z,0xe4d56a365d7aa2753eece91048565aeaca30da3675daff7f2e92f27276c1cde3
0x60c801902f6b0db79d351100558094baed405924,1,,0.09798,2025-11-27 14:43:11Z,2025-11-27 14:43:11Z,0xa13dbce0207a9d8ac4048df0d8af721c84615418b0dd6f9d168c369e290cf9b4
0xf6d9dc54b0ebe812fb42ee65279bea8787a99cc6,1,,0.09792,2025-11-27 14:51:47Z,2025-11-27 14:51:47Z,0x99a9d6c81a87168090c72f346574c927ec24a5e46050e208ede5f62c56325d47
0xfea7d3846eb5645cd50d887b68f23af8237c27a7,1,,0.09795,2025-11-27 15:03:23Z,2025-11-27 15:03:23Z,0x39e4aa42720b752ce07373effec435e7cfdce2d402716d050c107005c5bc6f69
0xebc26cd1c542b899ad42213f0c94c012aaf5c401,1,,0.09799,2025-11-27 15:40:11Z,2025-11-27 15:40:11Z,0x646ee53efd1ff212a0b538e5c3cf2a310cda5cb89a6f4a4845acfa01439ba734
0x836ec84dd4658be2dc9afc3d275e2ff0ce6ae0e7,1,,0.09792,2025-11-27 17:12:11Z,2025-11-27 17:12:11Z,0xfbb296b4d481172dab488db8af52e2eccb52e7383ba6c6ec6c0f77ac2299d641
0x9d689d0a142a9a0219912dfc3b725ebe30570718,1,,0.09795,2025-11-27 17:13:59Z,2025-11-27 17:13:59Z,0xfe6ad7bb78a5ac9d5d7bbf4c04e146d900869115fcc832fc14f31a3bf08de9dd
0xcc2713ae777b9b4b0628ecc12c5dfdc03f305336,1,,0.09797,2025-11-27 17:16:59Z,2025-11-27 17:16:59Z,0xd7cbf52b4c06b1a3cf76e0fdc900810588e9a5f400b3424a6b88311ba6cfb904
0x3b4ceaa0b5ebd5540a44c9a7f52d210dcc327d3a,1,,0.09797,2025-11-27 17:59:35Z,2025-11-27 17:59:35Z,0xfe60df4a3b5a7c1a4b33df8132ac17463d5199af2f1c2609f4275b6a45dfe7f1
0xe2a3b13da4a98425f49788c252f04637296353b6,1,,0.09799,2025-11-27 18:03:47Z,2025-11-27 18:03:47Z,0x726ccc6bb6513b8f17ee95f2fb35946a067122d3deaaa151b33e6ac5fccf1734
0x9db7ef9e93a97b8069ca603e6f173cc6a0cbb0bf,1,,0.09795,2025-11-27 18:10:35Z,2025-11-27 18:10:35Z,0xf3b4dde7a1ebda5bbccb2b113323b4fd505398df54415d4d12cb5413e0fb8730
0x289b0630d19dcf998fdc291953f2bfa6e9d44acf,1,,0.09798,2025-11-27 18:12:59Z,2025-11-27 18:12:59Z,0xd5abc25ed1cfe4f70b269c16f857507c8b374d408cc0c828d66fa6bc965d4df1
0xc371d43c090cfaaff307fa51b0ef35fdd7ccb822,1,,0.09795,2025-11-27 18:17:11Z,2025-11-27 18:17:11Z,0x0942412016bead78d09d16c6a8d197c9f33f63effafc0404e3f9cb2bd59888ad
0x305bb6ac69b96fe9f4f679fbcbd46b3a47a800d0,1,,0.09792,2025-11-27 18:17:35Z,2025-11-27 18:17:35Z,0xafbaa9dfe47b76f8bea00ff524bdd45930e6a964a72281fe213834f117a1fbc3
0x19d9aa0acd1bf430adf4b34b26132d2010023f10,1,,0.09792,2025-11-27 18:51:47Z,2025-11-27 18:51:47Z,0xce4f5fcb6fa75d2dcebe34fcada94ec804088bfdf8f48a5f6d4860933ff85a51
0x34397584973ed1e300522ff6449afcf6607e7000,1,,0.09792,2025-11-27 19:18:23Z,2025-11-27 19:18:23Z,0x860e7939a2172fa09224ea76270ec742d4bf53e591f27f1b46d997b92b4f27a4
0xc96035d181403b2e9d56b8b447edac876c18b144,1,,0.09795,2025-11-27 20:16:11Z,2025-11-27 20:16:11Z,0x9108bad9937a200eaaeb3bfd18848de019d7cbcdb748d27eb017b0d0f8a8d5a1
0x7eae9ed5fb5df36d4c1152f2d159881fd059f2cf,1,,0.09795,2025-11-27 20:25:59Z,2025-11-27 20:25:59Z,0xa08289ceda96c47bbb6c2ef6699d85d1b8892d9b0bc19d67e02a16ad11f3aa20
0xad421d3b61bc372387e5bb8cd967985c70b131fb,1,,0.09799,2025-11-27 20:46:35Z,2025-11-27 20:46:35Z,0x5f12429df4405a8be0e446049e3d39554a8ee12794cdc43ef014a47f695bebcc
0xe9bdb58d13f5ce15241ba465399e8c96d73347b3,1,,0.09799,2025-11-27 21:03:11Z,2025-11-27 21:03:11Z,0x381638f04f5580af6b6310656a41100bf186b09e6238a82f3a924a723dd6d0d6
0x1a41c43fdc8c0118d9c42039e226ae87a1d50b79,1,,0.09792,2025-11-27 21:06:47Z,2025-11-27 21:06:47Z,0x722a5dfc67896f9a2ae7b827e501b524cc64d6019f8bd207d60ff0e9a4b6715a
0xcef7b151101ee34c0fab794c26933a65473c3179,1,,0.09796,2025-11-27 21:19:59Z,2025-11-27 21:19:59Z,0xd01333ecabc682ce3573c83be1484bae5707e125402d0e271cb9814d38239c14
0xe943b055a7ed6ccdfd56b00c0da0b2b1c58fff45,1,,0.09792,2025-11-27 21:23:47Z,2025-11-27 21:23:47Z,0x1f2f8da44aaa8a2221be63372ecb5a9e40f6e7075e35b47a7d965984d6176d7f
0x44af82af9e3cb73b28a57ca4312d0cc99aa5cae8,1,,0.09795,2025-11-27 21:26:47Z,2025-11-27 21:26:47Z,0xd3d22868f978d4da2ec41c3f47a5f78149bf6ac6fda1655b28cb5745d653dbac
0x41424ac5c580f81a0d0926307d2850a2271f6ae5,1,,0.09799,2025-11-27 21:29:23Z,2025-11-27 21:29:23Z,0x526c8241c9ff9a1774b47972d36beaacbeff551c7ce9f15a45caadd3e35e0be6
0x86a58a65f1c9b2f30adde5fc8d116e3ebb894b95,1,,0.09799,2025-11-27 22:29:35Z,2025-11-27 22:29:35Z,0x7e91461916caaebd06644c0d65ed46161f05861fe2c9646af19dacdb091cd17e
0x7aea225361c70b6c17d86eae729370472b2a8b15,1,,0.09795,2025-11-27 22:56:11Z,2025-11-27 22:56:11Z,0xdab8e305cb0db6459070711dc16fe4639e959e1b16ebb11226fd3b5693c8922e
0x21f163f9ca912e4bb1e58d3adf752f33344eed15,1,,0.09792,2025-11-27 22:57:47Z,2025-11-27 22:57:47Z,0xa56fc53da80262f0c3645bfd89096100c9f51f689d5ad3784f2924f67335717f
0xfcd5c1e6b7c1af3e8036b37505085ab24825da10,1,,0.09795,2025-11-27 23:14:47Z,2025-11-27 23:14:47Z,0xb86b23cc6a136d61a448717db64f579031025043081d8f5fe9a56255c94f6be7
0x9a2109b6bbd7e8d011e715c753166dd0bd287812,1,,0.09798,2025-11-27 23:32:23Z,2025-11-27 23:32:23Z,0xfe5d2ea7f5d3050213d52ac7a119d1399c79ff59d918be9dffd93e35f80a7267
0xf8519455e029c1425855629107308c0f8c07345c,1,,0.09792,2025-11-27 23:37:23Z,2025-11-27 23:37:23Z,0x3f65da63cef23b118241e05d1093d38a2dc1f3d95a5d9a8ab46c339138b086ea
0x49b7c6898209e4a5d383ca3305c3015b438a1d63,1,,0.09797,2025-11-27 23:44:11Z,2025-11-27 23:44:11Z,0x411c7a4bb34cf8b907a017da564a2344d60e2ab61f3cf5e287c21295e45868b6
0x5b705df06b7e271dce0aa067588ef59b96a85333,1,,0.09792,2025-11-27 23:49:59Z,2025-11-27 23:49:59Z,0x1fbdacc7211a7cdba154b47d17124b4e548a23d96ab8e69fd7af0495b393efa9
0x914589cd862179afb4633ea4924b2cad0bd92eb7,1,,0.09795,2025-11-28 00:11:35Z,2025-11-28 00:11:35Z,0x53e83392b823244d5b4f739b6df51e5c6803389c3384371954f57ed97dc347ef
0xa53b730d5edfa521219334167c9e76892fd5576d,1,,0.09797,2025-11-28 00:15:23Z,2025-11-28 00:15:23Z,0x7f1322b8ac478a1c5c3147b168d01ed8bc381e8fe90c7d3f3615a12aeff58bf2
0x73a27ca2ddee6eb72d18237aab70723392ff5518,1,,0.09792,2025-11-28 00:30:11Z,2025-11-28 00:30:11Z,0xf6d0f585c0c69fc139fa75ed2090abcc412f2710ec86df4216dee7829b6152e1
0xbd9d90b3ee5071132b6e60c760e71f5bc5aa8cdd,1,,0.09799,2025-11-28 00:38:59Z,2025-11-28 00:38:59Z,0x92a13986f912773ce6ea6c5f2e7b3ad55b8635165c88faf81d2f1d2664b3fc67
0x6773bbdacddfbafd17135244bdf0dab6beb0dfaa,1,,0.09799,2025-11-28 00:39:59Z,2025-11-28 00:39:59Z,0x5535843810558f69a708790738f367c5630a57a4b73c669fc81f85a3a73ab1e6
0xc86616ae87bb9e72a57fe693841cbd8063e538b3,1,,0.097899,2025-11-28 00:45:35Z,2025-11-28 00:45:35Z,0xce9be939ee32995dbb83445f0d42d68bcf8ca6107f3a80c1746964b1fbaef0f5
0x5362b6791a0739a731f43d63a7a60927fcafb3bf,1,,0.09792,2025-11-28 02:24:23Z,2025-11-28 02:24:23Z,0x82d9950f030581bfa5a81a269d3908034d1f4f8ec0230b7e11be47f8fd92c4d5
0xd32c581a13146bd8eb5e8a53935171414bfb8e07,1,,0.09798,2025-11-28 02:28:47Z,2025-11-28 02:28:47Z,0xc4417aabded969a6e1e959c857b2030b73339adc0e438036c24f723dfb8c8555
0xf030301198aa79c19109e360b5ae9765e9b2521b,1,,0.09792,2025-11-28 03:05:47Z,2025-11-28 03:05:47Z,0x8bfd2fefcce202e481e53864ca59db6e50fa56f0d8814fa21aeb7a0083ed1ab3
0xe5d9ddd67b8da3750d1f0cd0e2cfe67480edb556,1,,0.09792,2025-11-28 03:10:47Z,2025-11-28 03:10:47Z,0xb00607607c08b58d68f3fb395bce22a59e2912b8c785b018ae30eb83d4a0e82b
0x9da6a96ef559f399ccfa48e7e07a7f0161a595a4,1,,0.09799,2025-11-28 03:16:47Z,2025-11-28 03:16:47Z,0xe0a3f32aa92269d47d0aa7345333141efe4a1790e4f8fc8ccb7c1fb13328b70c
0xbcf36aadbe96e791c023dbde5453a3e6f48c1e91,1,,0.09792,2025-11-28 03:22:23Z,2025-11-28 03:22:23Z,0x7374b30b05069bd80ca6d05b3438229e3cc88b4a12f0f4234c0afd26a5556036
0x911af06730d2c058dc9c49378781ee06d09d0f2b,1,,0.09796,2025-11-28 03:40:59Z,2025-11-28 03:40:59Z,0x63c217472631cc4aa4c34b08ec0144815be3c96b0931343abb0ea101491d5a6f
0x19d79d924180c8220e7e47beb4dd4f30fa4c2a33,1,,0.09792,2025-11-28 03:58:11Z,2025-11-28 03:58:11Z,0x011ac604c08d2ccf9cd4ae2071bd98e3d52a7d2a5140b9eab6a6940a357c7a7d
0x13ca6168a4880d00ac99d13c9580f88931b67d88,1,,0.09799,2025-11-28 04:13:11Z,2025-11-28 04:13:11Z,0x1d3fb17eb2599ecc8338b6804caefdae4d66ddb28d6d3ac72ce8acbaabd11e41
0x456298279d00f8ec6ea5bf87bfbdb60e19d0141a,1,,0.09795,2025-11-28 04:20:47Z,2025-11-28 04:20:47Z,0xe0ffddd205faef5d10b38b79e8b9154970803ef0ec0630edd328b33b292b3cc5
0x9929e62f7d1294ea33bae28944c7b8a6043cf5ac,1,,0.09795,2025-11-28 04:22:11Z,2025-11-28 04:22:11Z,0x46e05db7c0f76ff8efac7bc9c0ff8bc614d438c8133af6d639bb083be7f7be9e
0x01354d51e93c8fc95059b67263c914e723bab970,1,,0.09792,2025-11-28 04:22:35Z,2025-11-28 04:22:35Z,0xdd5b6d9b6e42561e3bdfc30b978cf530ab7b93692f3399e1253ea3edcd714d2d
0xf933de20580194f977bbf55d51e4476f59c76b90,1,,0.09792,2025-11-28 04:45:35Z,2025-11-28 04:45:35Z,0x3617b644867e4f24c1e74e068625e14fd9ce838d58a48c52070e3c0daca7e92d
0x80bea59be830e765988a73e5dbf8ae8d35337820,1,,0.09795,2025-11-28 04:54:59Z,2025-11-28 04:54:59Z,0xf1dfa03f01959a9a6384dfac829162d0073053ba5b3747e4a245313b9b1c63d5
0x84a41270b14dbb7559ccc74b4905591b9b91c93b,1,,0.09792,2025-11-28 06:24:23Z,2025-11-28 06:24:23Z,0x3cc6c1821cb4fc21c2868d2a27d56a4200d319daf77d87290e131a9e0aaa3140
0x8671307d3c45885c7a562e33d56f4af44984d6cb,1,,0.09792,2025-11-28 06:36:11Z,2025-11-28 06:36:11Z,0xbc8d58413d4c1f7af448a89367658762b0fde86e5a23418b35da6ad187b4b648
0x9e0a1b0f980db768ee41773fe3b132dd0cf7051a,1,,0.09799,2025-11-28 07:19:23Z,2025-11-28 07:19:23Z,0x74bbb596317504c5f61bf6c57a393f73b392a0d5861408d7e061dd7bca79ad03
0x565d364b5e50bc33ded0cd86659d7a4f242c6cc1,1,,0.09792,2025-11-28 07:29:23Z,2025-11-28 07:29:23Z,0x9dcdccf77dc7b27e885dfa068409de25bfabcd894258f74cc442a38e7ae8c067
0xa1c8091beec6e44c129c05fdcde1190124a60e25,1,,0.09795,2025-11-28 07:39:47Z,2025-11-28 07:39:47Z,0xe51b716766ba7cdf4e77c9818a332ea07328eee9dbbcb38c1d1003d654b0819f
0x256acc68eafb3246d3d858f7c1a70d5f6acee7c8,1,,0.09792,2025-11-28 07:50:23Z,2025-11-28 07:50:23Z,0xd7b2297233f7fdf0ffd8dba7dd7fc0595dd4a395681ceb03f581fb27638eece2
0x913ae38c43f697075429a248863637ee961ee8c6,1,,0.09792,2025-11-28 08:09:47Z,2025-11-28 08:09:47Z,0xe79978454986f4fac00052ed220c89ca969cde416efa33b24b01d406d7ea93b6
0x3ba4a07576a545f4555eb756122148baca728fc4,1,,0.09792,2025-11-28 08:20:11Z,2025-11-28 08:20:11Z,0xc9d23c276b451866639a252034b0596536a43be22dd24cfbc940a4965e8919f5
0x6d49d855287351107b2297e508ba3de27ad2d04e,1,,0.09799,2025-11-28 09:05:35Z,2025-11-28 09:05:35Z,0x2d9a0937bb185b926bc76937c8e639bf128cfd51881829af6953610b6ed3329d
0xbf24aeaff869f845154d4b22c5628dbad77ee0ab,1,,0.09792,2025-11-28 09:06:59Z,2025-11-28 09:06:59Z,0xadd02aa9fe782f8f5a38fa90d679f255b124523bc06720532f2b23e8f58b9846
0x0fd86072d45f8eb558e43e070582cf81a0ae8ed5,1,,0.09792,2025-11-28 09:11:47Z,2025-11-28 09:11:47Z,0x6dcfa08add4ef8d0a3f6e4a33054c1a5edf70d257568b8336141a80de8deb4cd
0x1b56713f3feca5075ef6d850495919da55db5246,1,,0.09792,2025-11-28 09:20:23Z,2025-11-28 09:20:23Z,0xbad7ce31d8e9d165f49ce0d34cfbbc5b93189d0bd3507112bd2d026cdf871cd7
0xc0b9384068c5b82b274e84bde83a98f6a51e7a22,1,,0.09798,2025-11-28 09:22:35Z,2025-11-28 09:22:35Z,0xe67ca4411e9ed9cdb1e025e5e2e2e0ac0de15d59c6f0c2e4b5e2cab1133d5db8
0x043ed6ba881e1653affcefe69166c4de41ad2741,1,,0.09792,2025-11-28 10:07:35Z,2025-11-28 10:07:35Z,0xd34b3d9391d335f83b9ef6dbd8398986f581961ddcd00fa067daa9dc45768933
0xc7d52406b72b681ed50e3ed0dee25ec0c13f83dd,1,,0.097926,2025-11-28 10:53:23Z,2025-11-28 10:53:23Z,0xcb98c1821be6c652d2f823b62e000467e82f675f6ac94a46168d32dec14f53aa
0xa0033edc2eb5633611bda55865a420f7a90f4baa,1,,0.09792,2025-11-28 11:03:23Z,2025-11-28 11:03:23Z,0xc7523dba6ee9b6dd783d564e4cfa139cb932d124175505c71583ec52cd174929
0x960bc7e2f5cabfd1a8bb5af8be8943a5312d9591,1,,0.09792,2025-11-28 11:04:23Z,2025-11-28 11:04:23Z,0x6a8faad163c238a81a3677b00fe3b4f9d7281169e08bff5626dd0b312cdbefc8
0x29bef927eea45ea4853a65179dba1ef756636ed7,1,,0.097929,2025-11-28 11:06:59Z,2025-11-28 11:06:59Z,0x8c93fba734041000ec2a7371e10193e0103d863c33625a724d37db6015b434e3
0x01ce74c0a4077ab2e1a41eeed1a3a84cc953cd9e,1,,0.09792,2025-11-28 11:59:59Z,2025-11-28 11:59:59Z,0x146ccc580236353a2d7dc6430aa9cf246e79e0079ff84ed6b694d995eae00d1e
0x40e2376ed4fadfed5a17fb0c86c502afa68c7497,1,,0.097885,2025-11-28 13:49:47Z,2025-11-28 13:49:47Z,0xad30e3cbfad4893f2ea6e20aa46c7210b05975e495280a307dd6990f9ab2af38
0x13d1bef4964b940be7bc9f635279a1f79478ed02,1,,0.097837,2025-11-28 14:29:35Z,2025-11-28 14:29:35Z,0xc7bdb5f4ecd8fdafa41dd44127e864b37aaf822bd4a9a0e6776421aee4b8b72b
0x5f9419fbd3405a569ca8f25678cba5c03ea3e684,1,,0.097858,2025-11-28 17:51:47Z,2025-11-28 17:51:47Z,0x5c9b68d3d7c0ba8b1c55b8fba2018c63f37240d4cabe05c012ba4e69455822e1
0x991b8923caa39c44ea11d9e016be2cf437622980,1,,0.097956,2025-11-28 18:48:23Z,2025-11-28 18:48:23Z,0xae70d94ac3997e90fcb2b05a7c772ef4d884c718f72fe51670061e9578e5b7f7
0x67417d7df1640050e81f0e224c60191405d5536d,1,,0.09795,2025-11-28 20:37:35Z,2025-11-28 20:37:35Z,0xbbe2924d69b8aac9795002181e05a8ad9054424430248dfba5edfb25cfa3a2eb
0xc784bc213f6c3b1ec3064c6031a75b9450ee3c16,1,,0.097927,2025-11-28 22:30:11Z,2025-11-28 22:30:11Z,0x053a3ff4730bc8642cb7bf194ffaeab9d2952d77e9e6909e54f9ea100dcd86e8
0x26c355d0814f9d7cabe48aa6c5975ec25283673a,1,,0.098279,2025-11-29 01:53:23Z,2025-11-29 01:53:23Z,0xe8f1594274311995e7e4ea5ca02ee1e1823f54eea7b5d5d6d3765c8087f06033
0x4dace7e0fb3367c1edba53e4b4099c0511cc3882,1,,0.097897,2025-11-29 06:57:47Z,2025-11-29 06:57:47Z,0x5b46e58785f243e1e47e0a12d2b7a9af72b60064c86127aad68ff99ccc5d9533
0x0dd3de04921fbad16c5be0dc1f59f49ef62e121c,1,,0.09792,2025-11-29 13:16:35Z,2025-11-29 13:16:35Z,0x25b4719a276472de048d4622c47da39a549c093edaac5fd5d28428a806de7a3f
0x0f2723cae1e917aabd8274943bc360679f1a27da,1,,0.09799,2025-11-29 13:19:11Z,2025-11-29 13:19:11Z,0x015f144668d794696495a44905e58caaf1fbabb940622fc1ca2fa0e1ee55b700
0xbcb5a8a6d5b20fe0d26fdd29449c48b58e825529,1,,0.09792,2025-11-29 13:19:47Z,2025-11-29 13:19:47Z,0xba59df28d059011030fa809d55da6917c6164c9e2d41739d778e0d92ad9e8c9f
0x6c7675d9276e0389da374575b6eed25cf5ab0c06,1,,0.09795,2025-11-29 13:20:47Z,2025-11-29 13:20:47Z,0x10ed6fefbaea9cf09484cd24759f4a2bbd12d3eff147d0b0a3a7ffb6f123317e
0xa42d9a547123569fc9f3ccb218d22c8d25c13f4f,1,,0.09799,2025-11-29 13:22:35Z,2025-11-29 13:22:35Z,0x9cd3ce77bffd2a6a64aec60b216e5330f05ed75e6b7616d8512e30fa83d97441
0x65a4554fba51a8a1989d311bfd1d17059fa2b4b7,1,,0.09792,2025-11-29 13:22:59Z,2025-11-29 13:22:59Z,0x83bd0777cbfa697651a629050e4079522d4118f6bb3f170e909e4f3934d1f5c7
0xb19791c8c054645d21bdc21c0989a348dafeadb5,1,,0.09792,2025-11-29 13:23:23Z,2025-11-29 13:23:23Z,0x4b0596d727fe813c5df02a4036017908d7e404dff73aa57022c9e3095fea369a
0xd91ac6aa345102f0b3ef88f2ea6be46fc48960d0,1,,0.09792,2025-11-29 13:24:11Z,2025-11-29 13:24:11Z,0x205bc7da43b23d02e574e623f3fac50fa1f76105dc8957623a094e07af8a76a2
0x2052e9a0a448e88846a7832192c06730c59e31ca,1,,0.09792,2025-11-29 13:26:11Z,2025-11-29 13:26:11Z,0x3746d7e64f5c2af5c5c624187bb17a6dbd211a1aad7482203fa77aa757d47d2e
0x463250e02d706a860c8bdae8d0b35dfc576a5c8e,1,,0.09792,2025-11-29 13:26:35Z,2025-11-29 13:26:35Z,0xb49ea626ba2ca15a4826a1be1c18d63e881f70a054916e998b88d38ba8bfd422
0x1fb45218e05d60e35ac16af8f8d11f5854db4384,1,,0.09797,2025-11-29 13:27:23Z,2025-11-29 13:27:23Z,0x15717f42b0ee43ab5aee4d2dfde3d34d1ff9c09ddb62d1712719cf36ff426cbe
0xc5e62d9eb9b313bae8da5fe919724db6c8fcb81e,1,,0.09798,2025-11-29 13:27:59Z,2025-11-29 13:27:59Z,0x28b2483ae193e8b9a4a219843cd101db9a613baa9e564fb287512110ba8eb864
0x7ca929f127e77fd514f5bfe241d644c27f7b0ba2,1,,0.09792,2025-11-29 13:28:23Z,2025-11-29 13:28:23Z,0xf202a173e14f87466775032246713cc3c90b3a804cb4e71ceb4aafe38b596cf6
0x2cf2ca83263d7a9c698def7c1395b9d5dbf6210f,1,,0.09797,2025-11-29 13:28:47Z,2025-11-29 13:28:47Z,0x2a2ddf72ccdd44667a437fe17fee0b59ced456911a52d2f396bc10976a75c1d8
0xe133b54cedb03d3bc18a0465aa0d701293712ada,1,,0.09798,2025-11-29 13:29:23Z,2025-11-29 13:29:23Z,0x0bb1e33e19c5cfa8ec6f360af314125092b532274cce47476de2037a51970952
0x4d94054f3e22c38fc37b17cbf2a2d94a4bc6f815,1,,0.09797,2025-11-29 13:29:47Z,2025-11-29 13:29:47Z,0xd03c5cdee182686bd4efe18a7ebc25bcd5370825dc14119ef5068b38001159ff
0x1814f35bd1dbfa2fe89121676fceed51ae46f122,1,,0.09799,2025-11-29 13:30:11Z,2025-11-29 13:30:11Z,0x18ea8892bcaaee4caad7d701d32b1ba59c58338bb41654a4857add80918b59c8
0xd28cdaf47f3a8d32cef57d6cbf3c5adad58f55c0,1,,0.09792,2025-11-29 13:31:11Z,2025-11-29 13:31:11Z,0x35404d5ce8a79a4e2ea7646c2771ea986b1ad47ce2206469867a4bf82e14fab4
0x96f07d64b9e184420bf9df66d285e86d57ebe17c,1,,0.09792,2025-11-29 13:31:47Z,2025-11-29 13:31:47Z,0x467efe580f6dbcb948d29e088b5d49a74b447455c6b855b033c5f5a0d9aa9c2e
0x65ab92a16ad4212d66108a5b07aa543970563bb8,1,,0.09799,2025-11-29 13:33:47Z,2025-11-29 13:33:47Z,0x04cd8215f20ed7b4e342d0344bddafef3f1299b126d336a73a78a34b68f43b2d
0xa3bbd2a57f37c16bddce50fb7b931fb082e38dd1,1,,0.09795,2025-11-29 13:33:59Z,2025-11-29 13:33:59Z,0xf0d584ec9276a29d64b7d606dbbf77f0e16da4b9ae435b9fa763e84ef5711bb7
0x87b687e54b46beb22548ea0693ecbdd33718a9eb,1,,0.09795,2025-11-29 13:36:35Z,2025-11-29 13:36:35Z,0x57dae6c30aa62f7230adb764b3b2dda642d5f630e4543a4d4345dd0db693b8d8
0x9f6dd30bb0d5e4459be7c504c761b311c9e80ba1,1,,0.09792,2025-11-29 13:36:59Z,2025-11-29 13:36:59Z,0xd4e3f226e4f1ee328f42d1b3f45f936020c5c9e933d35c140cb21fc57c5c9464
0xf1c86ef93b6f74a688c42378adc3deb4f0283d9c,1,,0.09799,2025-11-29 13:37:47Z,2025-11-29 13:37:47Z,0xa4fe2a919137170cb44d2c5cbfbdfb92290d1c19b04e2e161e9f6f1947583c4d
0x53b14d1f29df62d5a1ab48ef8552f16f0b15c9e6,1,,0.09796,2025-11-29 13:38:23Z,2025-11-29 13:38:23Z,0x19a40d6193b63829f5b9412cb7589cb565a9487c1d6f31bfd1276d5c0a60da5d
0x25805e046917fcc63a0a820c70cd80a69854f1bb,1,,0.09799,2025-11-29 13:38:47Z,2025-11-29 13:38:47Z,0xb6b5dc960a54beee9bb1547cd97f3d8dcdfab521cd3820826b84c2d7773c961f
0x40a4ec254d6fe24ceda54d5b8c642529cd623ef0,1,,0.09799,2025-11-29 13:39:59Z,2025-11-29 13:39:59Z,0xfbdee3aa163337dbcb9be3863a7fd2c2256d3d093b60fbc1772399725a625cb1
0x81beeb96b38889fcf5ae568637f02365fbbada87,1,,0.09795,2025-11-29 13:40:47Z,2025-11-29 13:40:47Z,0x2bc4f3512a22328dde1ecf1992a1bd06d79b4f6d080e99a45d92ea7ee40d3dc7
0x8858af069f8b82bd6c265397ab28e4d7fdbdd7e2,1,,0.09792,2025-11-29 13:42:23Z,2025-11-29 13:42:23Z,0xc134c0c6e2e39dfe90084964beaadfaf13a8cb6f46165dd0ee5a61f5fbecd8b5
0x9f8bdfc425926483d0fa5d1b79a70a76f8e1e7a5,1,,0.09792,2025-11-29 13:42:47Z,2025-11-29 13:42:47Z,0x692d2bb858498c53db25f952ea40270c0e135844bdb1a8f8bb70cc72724c2063
0x09e805e86e24152fa0dbaef951af18d77a1e0ac7,1,,0.09795,2025-11-29 13:43:35Z,2025-11-29 13:43:35Z,0xde141335694c0e9849215f8758b2049baf3741034a99900b13df4c4b1b94d7e6
0x22dcdc4dfb7a82d5c3ea7fd8df4fa84d9bb3d1a0,1,,0.09792,2025-11-29 13:43:59Z,2025-11-29 13:43:59Z,0x84b77386d5eddf57e590ebd6954d059e280bb85fc5ee4ec282b99dd408fd27d0
0x30644ba07b30e19202308d8e1baaf2d0adcb51bc,1,,0.09795,2025-11-29 13:45:23Z,2025-11-29 13:45:23Z,0xa4761853fc71d5089eb39c15f1cfa0a64a52b1e40d94279de388612196422a6d
0x667b9e62b761aa76cc8b7b75721a6a67ab93ae37,1,,0.09798,2025-11-29 13:45:59Z,2025-11-29 13:45:59Z,0xa07bd2957907c95acbaca5ec55459906e13b74de10e57992d977902582b391a7
0xd37aee574361d82572a0bba64fa0950feea28ffa,1,,0.09795,2025-11-29 13:46:11Z,2025-11-29 13:46:11Z,0xc3305289a22a2b00e97ddbd399accd645082df499ea5f492a60bde0b688bb6ba
0x04e666d5d237b11ecbc45d9a435409fbbf468036,1,,0.09795,2025-11-29 13:46:47Z,2025-11-29 13:46:47Z,0x9f2efc18a476b7f5a1aa7fe15b55af50267dc1f64ca6f444df4c6ce3ae4cb1ca
0x96799a9241a4a2f227eec4f5b08653745aadd5e7,1,,0.09792,2025-11-29 13:47:11Z,2025-11-29 13:47:11Z,0xd357d82dcebe75649f2f0a97fe12f16835e584ae4f81e601c80c89541bbbb265
0x3eacb46904499a7b0f12d8a5f73d91f01070cac7,1,,0.09792,2025-11-29 13:47:47Z,2025-11-29 13:47:47Z,0x6e3009537d82c77834c5d4fa61df08aea8dd824763eac8b9ab4d2496f61feda0
0x591cecd549fa69f4518c7268a0b0da4580a929e2,1,,0.09792,2025-11-29 13:48:11Z,2025-11-29 13:48:11Z,0xb23702115a98352884fc101adf6701ace9aa3fcf25bd62e67d483f2729011cb5
0xc9987a65253cb8de5d5cd7658b47d5318463a592,1,,0.09792,2025-11-29 13:48:35Z,2025-11-29 13:48:35Z,0x7cc5e413ad43d66c16bb892cc280c899a567c403496867cd00ea37bcbba2041d
0xd9afcc665a323c6b3495145235738129af890861,1,,0.09799,2025-11-29 13:48:59Z,2025-11-29 13:48:59Z,0x44593ae785d9e6c7b5eaac2c24ea02ba7f89a5813e3577d4ab4453d118f5a6c5
0xb0e54519e73d84bc61d1e3a967c37ff17a84bfe2,1,,0.09795,2025-11-29 13:49:11Z,2025-11-29 13:49:11Z,0xb07c7e41866da00321de0c546951a367a4fc52ae9e993409d4de18104b04ce74
0x17c94900c13b0a24bf4c8dd37af1b176f59ac8a2,1,,0.09792,2025-11-29 13:50:35Z,2025-11-29 13:50:35Z,0x008dfd0ad516b05e7c0b6ef358b2cbdc0ebc63f6712d77b3c1bbfed98185b76a
0xf6c814a9f2cf01f85d6fa3cd343dc1a02cd9b81e,1,,0.09792,2025-11-29 13:50:59Z,2025-11-29 13:50:59Z,0xa208fc128e87a89b621ff92269ace5c91db21e9826d51735c4db5135f45c1d5a
0xc5da985079a39a9a42ea61fc2c2abdc548013a7b,1,,0.09792,2025-11-29 13:51:23Z,2025-11-29 13:51:23Z,0xb02c4f7061a0d9936ef223d09f3b668e70b45fb2d42a3e829ac202fd134047f9
0x5929eef76f1a03cd53fc9dd844101295301cbfa1,1,,0.09795,2025-11-29 13:51:47Z,2025-11-29 13:51:47Z,0x3488bc1de55ca2ca4305b99989ee2bd59aad53739d4219eaa02396b47d91105a
0x829ce92c965fc640cb070229bea003e095f4b2c3,1,,0.09799,2025-11-29 13:51:47Z,2025-11-29 13:51:47Z,0xec6a3dddecc392e162d07261a8c5f20eee6b1e9c284d93684aa337b2ac6b53f9
0xa12344511a0b357379d1ae1584bc2951e9893d8f,1,,0.09795,2025-11-29 13:52:35Z,2025-11-29 13:52:35Z,0xcf5995101234855afab5a399f70f4473692eeadbbca98341e797d3b8d1fc58d8
0x562fb6545ee9e80bcbd529d903b8bb83c7bcb5b5,1,,0.09799,2025-11-29 13:52:59Z,2025-11-29 13:52:59Z,0x8a6173b3e4a33ba6f516369831b18ad404e00119cd96ce498ed8c11fde397861
0x49ce118adb3bd7d2d2c073a32674d4b0a1ce4879,1,,0.09792,2025-11-29 13:53:59Z,2025-11-29 13:53:59Z,0x2365f7a71c6055f1bba31d06b83d4e0a72993ca072155a99173e12c7e2e5eb07
0x2260aa38af5d24ab235006f02d59304600148983,1,,0.09799,2025-11-29 13:54:11Z,2025-11-29 13:54:11Z,0xa4ee8e22dfa910eccc35adacd817931886774815728c1c4cf97ad2e048d10579
0x3b37459a1d917c82d5526fa4f2fab8b23b90d7a0,1,,0.09798,2025-11-29 13:54:47Z,2025-11-29 13:54:47Z,0x1f0e8c996e71f4106a2ce4e08811c23e594bc4684f6ba50fb4da6e2cfaab9796
0x38027fe23c0488b54db5ff8e684a80a4939efc86,1,,0.09792,2025-11-29 13:54:59Z,2025-11-29 13:54:59Z,0x66d02c361f53e6dd721e4df50ba57721882801fd1c6adb67f3dbe1f1b0f0a4b9
0x5bdf35cf27aeaeaeb4c3a0a3249124a47bde43d8,1,,0.09792,2025-11-29 13:55:35Z,2025-11-29 13:55:35Z,0x00fe853c472cdf7989bd9b2c31c817060c7a3e9162ba9cbf2886e291e8648605
0x1236bac4078e30edf8f026ee9f7e701919a24426,1,,0.09792,2025-11-29 13:56:11Z,2025-11-29 13:56:11Z,0x07a9fb81c1acbf43f83ce2d176333b6dc7ad06f50cdd2eb2504ea782807983cb
0x338989eac70d30b234cc5862c0f7638a2498f508,1,,0.09792,2025-11-29 13:56:35Z,2025-11-29 13:56:35Z,0x2fb3319d1958a78071b62c1699dacf1b42340c7c8b1c42da01116a48cdad4093
0x08b8b678f5765b567c0466e8e7063d19d187fc38,1,,0.09795,2025-11-29 13:57:23Z,2025-11-29 13:57:23Z,0x7e8fe764d0bcb0279f36a89ea6a9cd886f0f57fef296e70f2c34b6fa5ac9b9e2
0x6ca4fc377c7b60570f99c94518d5daddb8f18d20,1,,0.09792,2025-11-29 13:57:47Z,2025-11-29 13:57:47Z,0xebab09311c003e5c6e6a504be4b9bba8f7a430e5ba82f3fc13a26c59f0806ef0
0x9df59cc7d932b898ddb40d3b1a9d9f419aecf5f4,1,,0.09797,2025-11-29 13:58:35Z,2025-11-29 13:58:35Z,0x4eb29490f9f3a093bfbd9dc5da179d2921e4603543091441d2ca082bb4dbb8a2
0xf1b70abe5375de7394fd934e27181340e46d2904,1,,0.09797,2025-11-29 13:59:35Z,2025-11-29 13:59:35Z,0x471b264bc06276debc51f6c12230ecaba2c24a57806d59550fe79b13b853df82
0x7e2bb2be96e12972199a00f4726f4b8fc389f17f,1,,0.09799,2025-11-29 13:59:47Z,2025-11-29 13:59:47Z,0xfdb295d4f6435e1f23b6a3ead8836093c1743cdca720a427135248caafbaa5e8
0x638359dbfd66b2160f0f163759dcc9c7e55104f3,1,,0.09795,2025-11-29 14:00:35Z,2025-11-29 14:00:35Z,0xc7bf5993f30140e1e8c6d08d71afba75988389c0c82e872101f54922d6d70c1e
0xca3e69882d0df132be79eef656d045ca658b064d,1,,0.09797,2025-11-29 14:00:35Z,2025-11-29 14:00:35Z,0xabbbdf1af04cb58ef1263712a9092692cfe5c02572966a517fe1334992d29faf
0x2c6667385ae916ebca0f8f2f25c407e14a81fd5a,1,,0.09799,2025-11-29 14:00:47Z,2025-11-29 14:00:47Z,0x6620ca463c21317336a7f6a0361374e080d71c0b17ecfaf5cb4e6970b4564a99
0x72a8da2baf90bec8d61fd53d1cc2060e0626ab65,1,,0.09795,2025-11-29 14:01:11Z,2025-11-29 14:01:11Z,0xcbfed73b93ececcf6235a09249ecc0881a4dade7de4b2be88a89e4506b59cc94
0x88d6a8784647bb796603255a727403c3746b1e16,1,,0.09792,2025-11-29 14:01:35Z,2025-11-29 14:01:35Z,0xea552f3f692a414ae5b9cf351bce9e46c6b03c4bf64af28f6e18cbebe79ad8b8
0xc78bc571159d3472af8365a7c765503e4c7a8d6e,1,,0.09798,2025-11-29 14:02:35Z,2025-11-29 14:02:35Z,0xd10dd74605e93489791d42961427bb2b337c5b8509651353f3f2cb4c722f4dc6
0x0fe55722ed2bac1d8d60c337198932a2d840051e,1,,0.09798,2025-11-29 14:03:35Z,2025-11-29 14:03:35Z,0x2616a860a779d22717389f2fd8c4d83f10a29199cb2193d2ad34ccb0dd1b2404
0xb4e8bc16bea21001f5f126a8292a82c9abbbc2ac,1,,0.09799,2025-11-29 14:04:23Z,2025-11-29 14:04:23Z,0x3f58e3dafe991adcf66ab835f96052803c496a071b2d66c7dcdb159dddae4494
0x54d240e2feb6308547b40e7321e3249e0963d265,1,,0.09798,2025-11-29 14:05:35Z,2025-11-29 14:05:35Z,0xa8e1a7034a939657be86bf6b058ec88d00f2ee753b95bde74ed1ef4af58ddb22
0x8091dc3688d2b0375c66480a8bd8037a50f3de08,1,,0.09799,2025-11-29 14:05:59Z,2025-11-29 14:05:59Z,0xe8e48e64bd79c159d5194e09346e79022c6e9b2c085dd2ca9518e0128d04ecd6
0xd6d95ae7f7042fe59e934a8cc8d037adb7ec6de1,1,,0.09792,2025-11-29 14:06:23Z,2025-11-29 14:06:23Z,0x01b8949428d9b34a0648b08125c1401dbb7062c449071ff9bb11d39c89d5ee34
0xc167efb843d1803c37f0b894d0b5533090539182,1,,0.09798,2025-11-29 14:06:35Z,2025-11-29 14:06:35Z,0x3c487aeae75761b4dac54128feb2e5bf2d9bc318c1c42976ed1a326303adfbb2
0xccd10eda5169c113f81b57b94416d7ba34869377,1,,0.09799,2025-11-29 14:06:59Z,2025-11-29 14:06:59Z,0x66305ca4c1f0f9657fee4dc5dadf23a8f342bf269158e53649846c19c6a19969
0xdca0025278de82c03b61f44adc75519385226837,1,,0.09798,2025-11-29 14:07:47Z,2025-11-29 14:07:47Z,0x4f877a200a6b914c099034a2834df9c6593aa2fda5677e3e61ba36454a2e4527
0x20e54215a0c53082fbcf5ff7e4ad4807f658ed69,1,,0.09792,2025-11-29 14:08:47Z,2025-11-29 14:08:47Z,0xabb41a691aa31804979bcf18fd319d4495cf3a7eed170421c7561fbb47a6a839
0xe477f39733c0a085c6d509cd628595a7dd5d07bd,1,,0.09798,2025-11-29 14:09:35Z,2025-11-29 14:09:35Z,0x22b0a80fde88d87b59cd4ffed0586b2d89113e4ccb691e42379300b4026ac8f3
0x2892ed6e3f5c4d744a6edce01839f1e916611b0e,1,,0.09795,2025-11-29 14:09:59Z,2025-11-29 14:09:59Z,0x6fe31c763d3b52b7ac0e3081f91a093d83e10890f83a1fb9d4db9307ee5dd512
0x2d1d5206b5a3946ed057fea985b5f2a855a75bd6,1,,0.09795,2025-11-29 14:10:59Z,2025-11-29 14:10:59Z,0x8681e1ce2f5f298ebc7034f2df1199537761224cd74318fc15f2fec0c3cb042f
0xcb4bf12503f60b6a27c0cf7dbeea94a023e034d3,1,,0.09799,2025-11-29 14:11:35Z,2025-11-29 14:11:35Z,0x9ed5230842510b0119b5a4290427719eb545e0e5c2a02184c0cae4fda22317bf
0xa13ee70e67765bd76c136868989b16f2798fb891,1,,0.09795,2025-11-29 14:12:59Z,2025-11-29 14:12:59Z,0x0f6b877c2122c8ae226f783d53561a0ecbacaa5619d9367c89ef8124b8c266ba
0xa68d85156ede284b2fc9c496de255ae90fdfd607,1,,0.09792,2025-11-29 14:13:35Z,2025-11-29 14:13:35Z,0xaa8919500fa861b32cf30f8a573ad76cbb6948ea21411cbb3292890d7eea4691
0xd99dfff07a221116b91dc373f25e70c3b1d5a97a,1,,0.09792,2025-11-29 14:14:11Z,2025-11-29 14:14:11Z,0x547615ac2736cca857d5a499d1ebfe80ffef54827652f6857d7e374b5df1953c
0x9065e031aecd6598cfe00642c1b80f55ad4ee61f,1,,0.09795,2025-11-29 14:14:23Z,2025-11-29 14:14:23Z,0x64efee918534a22ee12a1b784ac850a4ea3c825afc8f032f3bac781fe1bc4534
0x991d7ed04f3cf334f0cb3506fd20aedf32bc9f9e,1,,0.09792,2025-11-29 14:15:59Z,2025-11-29 14:15:59Z,0xca70c3ed5dc2f3384d39da74b749e816119934363412f85dfc522a5b537b9b44
0xbfccf585a6d954206c909b467e1d8de3b30b9919,1,,0.09799,2025-11-29 14:16:23Z,2025-11-29 14:16:23Z,0x53ecc56edbc75da5a33884bbfd7c8dbb273ee390063d0bdcf94b6b23fcfdfd25
0x61802fc0cb19876b76c852667d0c3ea953038320,1,,0.09792,2025-11-29 14:17:35Z,2025-11-29 14:17:35Z,0x6c4595776264c985603ddedebce86c22b4eff45b0d3fba5007fd03c0c2502e62
0x2cc8981b074f50ee4d0ed28f061168480ff36b4d,1,,0.09792,2025-11-29 14:18:23Z,2025-11-29 14:18:23Z,0xbbae3b4d96cee1a4d14d03430eaf8d0bbf64c0ea0147948c6644fdf227ee721b
0x9c8763aaf6eebf79c2334c2518f855ac2e545c54,1,,0.09792,2025-11-29 14:19:23Z,2025-11-29 14:19:23Z,0xddc20f68f25e1f9fa99a1ac747162c85f0576ecd53bf51a7c724a5a8e64f6135
0x548d5ec9387a4a46ad3e93c6842ecea86ac1acf8,1,,0.09792,2025-11-29 14:19:47Z,2025-11-29 14:19:47Z,0x96e6c07ae0c9113cbaa000b776882f8804c63aa9d96a77d08d0b9133704cb73e
0x6f10986c8cb0b6027b9c505f1bbbad57f3eb455b,1,,0.09797,2025-11-29 14:20:11Z,2025-11-29 14:20:11Z,0x527ddb39f6639835914abf6725e36e37ec3921c788a884643c3ab83f94e81565
0x9b20fee8ffc704458d8a4ce42ee985e6a92453df,1,,0.09792,2025-11-29 14:20:47Z,2025-11-29 14:20:47Z,0x6b53572ea53e939b1a63e7be152a5641a02d5bb9bfd510bdd4cfa5d342ec2d1d
0x7910bd45b9c9098083c28f1d1cb6434cd62f479f,1,,0.09798,2025-11-29 14:24:47Z,2025-11-29 14:24:47Z,0x172083a1d2b7e1971395f91de7bfac2d0a0ba827083bec365459e6e2bb7125db
0x32afc72be68db03ff96295476f9af7f1af438d21,1,,0.09799,2025-11-29 14:27:11Z,2025-11-29 14:27:11Z,0xf2fb81ffd7350721f35c672381081febbf83fd7276d77f2be21a60d6a17ac373
0x1bdfac28010a8d6e7d873bd8db751e36df19bc29,1,,0.09792,2025-11-29 14:30:23Z,2025-11-29 14:30:23Z,0xe23c8f3d584df5e29491d8dfe175212e7cc10bd0fd19255f1fd72d7024788a0d
0x24431a8cc71a0dda0c8b84b329be324c68a1a4e6,1,,0.09792,2025-11-29 14:31:23Z,2025-11-29 14:31:23Z,0x13f43d99237ab2424aba7979436347196238c8e92b44ab3cfab8cb73f0db2c7e
0xfed15d32ae8121f9d85a3094b5e517087fff7810,1,,0.09795,2025-11-29 14:36:11Z,2025-11-29 14:36:11Z,0x599c1ae5b88d3058c9b091a158ed5597d53be2e1077cbe1f537f6ffacc632f98
0xe08f6834cab012d01285856d7bd2723e28e4fd56,1,,0.09792,2025-11-29 14:39:35Z,2025-11-29 14:39:35Z,0x0c8cc1909d2c6cc299d312cec11297fde3b74ec0e47e046cf67febc13d473d8f
0xcac606996c0a01d8d2cd8df27dfccdf6367bfdc7,1,,0.09792,2025-11-29 14:39:47Z,2025-11-29 14:39:47Z,0x4115294cdfc258e4ada9aeff3ebdd2809ae83020c7ed29c2472092f383918467
0x9c85eb90fdc6cf12f4aec79e2bdc89d0ec0d1720,1,,0.09795,2025-11-29 14:42:59Z,2025-11-29 14:42:59Z,0x7f741d5ed43ae0c91ec86daceec41bbfb4ec5f40683a23f8acb753d74e10a5ba
0xf4af78781aa9855aac082908dbaf0ccb65dbb552,1,,0.09792,2025-11-29 14:43:47Z,2025-11-29 14:43:47Z,0x1a683d3df28d195a530c2ea890e7db1f76bc6e4fc1828c3f53ee39587b84a24e
0xf223699555926265324ed0b5c7308cb493ef5428,1,,0.09795,2025-11-29 14:47:11Z,2025-11-29 14:47:11Z,0x0c6cd1c240b1ebc72d1bac051c6ddb82b42e28d7afeb9f0b75f8076b995e396f
0x8849a0e8fb2634a161ef57185e9ed227c96df49d,1,,0.09792,2025-11-29 14:47:35Z,2025-11-29 14:47:35Z,0x9ff2c706f44376ae9b1f4fa58a705ed96f563f1fa7881176b4d253dfb8d22893
0x1d6451c6333282db9bc3faf110de643f74e3f959,1,,0.09792,2025-11-29 14:48:23Z,2025-11-29 14:48:23Z,0xc9456577c70d23e5855b3826a7661b8a5ec2dc6a1f7b75cade6a7ebee08d1f34
0x997f8f55a335ca65beed74d7a0e0769c8cc6992d,1,,0.09795,2025-11-29 14:50:23Z,2025-11-29 14:50:23Z,0x61b9898651447377be9fcbc23404f255724df81e2b6f25e7ab438a2ed403e656
0xed2c24c8e498d83d7a1b6e37895f14264fa2c87e,1,,0.09792,2025-11-29 14:51:23Z,2025-11-29 14:51:23Z,0xa446feb9431af8cffc79471f2a4c31fe1a8e41edc84f7bed01f4c7c9d6b3d838
0x87d66dbbc328b616ea97ca826c950401332b1f19,1,,0.09792,2025-11-29 14:53:11Z,2025-11-29 14:53:11Z,0x676f4e05f9ad2be7948d26c2f96f3687068ee00a24b12ef4b3e55e7961ea37d2
0xb0770f54eba674322d1662f7fb62fe4da1648916,1,,0.09792,2025-11-29 14:57:35Z,2025-11-29 14:57:35Z,0x7a5336d92ee4ab0108056a9dbf8e399434ea56d424edf14440a2314bdba12cc7
0xf4fcc4af87ac6c21a4f0dd71f60f991e084f16a4,1,,0.09797,2025-11-29 14:59:11Z,2025-11-29 14:59:11Z,0x3990169d1f25b25f1ed40f3be09ad69495e85ac933dc63039e20982c35aeb6ee
0x52bd7e48bd2637f7a32c73cdf7eee1f1a0ca68b2,1,,0.09799,2025-11-29 14:59:47Z,2025-11-29 14:59:47Z,0x5774c1a3249badc90c493dbbb5f847e80192ccd76ec1cca414ea96ac74885f3e
0x3928f6dc753c31b5da55ca289cc2bd18291b88e2,1,,0.09799,2025-11-29 15:03:59Z,2025-11-29 15:03:59Z,0x798bfc727eaf49057caba51b5877766f45e8682224a9f0f4d0db17e54fc96ff3
0x4aa1eda3c723f4e36ba815e06bc381110330c8f7,1,,0.09799,2025-11-29 15:05:35Z,2025-11-29 15:05:35Z,0xd113e598849bb800fd68150be18873c497fbc7a9865b17f0ea51d9dab46dde14
0x40db66ff5fa51f930649f399b22483790939a20a,1,,0.09798,2025-11-29 15:10:11Z,2025-11-29 15:10:11Z,0x666dfcde69ba793ec36a22cde5f9eb294761f18d827fc1769ec301c1a659c693
0x37f501e3b1468bf05e27dbb7a881590dca0d3b86,1,,0.09799,2025-11-29 15:10:35Z,2025-11-29 15:10:35Z,0x1d28f68dce16c62866f0b3130dd4eadb916365012596695de3cf55c7a468a5d8
0xce570b900fbe48097cac81da2ef1f65ebfac2e96,1,,0.09798,2025-11-29 15:11:35Z,2025-11-29 15:11:35Z,0x17c997563388f168de72e5d81d49669916554ee12b994a9483b34f30ad8db1b3
0xe1e0d4305e0689e2f63f84b157f55cef34b3576f,1,,0.09798,2025-11-29 15:12:35Z,2025-11-29 15:12:35Z,0x42b928283e03ec858539e1e8f6e0a232f7ccdacf95e83c9e48659dd6b8b6b59e
0x96b61938f7fd04aeb3766c35c460ebbb72236114,1,,0.09792,2025-11-29 15:13:11Z,2025-11-29 15:13:11Z,0xe1095ef84ccdd7f06a6099a33f9e56621b148eaa2491731ad56c1b52076fd70d
0x9a87b4515a58e9d3d03b378d067ec8645943ba5a,1,,0.09795,2025-11-29 15:13:35Z,2025-11-29 15:13:35Z,0x34792e2afb7c13621182d95bde38d5e0a14a38259bb04012884ecb7b992fafb9
0x488bf38a01a807185b6f0eb9d5026cf8d11aeb82,1,,0.09798,2025-11-29 15:13:35Z,2025-11-29 15:13:35Z,0x6118269949084b1eb43b2abb4d9c482e04e5a81b096d0a436a593d2988c3ad37
0xba92a31f3dbc9993e37317ac63fe86810d3b7e0d,1,,0.09799,2025-11-29 15:23:23Z,2025-11-29 15:23:23Z,0x3cc18d33c502daaeaf3aad27d8ffccd6a69eec7ff1814be59ae9745a5a1ea3ee
0x4d8bb14cacd10cc7e5a9936e9d792388898e97da,1,,0.09795,2025-11-29 15:25:23Z,2025-11-29 15:25:23Z,0xf00177105a36a879af20bc9ced72ff49bd182ec93d0ff6729470fd65c60a0325
0x4f62267d90fa25748211c5caf4aec59799d00de8,1,,0.097967,2025-11-29 15:25:35Z,2025-11-29 15:25:35Z,0x02e63b7222857824c60e90811775110ce03e5dac1661d0ba8abda357a0579cf6
0x5db704bd4c8d8b0fc3e4c865424635490b708a54,1,,0.09792,2025-11-29 15:26:11Z,2025-11-29 15:26:11Z,0x3b5e3fa10e9ea7375380f941f287eee932887eab6cecf27d535bdeabcf986738
0xa32e3ef6d4242e8d5733faaada732636982293d4,1,,0.09799,2025-11-29 15:26:59Z,2025-11-29 15:26:59Z,0xe2a1add184f8eb34d27cb98395a6e985d6f8ed09d7b77f7a3814aab6e78e10c1
0xce3993dd26df49d18a27b5a6e7b4ee407e48dd73,1,,0.09797,2025-11-29 15:27:59Z,2025-11-29 15:27:59Z,0x2fc3d9dc24a198867a0e1553cf7ac2375eb7c8b8e2d0dc419f9348fbca68df61
0x9e56a6f0e1967be7b5dc688be23fd49beea2e2e0,1,,0.09798,2025-11-29 15:29:11Z,2025-11-29 15:29:11Z,0x422e344b6d50b8d93a5abf19b4395f9a80d83ee440cbc70939241cb80db631ba
0xa094b2804f5e7382e074b625270f8bbcb09b968d,1,,0.09795,2025-11-29 15:30:11Z,2025-11-29 15:30:11Z,0x0d5c7491fbc3434b02be619ff541a0cf1b038391cb2e96144eca3b81ae3705db
0xf83ca1f6d579645477e66d69eb0111fb5ae7ea91,1,,0.09792,2025-11-29 15:31:47Z,2025-11-29 15:31:47Z,0xee8e6a14aac5cf6860c4ec369c8726f31e889ab56376078e414f216d7a8ca8b4
0x44b176b018bda3f968795e58e0cba81f5ff9db52,1,,0.09799,2025-11-29 15:32:35Z,2025-11-29 15:32:35Z,0xcc5e81ba856ee3e8a3e8b30d738bc917c505d3efc7fea9fd8908a30089313102
0xd0f960c29f1f12d0b25ad738be95c1662572243f,1,,0.09792,2025-11-29 15:33:23Z,2025-11-29 15:33:23Z,0x4be896116ff2ab77c7c19d2ee7ce62bb38d4e0ed8798f2120e239ef7b0dd2018
0x5f7fcabbd40a6345b048300a0d989fcabe3f53c3,1,,0.09795,2025-11-29 15:33:47Z,2025-11-29 15:33:47Z,0x37200d40e4e0f56bd92661565a2939c133d62dadf633f4223f63c89e26e957cf
0x782379096de4833411c2b06de81adac2bd2fea7f,1,,0.09798,2025-11-29 15:36:35Z,2025-11-29 15:36:35Z,0x640f05d16384ba3bacb43fff6f5ebf51bb8a3e7816f766afe6b6e361d2083751
0xbf8fff46527578b11cd57e9c657523d472963f10,1,,0.09792,2025-11-29 15:37:11Z,2025-11-29 15:37:11Z,0xd2ea0f5400fbf3d55cc29f358cd17c453232be9be0389ed363b5e0eea196e4b3
0x2336374a4ab08aed5d77d279b8ab2905f731d381,1,,0.09792,2025-11-29 15:38:23Z,2025-11-29 15:38:23Z,0x2b7eb0a604808b395c4575dc4fd2da09ae5130efc2a2ea71e04cde8cf789f43c
0x490efe899041013af345cc64b7b56b386f58f19a,1,,0.09799,2025-11-29 15:39:11Z,2025-11-29 15:39:11Z,0xc309e92120221b6227cf9206547c84472f660e61068318b4fdfda64eedd5a9d8
0x7c9e12919eedfd6da774f9fe7e795f38bfe7fb9e,1,,0.09799,2025-11-29 15:39:59Z,2025-11-29 15:39:59Z,0xbeed0d594ed59d203c83f39ee2f51958da536eac41a201d72b0f7bc97f94da73
0x7f9fd1acb38194170771d81b7a747cef67022fca,1,,0.09792,2025-11-29 15:41:23Z,2025-11-29 15:41:23Z,0x550e919cf14d4b03465aa2a3df17824ed64827dec4efa169114a2f9ebfbc5c94
0x129321873c1bbd7e5900ab35bf4c44d7993723a0,1,,0.09792,2025-11-29 15:41:47Z,2025-11-29 15:41:47Z,0x97fbd6ef30b18bf79fe9e51230b193941c3a04eb8f66b053159fae6c7c47463e
0x86e0c27befdfc860667d250f1590155fe4d3feb0,1,,0.09795,2025-11-29 15:42:11Z,2025-11-29 15:42:11Z,0x1ab317c4236f6898e69acd9ef230db3b18da6494ee7e41202ad97393422ffa4c
0x2dcd2d3a64b71c038ab9fa970da8bcaf1bc0afe9,1,,0.09797,2025-11-29 15:43:23Z,2025-11-29 15:43:23Z,0xa3af9fbf42e1437fb690b4701c5a03c55f256674ae5039bab51e9871314095d8
0x9997323fd49fef52fd92b2950d613c91a036d8aa,1,,0.09799,2025-11-29 15:43:59Z,2025-11-29 15:43:59Z,0xe82e7cddff4d458d0163c62b5496004694a5d5cc841e8364bfa23ebf2a507215
0x09ae782f78f5ab24deb15e2d9f0db216a84aa684,1,,0.09792,2025-11-29 15:44:59Z,2025-11-29 15:44:59Z,0xdbbe48ca8c903f837714c4755f9e42d138223a53be0e305bc0a160374c8bcc5e
0x9055155742b7bf0b7ddb1ff4f2a430027330c704,1,,0.09792,2025-11-29 15:47:47Z,2025-11-29 15:47:47Z,0x40359e2fcc5ad4a6d867349bec1ccaf19b4f3e8c11075576c21f490106319405
0x85b381659c28ec50568c227478fd7539b46bc302,1,,0.09797,2025-11-29 15:48:11Z,2025-11-29 15:48:11Z,0xcbb7fb659e305c3461c779f6f165e48215d87a1a5ecca393b305795fd5948029
0xd1fa8e43f64b1f558cb89b81c31f48c2f79ff5b3,1,,0.09798,2025-11-29 15:49:23Z,2025-11-29 15:49:23Z,0x5adc4031645720eab3c1df0772114b26973be267df259ddc4132db0a250a743a
0xad4b7cab55600490c1ef6635a1f9a10bb23d7a13,1,,0.09792,2025-11-29 15:51:47Z,2025-11-29 15:51:47Z,0x11b5e746735a171506a46475963f83b0afdbd72190c735c24a91026ef2ebd445
0x00afda77251227f16e61efa038408c948da3ae9d,1,,0.09799,2025-11-29 15:52:11Z,2025-11-29 15:52:11Z,0x47f3083f8e0bf4d0b3da0be7755a56471414af82cc570e9c927e6594801cdba6
0xde49e482b06ebe85160c6e697c2637d38478d6b5,1,,0.09795,2025-11-29 15:52:23Z,2025-11-29 15:52:23Z,0x6c9832dccfc071eddc1e6aff8631baf1c6a90dc85d8551a5500c346d7d380dc5
0x7b6ad678d5959706410d9fbe1a204d6675a94d56,1,,0.09795,2025-11-29 15:54:47Z,2025-11-29 15:54:47Z,0x83b8dcf77fdacd9036eec3eba8d7b3c1ce59f1abb4780f21246c2b9b4dbd6cf7
0xd074daa0df0dcb46f5c1f61b0d5811de0a77c1e9,1,,0.09799,2025-11-29 15:55:23Z,2025-11-29 15:55:23Z,0xd6ee5de80659799f1c954ad1ac36ac66f21228165dc6c001364da6eac18d7bea
0xe409fe2f98b93488d3cdd6cf31b7748bd3d5fd41,1,,0.09795,2025-11-29 15:56:23Z,2025-11-29 15:56:23Z,0x544f258ac7a65d1e2a9098bb3c08c64079fbedfe4d302fc68f2c1832b937fa42
0x5915633da6bf80bb77213721c17e27c0c84d73a8,1,,0.09792,2025-11-29 15:56:59Z,2025-11-29 15:56:59Z,0xe4d449a17244f5643fdccca163c972f3262020123a7560f76395b2ebc22ced6b
0x99e9b96cb93fba87be731be92c550d0853983953,1,,0.09798,2025-11-29 15:57:47Z,2025-11-29 15:57:47Z,0x6b29006cee98febf120172f0404f04e3e0e893a2241e123882a668a1dadca9d4
0x105bebed037e48222921352be58a27604c39387a,1,,0.09792,2025-11-29 15:58:35Z,2025-11-29 15:58:35Z,0xd987fcb9d2001cccb80a58e3ab9a24fe39a87c671c7bc91e4713518739d924c8
0x34c45a466eb7d97f8ad7ada372a3f55f0da7946a,1,,0.09792,2025-11-29 15:58:59Z,2025-11-29 15:58:59Z,0x9019ba2c7b830c305a0fdd8d65e966838b989632f086a752bd44ec47b3d3801e
0x166ec39f184a62ace3549f51298d5af14d5c3be4,1,,0.09792,2025-11-29 15:59:35Z,2025-11-29 15:59:35Z,0xe51387ea79ed6345f61c8144e00489244ad52a12976dfe2d15efd95a8237beb5
0x4d4c0df05d4013603c5db60503828ef419c3c7de,1,,0.09795,2025-11-29 15:59:47Z,2025-11-29 15:59:47Z,0x11dc70ce1d592bc1921c5966c0c2819425aa79ce6b32b53a25cfda4be3f4754e
0x633693a1c857161823384671bb06e8e4e4a57940,1,,0.09798,2025-11-29 15:59:59Z,2025-11-29 15:59:59Z,0x07256fec7816b52f5823198cd9afd9409e06070bd36abb2aaffc1dcf0fc1f30a
0x59ccf3929cb80240de6e83afd1ca673f3235040d,1,,0.09795,2025-11-29 16:01:11Z,2025-11-29 16:01:11Z,0x806d6affd8a2e830a2cf6a118443c0f268e7c40f67bf69bdf0663df6f4442077
0x247827ef7e3350bb0653d6817b098cbefd15f84e,1,,0.09799,2025-11-29 16:01:35Z,2025-11-29 16:01:35Z,0x5be5cc3aab186aa14ca6ea43b5dc0e42ad6833053eb731dc1967ee39c161d846
0x2603fa015f2d7aad23f84f696f07f5f6375e1005,1,,0.09799,2025-11-29 16:02:35Z,2025-11-29 16:02:35Z,0x773865673f8aa399658c7e1e1aa6eb9d08befe305476c41f04c46b365d4b3074
0x8a75e072b63b7a0554dc2d01daefa49c4f337ed1,1,,0.09795,2025-11-29 16:03:11Z,2025-11-29 16:03:11Z,0x5642fd6c0f59e8d68b7a39aaa6919de278f82138e0ab9a1d51df749765efec28
0x419f76646a7047da2d79d89574685d554290fcf2,1,,0.09792,2025-11-29 16:03:35Z,2025-11-29 16:03:35Z,0x855adae13baff304bdac6f795872cb63c8e9aae9d235c44ecbe0f3121f128340
0xaf758aefa840637ae8ccc25df2f519e5c98456d4,1,,0.09792,2025-11-29 16:05:11Z,2025-11-29 16:05:11Z,0x1f86a354265ce8ae6c7831691dc6ea6ae38bedf805c467387d29ff1218837d9f
0x6c08632a724d597ebebc7155f4099b0c43a1cb97,1,,0.09795,2025-11-29 16:06:47Z,2025-11-29 16:06:47Z,0x1b33d234df0f8b21ebd2b55880fee85ba37f16e5edbe3e5f481d810b0172396d
0x6c7284f983373cd5e40f04c07da85be14ef9c34d,1,,0.09792,2025-11-29 16:07:11Z,2025-11-29 16:07:11Z,0x5737f6aa186795deb57e2f4ec3dc473b85b6f8c12e5915c500349f5fe88eed31
0x2221d21b008df188152b4f72021fe6df7ab692c9,1,,0.09792,2025-11-29 16:09:35Z,2025-11-29 16:09:35Z,0xc627450ae892bb3648d17cde4aa5634612ac39ccc02d07570fcc6df5ceacc01a
0x6a0a1085fdfc219232915559783f7b084f4e5e3f,1,,0.09792,2025-11-29 16:10:11Z,2025-11-29 16:10:11Z,0xaee29ba97f320f16eead317cbdea87503f166c555205d82411062582d04e136c
0xdcecfe734071f0845ab9afe1166226ae60dbe946,1,,0.09792,2025-11-29 16:10:47Z,2025-11-29 16:10:47Z,0x7b7ba8de33fbc20a11e4ea07e458fa505466443dfeda8b46fe9a2f2879a56f89
0x090257cf780bea5578c80fcd73c49808444a8d13,1,,0.09792,2025-11-29 16:10:59Z,2025-11-29 16:10:59Z,0x98e555e5416588fc374a3bced034d2e4a5a527a40bf7dec046a56ec55f8fbc87
0x6746035604999c5065408393511a49d4e8be059b,1,,0.09799,2025-11-29 16:12:47Z,2025-11-29 16:12:47Z,0x13b94f4e5c45a0681bd313d36b58a4545246c52c1fdd315e49cea49f89b67112
0xebcb50a5e4cc20cebafaf9d584422fd124c21358,1,,0.09799,2025-11-29 16:14:23Z,2025-11-29 16:14:23Z,0x9e055b17bc92be8474404c4975c056f23e95dc47bcb4956700853c06bfa13102
0x7b8e20195d1927e51f72740472f09bb8fff70029,1,,0.09798,2025-11-29 16:17:35Z,2025-11-29 16:17:35Z,0x9863ccd6e255d891fa407138975846aec9d53ef7b0354a8b846f4771dd61f961
0x72d906647400dc9da8f16bb5bb241d40f57f4018,1,,0.09792,2025-11-29 16:25:59Z,2025-11-29 16:25:59Z,0x8e19103e96a0fa139c3599861e9430274ec5509033b9024ec8e856910343977f
0xfa820d9e4f044df9a601249935ca951bf70c75d8,1,,0.09792,2025-11-29 16:50:59Z,2025-11-29 16:50:59Z,0xd1a1df9d103a04ea4a8d750339c5e18b18b5b52dcdbddd6b9a86b446a9a23c00
0x3c62ac49fc9f28c24a8f6263ef19fb788f1dc072,1,,0.09799,2025-11-29 16:51:59Z,2025-11-29 16:51:59Z,0xbc70742195f202a0c87c4ddcdc07ba5051153a3c7a6b23ce93f899db5c91d004
0xde02cb40a3beba7b46ffa8b74140a26b487d0e1d,1,,0.09792,2025-11-29 17:06:47Z,2025-11-29 17:06:47Z,0x70987414b191971171f09916f7dc0abc91bcf2436d480f2008865f3692508054
0xfdf84728befd0b0af7a621d85f733499c02c8d7b,1,,0.09798,2025-11-29 17:06:59Z,2025-11-29 17:06:59Z,0xd102f2cf9b63993e9c48918c0cf7821f27d49efab3182fef22795a9132a6f19b
0x3715701067f08597c6241b5abf596ee6d9c214bd,1,,0.09795,2025-11-29 17:09:47Z,2025-11-29 17:09:47Z,0x6227cbafb9729780768f7233978433c164f25c9ead60afb4f53f80704f445fb9
0xc422c335c0dbe35407b1900744d991d80a646373,1,,0.09797,2025-11-29 17:09:59Z,2025-11-29 17:09:59Z,0x71b609ab0bea6a4a151254a4dc40b1b7b302632c4b9240f4e288c212902f204d
0x757095fbb6c7e50d9c1d5cb130b930b1bb7b31c2,1,,0.09792,2025-11-29 17:14:35Z,2025-11-29 17:14:35Z,0x07cd742baf75ffbf65191a04371cb8075e59638ad326cee3314e9e00976c538e
0xc5df50acd79d010dc46426fd16faa7806a5a158c,1,,0.09792,2025-11-29 17:14:59Z,2025-11-29 17:14:59Z,0x0f006477d39979fa6ab61f1c5a9b84f3da5dbf31fec0de283c4a437276b7c58a
0xc52092540afc8642df7b0b18c5ba4efaafb2389b,1,,0.09798,2025-11-29 17:16:47Z,2025-11-29 17:16:47Z,0x5d62b885968567d135182f3a67c6216d98328096df65a90dbc6a9946d75bb874
0x5ef4915f4879fb8f1da8f61b88f46218332f4e62,1,,0.09799,2025-11-29 17:17:23Z,2025-11-29 17:17:23Z,0x94c6eb8bf08e059120f63c16131fd0395f5e55bdcf09cef5a513c5f22a1c1245
0x0b52625ca22070f0c759c8a65d1f412742d14b25,1,,0.09799,2025-11-29 17:18:59Z,2025-11-29 17:18:59Z,0x6162f92b1dcdbbc8e9a1ac94d4951520d72cd583d2cf9516c8e80bbad20ea0a0
0x4ec9f85d91bbf66f1643c312ea5ac67a6d99749b,1,,0.09798,2025-11-29 17:19:11Z,2025-11-29 17:19:11Z,0xee541651818d8d57be4c7add187cf368f0c0233e88160cea0e9a7f00d4e7674a
0x1846528268f7e93b13bc574966ad7d098fe55e72,1,,0.09792,2025-11-29 17:19:47Z,2025-11-29 17:19:47Z,0x730ac5a4907b207f30827f5a7c4c55c8de1d0ff33931c03581e54bd8206fbabb
0x7fb3c08a73c3df4af1ddbb89a8e627ee1021894b,1,,0.09798,2025-11-29 17:20:11Z,2025-11-29 17:20:11Z,0x480d26be0d64537437a03f70ecf7a4f32fb98e946fa691d999a4d9bc6366cb1c
0xe37ab7ec6e69f1cd0bc1d73f7e8739cb20ca74bc,1,,0.09792,2025-11-29 17:20:23Z,2025-11-29 17:20:23Z,0xa671e1fa92eade3e819b2e5611c16578d64348b3a7320696f5b84d738c1ed40a
0x6425eeddcd1da25851313902725b1251e0aecfea,1,,0.09799,2025-11-29 17:20:59Z,2025-11-29 17:20:59Z,0xd48548bf1c724b2abe0f48eb03591c4d31694a98b421d18d81c79d365663220c
0x11fc819b237dbabe5b0317f2c1e949a113950d76,1,,0.09797,2025-11-29 17:21:35Z,2025-11-29 17:21:35Z,0x50344bf9a7ae6e522e1a4fe749208c0af067f84688b97f96a8edbb224a7dba39
0x7d1f94f574cafff7576b76be3d09fce44fa3c874,1,,0.09792,2025-11-29 17:21:59Z,2025-11-29 17:21:59Z,0xcff777bc7332a769a031673f564e8fbe5a33423622f8f86558880511dd7d98b8
0x6857b82b01e631374520df8b871d04543395ec12,1,,0.09795,2025-11-29 17:22:23Z,2025-11-29 17:22:23Z,0x24d43fbefc8fa42c1e94f467715d0b36d6e284358e51c6964a847a3866c4e86b
0xf0b141ab9176e333776c5359001d309353f7d5a4,1,,0.09795,2025-11-29 17:22:47Z,2025-11-29 17:22:47Z,0x743afca93ba95e0fd22d75abca852b886b04c2a4395310e237bae703e3632eed
0x028e8428bc9277db5c164be4f0ce297e35639069,1,,0.09798,2025-11-29 17:22:59Z,2025-11-29 17:22:59Z,0xbbfc262cb16044fb0120d329b87eb7b95a6a6052e72306f480453aa2d15cbfcb
0x79cf3f6416400f31c73b463a1760af10895ecdd0,1,,0.09799,2025-11-29 17:23:35Z,2025-11-29 17:23:35Z,0x06a1b4ff18ad926ff75e25a8729e47cc6179fe9e25c6051b6b822dfedbbf5e56
0x985c1affe7011bf2cf0bef5bdd295edd9ab807c5,1,,0.09792,2025-11-29 17:23:47Z,2025-11-29 17:23:47Z,0x5af8c656bcd7fc2baeaf794325adb0477f83da2046aaf3eceb219b9499fb4902
0xd84b77638e5d3067fb2aa97f9460aab67fad2659,1,,0.097924,2025-11-29 17:23:59Z,2025-11-29 17:23:59Z,0x74c419c3d71f28ff1506a5f1db14eed85111ce071adc6db981e85d426616914b
0x8b0314d94464933b7accd4d2809f8017171ac6a5,1,,0.09792,2025-11-29 17:24:11Z,2025-11-29 17:24:11Z,0x46ff536b93ec15f463cc0c12f66d96ec54f757fa3856e6203a57d3efed9644cf
0x5ead816f6cec3bf90842f639511a37fabe8f35cb,1,,0.09792,2025-11-29 17:24:47Z,2025-11-29 17:24:47Z,0x301d00939f82337ae8c32aa891ea509e110964e0c61b240577aa674a33b392b5
0x5496e898f6bf671d08ff33dc44b659fba2cf63dc,1,,0.09795,2025-11-29 17:24:59Z,2025-11-29 17:24:59Z,0xb0f936543809e9216fe227a02b49ee62103eadf1f97525386e916f8c67f9534d
0x87b38f68778f6e782987232b1e4b52354aceaae7,1,,0.09795,2025-11-29 17:25:11Z,2025-11-29 17:25:11Z,0x969f7bc2c0d7f02bd394fe2f850952dc0f95106ee0742911fd53319fc3818d22
0x860294f89d95c8b11808d07356e01d875d146710,1,,0.09792,2025-11-29 17:25:23Z,2025-11-29 17:25:23Z,0x524f5e3e4f8223c318a66a13b9fe20546bf1bce39b8529232f5f149501ebd6a9
0x8a7908a5157bef210e581df60bc27a7e9f3789fc,1,,0.09799,2025-11-29 17:25:59Z,2025-11-29 17:25:59Z,0x9ecebaf08bfa16ae0ea68d9a17910ff39336e5da3c9c81c0689bcd1ff846376e
0x24117770c94ebc4ef244342d5be9b62c8be5c43d,1,,0.097968,2025-11-29 17:26:23Z,2025-11-29 17:26:23Z,0x6057f4404f24f657f2993d676f4359198d50411a178a44afbd63579e61a5ab4d
0x92d8335d98e4f775e53c7780f71663225da45102,1,,0.09792,2025-11-29 17:26:35Z,2025-11-29 17:26:35Z,0x0b38f4b427cc4496e2394046a014abe69ff38325dbfadfec2238736746e21ec3
0xca775a68d61d78887c882123a9303edd457ad36a,1,,0.09795,2025-11-29 17:26:59Z,2025-11-29 17:26:59Z,0xae11dd208a7a5fd4006e76501cc696ce3d575c047f03b74f29b4dbf585120871
0x88ec3e5210c07ecd7332bf978e424a55929ab1dc,1,,0.09797,2025-11-29 17:27:23Z,2025-11-29 17:27:23Z,0x7d94da3fdcd43d561d3e4a3c3e3a54bc0925c57715df50dba612b6bb7e34e2b3
0x5b5fffb9fec7ed9cf38b87125a661360ff392c23,1,,0.09799,2025-11-29 17:27:59Z,2025-11-29 17:27:59Z,0xa61823b3a6f9547c7762bef4e161ad226b2772a92bee897a85433be01857afe6
0xc69016a3ab5160ec1c96e407f1a04325ac338cf8,1,,0.09798,2025-11-29 17:28:47Z,2025-11-29 17:28:47Z,0x5f98d0440cba5ba87b7bd34a00e61f325620bc543eddb96360d6490ee89ac596
0xea86d58301d66e1b15ee26597a9626e2a350608c,1,,0.09799,2025-11-29 17:29:11Z,2025-11-29 17:29:11Z,0x9e96cc46d175b244a512b5310beffb8f51d10a94c9526530b919423b1425bcbe
0xb6dc528354267b0cbc0b2e24fb05e2cea0e02768,1,,0.09792,2025-11-29 17:29:35Z,2025-11-29 17:29:35Z,0x0261af641894bbd5b06be4b9b71e64417d9bcfad07462e00b0fded0e92f7f294
0x99a35c81a2aee6ac76c89b49ef4b3c8b7d45c8f6,1,,0.09799,2025-11-29 17:30:11Z,2025-11-29 17:30:11Z,0x57e54dadd29cbb3e43c1504e42a55f4a953d937d6195018ac2dd6eabcfb505a2
0xdaca650ce0049189b7807611aca98f77983b5741,1,,0.09792,2025-11-29 17:30:35Z,2025-11-29 17:30:35Z,0x3fea5157e8071200ae2ba8fd99e4d6e37336f32bca5cd426dbcfd50e26670617
0x2567918f761eb308d88b0f9558197626ccecfd28,1,,0.09792,2025-11-29 17:31:23Z,2025-11-29 17:31:23Z,0xf7fd165987537aa401f81fae3ff0aef2cf5248af38051e510c9d45741889b558
0x4739d834b912f6a86c936acfec9bad9130ad98e2,1,,0.09798,2025-11-29 17:31:59Z,2025-11-29 17:31:59Z,0xc7151cd3d76ef9f3269a93dfa214dd986b5083c3a04f943f3cfe8db51758d134
0x65e6456662cfccdd88f3f0f08948198c7b45e462,1,,0.09795,2025-11-29 17:32:23Z,2025-11-29 17:32:23Z,0xa0db7d0194a3d3d7fb1797e1d258c79e945064bb490c116575b40ae0bbcd7bb7
0xba055bf79b95b5ae365fa4d93c892e7547315fe7,1,,0.09795,2025-11-29 17:32:47Z,2025-11-29 17:32:47Z,0x6125a4df375db78d2e43b69a0f74e760ea054db5ecaa246ea48af5db8d8ac94d
0x2cd684d586cfb32f33dcc9702adf224ec528386f,1,,0.09795,2025-11-29 17:33:35Z,2025-11-29 17:33:35Z,0x3d670b82975b68839b2d8ecddb380e7cb491cc770d513e1a2ecf13e02796347c
0xe6211f668ed27ba74e866afb6508f78277dda5b6,1,,0.09799,2025-11-29 17:33:59Z,2025-11-29 17:33:59Z,0x508931c9141dd31398918e054913983f0f050482c0a1a6b69753e452c51105d2
0xc4e37ade34b041623fcf6c91b59c7c1e02695427,1,,0.09797,2025-11-29 17:34:35Z,2025-11-29 17:34:35Z,0xca1002e5ee47ad7516be42bacf189adab2155f462f69eda9cf16ab141fccfece
0x624939ba5a7b293ba0578d709d6d01d63152f747,1,,0.09795,2025-11-29 17:35:23Z,2025-11-29 17:35:23Z,0xeaa14a0ab1c91d03b0444b78adb8fddb3c2b652a199c73b19bf970ca825441af
0x8c1cdedb724156b8b38e518499c76cc84bdc1dec,1,,0.09797,2025-11-29 17:35:35Z,2025-11-29 17:35:35Z,0x15553498eaf77b0eab2a1c61b77fa897ae733d11b35ad4be28e2930e501a4ebf
0x6d8c0655638764883ab202b80aa1f99d43873613,1,,0.09795,2025-11-29 17:36:23Z,2025-11-29 17:36:23Z,0x2c57f73bcb8b535d15ed5541abf75361ec603f0611305968cf2f034801191f28
0x752bb2a1c2921fcfc21a0f1d4fd58453d85ceb59,1,,0.09792,2025-11-29 17:36:47Z,2025-11-29 17:36:47Z,0x74ef1562e29c5036d42fb3fffa42d3f4b9eb5c444d9b5fd4f881dd1343ea594c
0x71154a739d8b10bf0afe1fec273b665c6bca2804,1,,0.09795,2025-11-29 17:37:23Z,2025-11-29 17:37:23Z,0xe4fe8a6c61154629e8aec6ba7418a1e74b8e665a6491b8e71c309d3dbc0251a8
0x01c8bf4f6d62ac51a974a043691dc51c9134c89a,1,,0.09792,2025-11-29 17:37:35Z,2025-11-29 17:37:35Z,0x11f97f04ca50958966f07eb05c6cb9cfbea55cfdebd991acdc8c81dafc198022
0x2db8f36a41b92fc0be8b457891df789dfc059b96,1,,0.09792,2025-11-29 17:37:59Z,2025-11-29 17:37:59Z,0x40c7a587bec855144642cb9e62222b0c8b37ccc90d2545932e309520721fb765
0x5fe0d0413a7b1cc1ba6a8c01532abae4cf6fb9f0,1,,0.09792,2025-11-29 17:38:23Z,2025-11-29 17:38:23Z,0xa32737d1ebe217a480c717e3eac790d1bd8ecfd1d138b7ae21ca6073e03db21c
0x285a9054076e39bff73ecd7de1b35ba142cfe5e7,1,,0.09797,2025-11-29 17:38:35Z,2025-11-29 17:38:35Z,0x64192208c3b9a201dd410acc8ff70d61f8ab0f1646560c5c1a669d12fc3a05a4
0x2469d1fa6579cc1c0a80efdaed0cf358b179bc87,1,,0.09799,2025-11-29 17:38:59Z,2025-11-29 17:38:59Z,0xb893abc0f0f182b565f3752334e5c9f07adf0b62bff406cb0fcb489230c411b8
0xdc7a096ea6d5dd92ec4347ce1c631e7110264e57,1,,0.09798,2025-11-29 17:39:23Z,2025-11-29 17:39:23Z,0x31541cb42606b3ef5b5c195d80cd86c824cecd056b8041f60d7b6114c29fa685
0xc53b829298eeb97b93d10d36932d987d148e7f60,1,,0.09792,2025-11-29 17:39:47Z,2025-11-29 17:39:47Z,0x379869fe3b1e4f317d36f6a1fa7c880e5d0f1db58ac8473439becdbee7949b2c
0x4d9b5653fd88ae0eac0958355df731ab95d5fb5a,1,,0.09795,2025-11-29 17:40:11Z,2025-11-29 17:40:11Z,0x469b21de5877f25335b33e35e60c901f7aee4cb643a1eed177e1f7be03043096
0x257a53534f1bec3ca65e000ccdc1b28041a8bb04,1,,0.09792,2025-11-29 17:41:11Z,2025-11-29 17:41:11Z,0x1abbb7df4299d88d639edc8d95a7c994eacbc933619f4d6c0e837685913ef139
0x3983ad0118bbf878f9cc6eafdc7f7f72bc9e0f0d,1,,0.09795,2025-11-29 17:41:47Z,2025-11-29 17:41:47Z,0x36b73c251bad8c3da33442755a6e52d3a02238e8c48d385b16271cd3d528ea01
0x8d88c6e10923eccf61981b80d6a087b9c6722579,1,,0.09792,2025-11-29 17:41:59Z,2025-11-29 17:41:59Z,0x7dcf3d52c67361747aa6c5d15da8a6274a3810d42c6a4cdd6c6df5e7170636c0
0x744eac28646105ac640a7f678a30414306d6f636,1,,0.09795,2025-11-29 17:42:23Z,2025-11-29 17:42:23Z,0x810a598b03db5ac135918a4b766b0b1b49064799fa3e05f56362525bc191b4ac
0x0c403afc46a369f78b69a1f63e75f4a83c5a05c6,1,,0.09792,2025-11-29 17:42:35Z,2025-11-29 17:42:35Z,0x4523a84168327d27239c637b13e3ca8c076ca3cfd8b693f57ac90c83697504b6
0x7f2fade0e7652ed759425165cefb869ed163ab6d,1,,0.09795,2025-11-29 17:42:59Z,2025-11-29 17:42:59Z,0xdd34ac1c965854ca78c19eec950d49938c4ef7964263ca5318e64bd0f74e9ab0
0xb5ad14a15f9b13f5826341a9ee2ea7c443faff2e,1,,0.09795,2025-11-29 17:43:23Z,2025-11-29 17:43:23Z,0x8cb5d3f5a7bfe5bc7e24e1c37fa9ed068e00030a08c8735c57f8e6b7abd9e6fc
0xcf7d7423f28059e79224f9661c137f3e66c6268a,1,,0.09792,2025-11-29 17:43:47Z,2025-11-29 17:43:47Z,0xeea0ac116e4fe0388211b6a35e4e5c5e68a55842b962c9ac90e62c03247558f7
0x3002aeaeaa472789483f7a1fc1b86fddf5c8080a,1,,0.09792,2025-11-29 17:44:47Z,2025-11-29 17:44:47Z,0x796a28e33ebb1940db9465d1697d467bf61582ac5e88b86b0b10a66181f17fb8
0x24eb8c4a028ef10cb89d7e339b3969fab400323e,1,,0.09792,2025-11-29 17:45:11Z,2025-11-29 17:45:11Z,0x2b6eb66c33d82652d40947919df7a4b70bfa19ceb9d9f9d3602517e68fa83204
0x7f3ce79d4632520b7ab65775c47a6f0bb458a9dd,1,,0.09792,2025-11-29 17:45:47Z,2025-11-29 17:45:47Z,0x5504f762d2291cfb795d9c018015108896e339aa4d860e3acfed3232d09cd5f0
0xf6ba1eb9a361405ed46ef7b6fc6e5f4f86a541da,1,,0.09799,2025-11-29 17:45:59Z,2025-11-29 17:45:59Z,0xdd8d6bfc985849af1315fe4411d42bbc9f4dd2642a9ea2be8f8b519fbd31780b
0xc9986cbffccdbdcf950b8b1ec00bf72298e1ad4e,1,,0.09792,2025-11-29 17:46:11Z,2025-11-29 17:46:11Z,0x3d0fbef41d17b566ad2879e09d742de661a6e095dc4479206988582963a1068e
0x898cc0a454917d2e64578ac77f35fc5cdfecce51,1,,0.09799,2025-11-29 17:46:23Z,2025-11-29 17:46:23Z,0x1341725e0629f2b42ef27e2d63269f0b929754e830c64cddd4847b7740fa07dd
0x08d5340fe1920e947b3454476439a2139fb43f1b,1,,0.09795,2025-11-29 17:46:59Z,2025-11-29 17:46:59Z,0x88e93358b7780bc0e286a94cdedf2a6c56f717c665a05ccde03c9b4fba0e1c8e
0xf732315b77aaa1245eda158e796cd8e1e1faf10e,1,,0.09792,2025-11-29 17:47:11Z,2025-11-29 17:47:11Z,0x2e537f36257cfcdb02f466b782d0572fa57d0cbe98b2af92b73044572ef5f066
0x15d41753f17f55ddda59fcfd9d5658d9c12e049c,1,,0.09792,2025-11-29 17:47:47Z,2025-11-29 17:47:47Z,0x0bac95cd53ab670c26b3c4238264aa1262593c968acef5281b4039f291139ff3
0x89662062c477e3e8ae4a3588089198cbacad530e,1,,0.09799,2025-11-29 17:47:59Z,2025-11-29 17:47:59Z,0x272fa74ee49f24ef15a505689dd922e6a48a12dd760f9273a8036e08deca83c1
0x84070ca43fc03c72d32f54cdb06eac4d12ebb09d,1,,0.09792,2025-11-29 17:50:47Z,2025-11-29 17:50:47Z,0xfcd1a3653cbe929e1956571c0dfad6324b0d11bb14c22cd5a3f11b2e3d8a41ae
0x833c4f8bd00233e40c8b77ac65596f03b8fbcc1a,1,,0.09799,2025-11-29 17:50:59Z,2025-11-29 17:50:59Z,0x35cff612bb5e6d94320061cf60b5783e7c131fe18c2842f0dba866d05e8d3c1f
0x88de9c6d1eabe9b9bb467e380fb5f85fd4ff0d23,1,,0.09792,2025-11-29 17:51:23Z,2025-11-29 17:51:23Z,0x75fb0b4d7e0924365d7b384b55aea69e775a3e49ec3394927d33eb4527fde2fe
0x017f9646873d6b10bf5c4a49376df0792689bf63,1,,0.09792,2025-11-29 17:52:23Z,2025-11-29 17:52:23Z,0xbc66e06d0c2a3fa8662dac5557ad550a415dace9917320f8758ccf361ca8912b
0x1627435c7c1abb03d4e370777e92e8b3d8ee0da5,1,,0.09792,2025-11-29 17:53:11Z,2025-11-29 17:53:11Z,0x45c88f6525a7e089371ff46b3d13badd53ebb22bd1d3bd4fdd188ee7041a321c
0x66dc63542980460a6cf814d4a713e0d5d3af1a46,1,,0.09795,2025-11-29 17:54:11Z,2025-11-29 17:54:11Z,0x9d985dafdee0b63f25ab207e3980d45f7161f5ae55b56dded956b6b5067260be
0x04f7912a218076edc6c74a88b91b7f2de6a19a99,1,,0.09799,2025-11-29 17:56:59Z,2025-11-29 17:56:59Z,0xcaf11b17b491d71b23dd9ccb3eb7869e00f919276d32a0f2e6f4051f039b0d5b
0x04521b5f9c00722407c9845775a5f6914f18a015,1,,0.09795,2025-11-29 17:59:11Z,2025-11-29 17:59:11Z,0x4ed1d22d670c23be17b01916a385257dea54e7248286846742d52243354ca992
0xf64e942af78eb5a67334169d0f2a3e9c368b0668,1,,0.09796,2025-11-29 18:01:23Z,2025-11-29 18:01:23Z,0x2768f04064612fb83cbc3ce55eb353fbab790cbd40ee909176eff1401ff7950a
0xd1676cd276eff1322d63fe47d4e0c021ba8fafec,1,,0.09798,2025-11-29 18:03:47Z,2025-11-29 18:03:47Z,0xa017b29c0fdbb127b3269fbb9bbf9303071b624a981686e3861f3e37aad8cda6
0x10a7909bab6b4afc9b5ce1f1c3317bfc78562a84,1,,0.09792,2025-11-29 18:06:47Z,2025-11-29 18:06:47Z,0x6ae572d1d69d22f92bfedf378805f88f12b2dd00fee2d37e9bd7248c0b72cba9
0x4bb747fe0aa39b4a409aca5bd977ad28cdbef7ee,1,,0.09792,2025-11-29 18:12:11Z,2025-11-29 18:12:11Z,0x8e89f7d3f1203c7e1643bf7fbaa3b75d7aee57e94503c9bc60c5a6ec259bb3c0
0x15e021955e90913f4a9bbee5fc4ef32cf3945e8d,1,,0.09795,2025-11-29 18:13:47Z,2025-11-29 18:13:47Z,0xec94ebe5012aeb24494ad8b4baba75b930ccfea71d3d3dbd2cb12d19fea09096
0xcd1cfd399653434b4fd8e58da9a116f6b767d18f,1,,0.09792,2025-11-29 18:14:47Z,2025-11-29 18:14:47Z,0xf23e403cdd912342bf5e4328c54d24d384499c59b65bb8b8f9e9b41a8da56913
0xd4b8dd5e4095714bf2dd8c4f9138f3718386da11,1,,0.09792,2025-11-29 18:15:23Z,2025-11-29 18:15:23Z,0x47cd1f5d1f83339d9dfa0a52fe376df568086625b3141b7dc0cd2637562d7466
0xbd50335a67862ee4aaaa771052675055324ac092,1,,0.09792,2025-11-29 18:17:59Z,2025-11-29 18:17:59Z,0xb32f86165db3b54c365a1a2aef92d4848c016296ea0fb2f2a93dd8e2e693aca0
0xae11c050348147f6c7e32546649a8dc560d37653,1,,0.09792,2025-11-29 18:18:35Z,2025-11-29 18:18:35Z,0x998c35934314119a2881b62266bdbbb610bc5a2f73a3171bc8946c719a485034
0x4dfe3e58e949a3f8e3db1447eb50be4fb5469e6d,1,,0.09799,2025-11-29 18:19:11Z,2025-11-29 18:19:11Z,0x77d17a8152b30465b8baf1bed41f56473403b472e96a70592ca8bdcba315c639
0x2693d58cbafbf48844b856755a9c010babe9f5e8,1,,0.09792,2025-11-29 18:19:23Z,2025-11-29 18:19:23Z,0x3d914ab883bc10878d0eaad05a53e5740d447c1941d18ad5f128479081e01a74
0x23e02cfcbdd1b8cac35613a8b97ecace3e68d6c4,1,,0.09799,2025-11-29 18:19:47Z,2025-11-29 18:19:47Z,0x6a17357846c539fdce2b4c374ef297f458b0dd8f1ba00aa5feed60e4acc48f2d
0xf767d0683b769ebb4790f0dd8790a09b20482645,1,,0.09795,2025-11-29 18:20:11Z,2025-11-29 18:20:11Z,0x15e10e9ac3c486d19081a692d65aebff9445038e3204cce1187210262f5d9a24
0x92ca31f8e2c24651dc48fa3e788b3c4670c7c200,1,,0.09792,2025-11-29 18:20:11Z,2025-11-29 18:20:11Z,0x28920babafb02f624554e8ded1ee3ac7baba4fc7fc9ab3c84348aed4d43e9887
0x69bbafe048ccfad78b042e6a4c3408e032801f32,1,,0.09792,2025-11-29 18:20:47Z,2025-11-29 18:20:47Z,0xbd8b1766cc6c37a41d55b044aca88cef3fd517c5c3fa1df42fe912ae773eaf03
0x7d8f5d8b935f64a1777cb126858cbce8b8c3453a,1,,0.09795,2025-11-29 18:22:11Z,2025-11-29 18:22:11Z,0x6733bacea3a12d6b83c046786ace547dadf6359165c500c159f45492d3eaeeee
0x2fc0e2f5bfea47fe93ed015b91625837027e4d93,1,,0.09798,2025-11-29 18:22:11Z,2025-11-29 18:22:11Z,0x2a1cf04e8bb74b87e88ca14d1f9ab5012637d0cd02f319c9d2a401f2b70f58bf
0x52e8e9c34be7ea7d969cbb7fa8cce7c9962f3213,1,,0.09799,2025-11-29 18:22:35Z,2025-11-29 18:22:35Z,0xfefef1db64a4d5d72079cbd8d3898d89d921ceb4e0334d992533af56dfb70a72
0xe36405317e9e26f3d92def46d1e19039b7832e2f,1,,0.09795,2025-11-29 18:23:11Z,2025-11-29 18:23:11Z,0x3ae8e3dcc8cb0b8f3cb90eec904eaa86f2b33da83b0d51406454ffe63692dc5f
0xaf72e97c799eaf0b168ac360b1eaa90fda3b4c04,1,,0.09795,2025-11-29 18:34:11Z,2025-11-29 18:34:11Z,0x1bd12c7cc2d2ce2cc325cbda295a8362df0728b61027a3db11918695c63c1702
0xe03d88232e5412d7ca9736619c6203d901383acf,1,,0.09795,2025-11-29 18:34:35Z,2025-11-29 18:34:35Z,0x0da809bb2fbd43d35eec49fad1fd6f0bb578b52f68533f02e091ac82f1bbed40
0x6d1928d979e39d490bbadaf56d9f677eec2975e5,1,,0.09799,2025-11-29 18:34:47Z,2025-11-29 18:34:47Z,0x4a7f331dd4bbc444274732826f3b946f368dfb086a182e77d6b5b71a718d238a
0x2559a785bf9261ab645f8fcaa80c16f93dc20d6d,1,,0.09795,2025-11-29 18:35:11Z,2025-11-29 18:35:11Z,0xfc3d3bb84df07eac325799e917c7e02181d99607d427283687915fba3f4d5eae
0xeab7c90d9a2446bf7098d13eae2fe5bbc9212f24,1,,0.09792,2025-11-29 18:35:47Z,2025-11-29 18:35:47Z,0x6534947501ca319ede911b4dba1b5b51848ee8200f8dc36370a0110afd46c331
0x40cdef628bfd3d69265aec3dca06e5d11eeaa8db,1,,0.09799,2025-11-29 18:35:59Z,2025-11-29 18:35:59Z,0x212a8fe06c0674e30406e1aa1aee75925f7010a8f8bc9287fbcda4fa151bc154
0xacb7fc13f1af121439824f561be14a24edaac14d,1,,0.09792,2025-11-29 22:03:23Z,2025-11-29 22:03:23Z,0xc2cb627e6b20970c2129e10f4097f1822cf9b1e70f11443614223620a7b2d7bd
0x247fcb0e7b9cebd396b6932163a53e0c19ec1af3,1,,0.097893,2025-11-29 22:14:35Z,2025-11-29 22:14:35Z,0x5e90b9648bfec17bb7ad7f3e63ac12c19b03134d4662fb3b8a2adb5734328f14
0x2dfbe10b02e08e7afc54d28b5f653ee24a4a34b8,1,,0.097898,2025-11-30 02:04:11Z,2025-11-30 02:04:11Z,0x1b294b510f1bec0925006ebfb521a71078a61a57c950e2dde55608468af8a791
0xd4b01922a1f924983100944362bb8d8e2fb4fdf6,1,,0.097899,2025-11-30 02:06:59Z,2025-11-30 02:06:59Z,0x53119e67839b45982de4ad9d1b8fbc7d59c74cf2fce6c4c37d38dfe9ed0b99fe
0x90bea4853642d74f0e1e4cad63467aa07890e1c9,1,,0.0979,2025-11-30 02:10:11Z,2025-11-30 02:10:11Z,0x6911130b6ad05cd0be1905712f583321cf711b9327acb6d206659eafef5ea5c6
0x9002bcfea03e3d592453727bf093f6810ecf8d1c,1,,0.097903,2025-11-30 02:12:59Z,2025-11-30 02:12:59Z,0xd3f52eb33df47baf322a9bdd0897f93af703e530413974428683063086b3223a
0x768a6a650adb507cf4c75f7aa684572f95c3bdee,1,,0.09793,2025-11-30 08:15:11Z,2025-11-30 08:15:11Z,0x2176c406320f454011d1f863fbd56e1c9020b225cd703456647384cc1e0006ab
0x23106f9ecfd8fd0222bc2828b164903970788c35,1,,0.097953,2025-11-30 10:35:11Z,2025-11-30 10:35:11Z,0x206cc5f37e7f29107eaaddc8852302362b946c98d1480db8ab4ee520802129ed
0x1576bc607e5356c2bae0a2a84fdd532d93760791,1,,0.098281,2025-11-30 10:55:35Z,2025-11-30 10:55:35Z,0x987d8aca61acf6c66bb71c6f73c407b3fe0c7bf382a4170d96e4ee497fb669ed
0xd75a03cc2554f4563b4bfdd675306feaeef914ef,1,,0.098282,2025-11-30 11:02:59Z,2025-11-30 11:02:59Z,0x4cdb21dc1fb13df185f3f3addc07ab8d7c5d0ebcd2753d616756bcceefb595c7
0x1302943db9e1f392357191ec95ff85d3c3e24cad,1,,0.0979,2025-11-30 15:04:23Z,2025-11-30 15:04:23Z,0x84c41035ecd4d545f8e6fff565c9093e6338025ace3b7930c8131e5e957bb87b
0x401ec84c40e0e36eba4961407ba3c78939c580d1,1,,0.097889,2025-12-01 03:37:23Z,2025-12-01 03:37:23Z,0x58ac59b1b919db0a9b4f68f6fe5959f2ac78259d1ac531f5a3d1db2117010ec9
0x5bccc25ad7b31354eebc2b6e004cf6a16f82b4a0,1,,0.097963,2025-12-01 03:40:59Z,2025-12-01 03:40:59Z,0x2342cce004e20949a08702a83604151a5b9003ad6bc9c4c1f5b32d5a74345ef5
0xa304c881f7f8f76ecb75141f16b4d9e567b0143e,1,,0.097957,2025-12-01 06:41:11Z,2025-12-01 06:41:11Z,0x3d90b01e0063251afb7e36c95dec4a69fe5de00496f5c3394a10586f87fe06f5
0xa7e9fcb901fee47690515182592528e9493a7b42,1,,0.097901,2025-12-01 09:48:59Z,2025-12-01 09:48:59Z,0x8d0b7399677ed789e79648ad922d1e4f8b3564b79d751512ca2c3033af284c11
0xe20e9e27d3ab4a8170e9c167d8abd590297b5eb2,1,,0.09795,2025-12-01 12:18:47Z,2025-12-01 12:18:47Z,0xbde710c5637ca15f283adc080b485067be2639d5fde90da6e58128a88057bc25
0xe4c9feecc3febb0694ad9435c420334da754bdbb,1,,0.09799,2025-12-01 13:06:47Z,2025-12-01 13:06:47Z,0xd0dc01e328ca72d42fc626f3196f4b4c323b7f048af009d83b7569d2c363839f
0xe4017661491fa0fbeae3734018e8d2b5cb218a9f,1,,0.097867,2025-12-01 13:07:23Z,2025-12-01 13:07:23Z,0xf09434a659c3e5ad3c6cb19c7d9d39df4be314887b96d51a5fd08b0e39fe1db6
0xa9f02067ae3db662c4ab8aaa40515fc9f5510732,1,,0.09795,2025-12-01 13:16:47Z,2025-12-01 13:16:47Z,0xdedf95a0e55f6189b8392bf46c719f6a077a4f0e6fcfac3b7cd6c4ec125c3f4a
0x71b35d3b9c89d647a92dd141f2a40fdcbc494b57,1,,0.09792,2025-12-01 13:29:23Z,2025-12-01 13:29:23Z,0xdb57f74e38e41eaa45c647043f4a2e9a66135e3a146ae14c896afdcc1b4b3d96
0x4e2d59994cc4b34ba2470c6d147d62e456c1cfdc,1,,0.09792,2025-12-01 13:33:47Z,2025-12-01 13:33:47Z,0x9c738e8fa2322cfbf687b741698eca23f10b1d9c2483a58660d4bcd824361dde
0x92767fae80bf3d0b94924f43b2b3429a1e3c175a,1,,0.097261,2025-12-01 14:45:59Z,2025-12-01 14:45:59Z,0x8107ae75949c7e63245f751496cfc8b6d8119bd7d9b8812d1615d090f8775d16
0x3a30143961efeea76dfcbadce2c54045d3ee9e82,1,,0.097761,2025-12-01 17:31:11Z,2025-12-01 17:31:11Z,0x92c79adec3e76319b5f90749afc986a69d7e0611505d70e180b1376dcf918792
0xd4ab3b1a2520db1685e6af06505ed575d53ef740,1,,0.09828,2025-12-01 23:59:59Z,2025-12-01 23:59:59Z,0xd685d6b7d2f9e8bf5910e45c60be23dff347e75f7cd66a6a7e3ded621876651f
0xcd5237afb28672ab45c97eb806e47ac383a46839,1,,0.097931,2025-12-02 06:13:23Z,2025-12-02 06:13:23Z,0x081e779e83453cf588f5892e0f9802270edd003cc6534e54a83ed98bc4a79b38
0x45292aebc5d2cc70b2e86c97cae6a2540fdd9311,1,,0.097971,2025-12-02 07:06:47Z,2025-12-02 07:06:47Z,0xd154c3525bf60a32b7ce105730c9fb0fe8db02a51e3414b4741b03319b394add
0x93c2e268c4b8eb171ca1468c09738116099ed8dd,1,,0.097902,2025-12-02 08:01:59Z,2025-12-02 08:01:59Z,0xdcfedfcbebcd1dbe8ed58eea9524a0ea2fdaab343a83936863a8ced143a6bf06
0xb302fba8b8116aa32a56f354a333b0d8ef986747,1,,0.09793,2025-12-02 08:19:35Z,2025-12-02 08:19:35Z,0x74ff050ef1284b3e62be08709bd399233050b5f77c591fe8dac1b9e50c5eb641
0x5111c88e57d28a4a42b844c58c3b16ff3e5f80bb,1,,0.097903,2025-12-02 08:24:11Z,2025-12-02 08:24:11Z,0x55d8e86dcbcb0f76089d64c64c7a7a675d5a488e2b5e581b5e87cef2af53851a
0x75a4f800311ab1eca86d0df60ca3901b24772f30,1,,0.097953,2025-12-02 08:29:23Z,2025-12-02 08:29:23Z,0x0b2e4996f9f1d3a44bf77d0b2ccdac7802baa19f9fc5e26d1f57b37544da55be
0xd7c15033bc1bffe8c9682e78708e411a79be7d1c,1,,0.094584,2025-12-02 11:40:47Z,2025-12-02 11:40:47Z,0xabfff92fdbd857250ef19d7c1d157e9fcf3a89a01c978e03f18f60e6f6d60eda
0x08e0f0cad59146d620aba673e03dfd2bead79f4f,1,,0.09789,2025-12-02 13:05:47Z,2025-12-02 13:05:47Z,0xdaa672c1053c259588f39e70110329466bbe28d502228cd0a300dbb89a605764
0x629088cc0784c1c992c31ca67fda3655c255c3f6,1,,0.097841,2025-12-02 17:02:23Z,2025-12-02 17:02:23Z,0xfa87441b80f2faa68d2abb7e55f5c5a2da9d6d305f859075b553d7556ec29396
0x9d4de8f99a7c800ac5a8e220877d6a4fdf8f19c6,1,,0.097843,2025-12-02 17:31:47Z,2025-12-02 17:31:47Z,0xb188cccd68adf8e8f1db8e44b0aed32df2916c142ff38f4337817f58e2bbb899
0x8577f3e594ac2c4b1151c9c12d6b1ee41dca71b5,1,,0.097961,2025-12-02 19:01:35Z,2025-12-02 19:01:35Z,0xccec00ac40b22528a39faaad637394b79504a3287cde425893555048ede9ac55
0x1828bbbe795d67392fabcc760d8bdb864e00bf9b,1,,0.098272,2025-12-02 19:45:11Z,2025-12-02 19:45:11Z,0xa02da2afb160f42c21ce143c419937cbc0f4cca82152da3a7f9a011948bf915f
0x4f1ba2db86d106d0d30f52ddd62d7e1046e4f5f8,1,,0.09827,2025-12-02 19:53:23Z,2025-12-02 19:53:23Z,0x29f33fe4e9147bf230838b2225de89aac321232892b8ddf102949dcefa4b1286
0xc95ac9cad2556b72aa7dfd3c2f42a1bd479e43e0,1,,0.09792,2025-12-02 23:25:11Z,2025-12-02 23:25:11Z,0x4022f8791de0bfea1269b256dd8cd769bd998d51f51bd303afc51696f9f74cfb
0xed4e824abfa2dda7c450adaaf7523e58f88af24c,1,,0.09792,2025-12-02 23:26:59Z,2025-12-02 23:26:59Z,0x2e589e097061cbe52ba74759535ef3413be41e4d00f39caeb57f7fe120315b83
0xded070c0c3c53241e482ec96aea0f1ac396ec9cd,1,,0.09799,2025-12-02 23:58:47Z,2025-12-02 23:58:47Z,0xcc3ca63b3a6af1c597b1fa7d7dd53e35e57ae72860391cc11757560b84030180
0xc47ca515fc2467270ca58c72ec1d3fc7d553c2ff,1,,0.09799,2025-12-03 00:04:35Z,2025-12-03 00:04:35Z,0xdf5962faea130ecf5c6b11d9b3fada071e5694179b897937f7ab6c3c8aaae8e6
0xa9d552a35b7f9c957fadaa650a00bf44741c40b0,1,,0.09792,2025-12-03 00:04:59Z,2025-12-03 00:04:59Z,0xc5d8a9c1e46e5650f74cde10d5a4bd65bf6bb0eb6f46b218b6258a08772a2078
0x915bacf2d3023602d87812e5fbcb4dc6f386befc,1,,0.09797,2025-12-03 00:08:11Z,2025-12-03 00:08:11Z,0x8a646486fcae9e37904d5efbf64d762e4122d69da796b4d8a6b469c6985b8d37
0x9d47aed43412ce7697c47a858d7fc8ae5bd85764,1,,0.09799,2025-12-03 00:40:35Z,2025-12-03 00:40:35Z,0x8000bd24f885dfc8102024685850baa952786dc83ecc08f7284b2ef606075a6d
0xed2ff534b0414c55f4aeed8dae1e002af8351cf5,1,,0.09799,2025-12-03 00:50:11Z,2025-12-03 00:50:11Z,0x73b7ff5a652576e67ad438100833f4d115f2ca21662a06a19e2bb38fd1e4c083
0xd390e4c5573ca2506d90d1c3659ba6c86193de49,1,,0.097971,2025-12-03 01:21:11Z,2025-12-03 01:21:11Z,0x5557e999d4f33fb99ff96c377da0eac9bd065ea9efbdd8e232411a3e3d599c6b
0xe12ae2d1ff7ecd17133d867b3d0a036177da0b74,1,,0.09797,2025-12-03 02:09:11Z,2025-12-03 02:09:11Z,0x0da5415aa434c6771df67e832cf531c4c98988e1011e021fc2f04ba0da9626f6
0xe45fe04cfffc6441380e9a03f056435c5b8b8626,1,,0.09792,2025-12-03 02:21:23Z,2025-12-03 02:21:23Z,0x838df100ac8e50421ed8fdcf8fa53dc7535d1a60a23eb3dab2d2a1ae5d9490d6
0x115641f13e41000406466fea9b948fa84671411a,1,,0.09792,2025-12-03 02:25:23Z,2025-12-03 02:25:23Z,0x4dfc55cadbd6a56454794e918af617718d570caa33afa98fd19476f53d870c0f
0x4fc08fedda9906fb53d08878f3291d1520987d66,1,,0.097899,2025-12-03 02:32:47Z,2025-12-03 02:32:47Z,0x5ecb02fefb43f3ea744b4e5738a52dadaa83e5a6723a25484d6cb41a01b4b00b
0xa217f90836b8aa12a17e78b2ce68d908b85b9f11,1,,0.09795,2025-12-03 02:32:59Z,2025-12-03 02:32:59Z,0xeb3b7ccf3c06588ce6d2b9158fe91a8562b882d63c43750c6f9aae6a67b97dc9
0x461acb1078fcf36fb1b940594afcc4d2246f583a,1,,0.09792,2025-12-03 02:35:23Z,2025-12-03 02:35:23Z,0xdc0c6d7c61a954b1bce0f91279b9bcc1b34594216a93df0715415373c4083fa1
0xfaff6778d54ac8315ea7c0fb3880d688fc69b116,1,,0.09795,2025-12-03 02:42:47Z,2025-12-03 02:42:47Z,0x88598276d534e71b1764f715758fa717df34adb84b71dfe594c792a95570c581
0x7dcfcb15ab2a483996eec4c6be1594f679a37e5d,1,,0.097901,2025-12-03 03:16:35Z,2025-12-03 03:16:35Z,0xe0f3537838445326fd6d9547e3666f5b1b78789d07cffaee55c5812aeea79ea9
0xc4a95fc54b5a359723f66ede23dff23e1de45a8b,1,,0.097901,2025-12-03 05:17:23Z,2025-12-03 05:17:23Z,0x46cd46c02e15efe339f78354df60e736941091db69d03c9b1431f420de847a5f
0xe4784961064fb4193aae7bf2ad92d34436c183d4,1,,0.09795,2025-12-03 07:00:35Z,2025-12-03 07:00:35Z,0xdbd7e33a17029bd124936420adcb4afc3c577152bf0ac88b4572d29f1284d2ef
0x04b0a4a5dcef8dc95b18aade1a79fbae3be9cd64,1,,0.09796,2025-12-03 07:10:23Z,2025-12-03 07:10:23Z,0x3ddf4615338d752f7f5c68d3892608fdeee443adde7254af1810564b768d3817
0x6f0952ccbb1484b8c10e6323709a500b9eb70bec,1,,0.09792,2025-12-03 07:14:59Z,2025-12-03 07:14:59Z,0x1d06f54fba200a403acaed2b6db340b4d69ca52a9b06b65c27200980fd29dfc2
0x259653a7695b05494cb2a164937571d6462d4f4b,1,,0.09795,2025-12-03 07:23:23Z,2025-12-03 07:23:23Z,0x3ae342a7d6dc5d85f97cd210acc4839184341829425a685b8f78e004eb255561
0x28b58da3787884aadfcfc50431eddd0ba55a9f5a,1,,0.09792,2025-12-03 07:39:11Z,2025-12-03 07:39:11Z,0xb7f3506aa5f14718ba251a81120c0aac36ce66c89fcfad2c0a7305d8b7f2a651
0xc041055a9c63454a1a0f14be1b08490959100a32,1,,0.09799,2025-12-03 07:42:47Z,2025-12-03 07:42:47Z,0xebe06d0108bb6d2840356196c557a366e5867bb9c37ccda756de84b29ecea5e7
0x715a5498643fb4d0fe39080521f05c07f33bc1bf,1,,0.09797,2025-12-03 07:46:11Z,2025-12-03 07:46:11Z,0xd441a362bc977f81849fa2c01d685558a717c9ba900e50914c9b67f3405b5877
0xcd90738cb367902c92c3fd0f3064bd338e182058,1,,0.09792,2025-12-03 07:52:35Z,2025-12-03 07:52:35Z,0xb3af6aea0da3098eca67061f08ee9de99514574afb883560d3f63ebfd874b11f
0x7543fe743bd0b7153cc4acdb333d528f490d3f40,1,,0.097971,2025-12-03 09:22:11Z,2025-12-03 09:22:11Z,0xd6269c365dcb53a34b9ae4b526540b01b452eef4b8bdc81024a4c819cfa78574
0xb937dbb4764dff134967f76e4051392cf59cdbd5,1,,0.097969,2025-12-03 12:27:59Z,2025-12-03 12:27:59Z,0x93b9e9795053e8ae27631f74d967e0258cd73d0e1c0f0cc322e18e2e0ec79bd3
0x7c8b788981ff2b201a80bb063e9bf1baa86aea65,1,,0.097961,2025-12-03 13:51:59Z,2025-12-03 13:51:59Z,0x60a9304e1d2830e1a76f603b19f2b40c479c119e32ecdbfe1eb6de09c8c524b2
0x556abf888be150e6c7827f872b9481d64baad0cf,1,,0.097945,2025-12-03 17:02:11Z,2025-12-03 17:02:11Z,0xb093861f285fd54af89a9e04a33dc874bfc21571e45b99b722e4e8270aedbf1b
0x975ec116b3ca1f9e3c61b0d5f75098ac4f3f0ee0,1,,0.097963,2025-12-03 17:53:23Z,2025-12-03 17:53:23Z,0x1364438a649bc66f6c12ca37944671308743c211aab31d5bb8f507412c7ade94
0xdaf25a902660844aaffbeffbd538e27e4ef59c30,1,,0.097939,2025-12-03 17:57:35Z,2025-12-03 17:57:35Z,0x1abd2e91dd203e89ca9f8820ff8201ffb4cacd7ef0cfdd191bfc9b25f90e45ca
0x24d6a8e02077e4ba297167f28d007603355be561,1,,0.097941,2025-12-03 18:01:35Z,2025-12-03 18:01:35Z,0x24022c9edea0f71e744de3bcf460f0951bc9b18f2c99e6b3c2b3f84de6d199d0
0x9d858c6feac1f1a60caea4afbe3d2b11fac8a69c,1,,0.097944,2025-12-03 18:05:35Z,2025-12-03 18:05:35Z,0x9ea3f1bf860621d84a0f3e263371030b495d704e7c7b1970d36a0df0083342c3
0x4262fa8cd3e88a730e846b91ba80549b86afe45f,1,,0.097974,2025-12-03 18:40:35Z,2025-12-03 18:40:35Z,0xf98bdde6ddfa9fa730259abc4f98494e7078985080f2830b4332da3985fb165c
0xf546566df8a0bef554cdea7d082c2d001e075916,1,,0.09797,2025-12-03 19:23:35Z,2025-12-03 19:23:35Z,0xcacab290bd68628b26bad7e1ab9b44b33fcf557a35aaa545cc6ed755a0c09c51
0x8821381f87513ec79ff6cd1d32d0d3993f67b8d1,1,,0.09795,2025-12-03 19:37:35Z,2025-12-03 19:37:35Z,0x414f1d061a29f9f89642c4fc43741849fe6053315f5c1cb73f71358cbea28d18
0xbead56c57e1b1dfbc658a4e508aab0a9a28be82a,1,,0.09792,2025-12-03 19:51:35Z,2025-12-03 19:51:35Z,0xc1d6c700ebb547ddf06a8e09d8759b4f81c57bf31df5ea3d6b47cea493bac8f0
0x82c48f570aa5c87c4df8a929070020287fb9ca6a,1,,0.09798,2025-12-03 20:03:47Z,2025-12-03 20:03:47Z,0xb224cd5a4f5f7cb45f05c7582b86f8dc472c6591c0b484345553e8f80b323579
0xe50d09fc85a36a4e305ac510c24b8f71ff2d4026,1,,0.097931,2025-12-03 21:38:23Z,2025-12-03 21:38:23Z,0xba9e209324e9832417828a29e9b4381e7f89c87091a2bc5c74187f03eb95948a
0x0900717d9365e99a984fd21125f82f9f98ddc845,1,,0.097931,2025-12-03 21:41:59Z,2025-12-03 21:41:59Z,0x769a27108aade58106d6048976e78bee8ea4bb8115efc993819882c9a6c05df2
0x24fd37c3d7cb0367ff20ccde005a450f3ad28d9c,1,,0.097931,2025-12-03 21:45:23Z,2025-12-03 21:45:23Z,0xaeb082f0ebaf3ce94cc7b9aa31ded105c335867ca304991aa9d5a159bc5d5a8a
0x29e82d3e6ba09d68049447ecebc044aebbe2f0ad,1,,0.098288,2025-12-04 00:08:23Z,2025-12-04 00:08:23Z,0x87a067eaa89084c78a4ce6f8339f41998b55e2fea306a9cfbdd876e826b1baa1
0xc9a937d0a584fe0ea8d6211a0b14646b6a2045f9,1,,0.097937,2025-12-04 00:28:23Z,2025-12-04 00:28:23Z,0x178a0998bd80663ac4faf58532680faa2ab0d686afa363702e5f04b0e79e2957
0x74a593f20868a30fd039570dd45ec78e3785e0a4,1,,0.097898,2025-12-04 02:49:35Z,2025-12-04 02:49:35Z,0xf3e1deb383ee862b5c0e14497feebed8c346cfc7db18e39a4855995ae6d282d5
0x084a39cfa097ec61b7523287bf1b6c842d999b59,1,,0.097903,2025-12-04 09:48:23Z,2025-12-04 09:48:23Z,0xb59c9a19c9ba3dd831dfd2a0b6a300f1bc001113da485d498e80d8d82dd29699
0xc267da348fc0544ca7866aa8b132aea9bf91b3b5,1,,0.097968,2025-12-04 12:28:59Z,2025-12-04 12:28:59Z,0xbc2a7435969891a2de12de11e6f0a3d6a1032cd8a8eddb7923222c3d6c3a61f8
0xcd9518988b8275a761cc496e5d0866b3be3e4f40,1,,0.097893,2025-12-04 14:35:47Z,2025-12-04 14:35:47Z,0xaf4499457da1253c9a3bc0febff763ac15612c5b69d627e6bd8ea5a3678f6aa2
0xb41e2b25330e66e80ce094ca93efaaae28f08171,1,,0.097889,2025-12-04 16:17:47Z,2025-12-04 16:17:47Z,0x2a975f621e2119b3ebdf1c857fe278069f0fd93a5070587c670070a938a8d8bb
0xe0ef6f6fd0732810b2d5d747bdc5ca1b3cf19865,1,,0.098273,2025-12-04 18:19:11Z,2025-12-04 18:19:11Z,0x0189fd81b28f6caeeeedeeb1edc730773d2b3f43ab55cc587b7cc502301eaf52
0xf375a659275a002ea0aec4c142ed30888877f7f9,1,,0.098272,2025-12-04 18:44:35Z,2025-12-04 18:44:35Z,0x9aa7d09f3ad501a80a41c8dbafe28e593dfeeecabf8555b633efdc2211a14527
0x33fed9bde9757acc58d5bde3dc041dc4d761c5c3,1,,0.097892,2025-12-04 18:55:59Z,2025-12-04 18:55:59Z,0xa55fad0d7cee86eceb65545456c76b664e4eacf8c7475673cd78fc26548d46b8
0xbc4fbe70e41159de5a8da288ebb6dd9391cfab95,1,,0.097894,2025-12-04 21:46:23Z,2025-12-04 21:46:23Z,0xfefc4ca28e84b84638a2f27b3fe943905fccac608091c9a56e7e19b8555e43af
0x3570dc71cfc5786768a6d12368753c01b2d28f57,1,,0.097905,2025-12-05 01:48:47Z,2025-12-05 01:48:47Z,0x3ef5abf3f2697e63cb1a520ef3a81b4dadbb6214149f03675b2598a16e8cd520
0xc717c960c30a62c86bf9b5c00be1ceb0d545588c,1,,0.098286,2025-12-05 02:11:35Z,2025-12-05 02:11:35Z,0x6e8dc5f14453ed084df9537920cb0e2708db4bbf29c28546afe402cd07476fdd
0xdff91ef5d6258bd1e646f441ac5c5586f9e10122,1,,0.098286,2025-12-05 03:34:35Z,2025-12-05 03:34:35Z,0xf2b432c104b17f0d3d3fc765db383017797f993488db4cc57d37a657a0025d10
0x17e4c1cf0f0e632f5b405bb2aaaf4ec308b856ae,1,,0.097907,2025-12-05 06:23:59Z,2025-12-05 06:23:59Z,0x85f79258c18c27ea2dd893fd383a792efb6458f20abb31bf0071342fad2e79a3
0x5a3561555fa5a3cffaa9be76b8ec9434faa6a81a,1,,0.097899,2025-12-05 09:55:35Z,2025-12-05 09:55:35Z,0xbb0e771a74c8aec3b6c9a5cd352447245d64bda0f3ea0280b40ee4c66e312f0e
0x51fc085fb19490ef83e4f0a156b56e90a1084ad4,1,,0.098284,2025-12-05 10:13:47Z,2025-12-05 10:13:47Z,0x00f9b150d5e2ca0238fe7fc2f38e9701a212a8211721e9d5dbf98d894b5fdcef
0x1c2159a27b10aa861ae496e59f6f5b1edfdb16f8,1,,0.097939,2025-12-05 11:12:23Z,2025-12-05 11:12:23Z,0xec6c2e53f27a30526e19cac1bd455bc6a9ac62d4abf879127dfe0e32c7a0bb03
0x9d9821cedd78dd22ec52cd67240fa913a8e096e1,1,,0.097936,2025-12-05 14:23:47Z,2025-12-05 14:23:47Z,0xe250afca4a0e49578fe7ab37369ab9a5df55f352254baba460236ba21804746c
0xf387e74d38fd6ca2f17d159a04f3eac1f29ff2a4,1,,0.097884,2025-12-05 16:12:11Z,2025-12-05 16:12:11Z,0xbc03c96f9505d957f64356d674e07c5a85bebffdd423817d8b35a50f49867cd9
0x6ade46e0c22a280bc27570e02790781c653e2e39,1,,0.098166,2025-12-05 16:55:47Z,2025-12-05 16:55:47Z,0x0c93b83fce3380ce9ba71563df623405c6786570aff617309d7a0e689ba592d2
0xce69b8a22cdceb996925288dcf6d1bfc3387ec9b,1,,0.097876,2025-12-05 17:33:35Z,2025-12-05 17:33:35Z,0xf5791a008f62a06c3962c6ff5e0f444bace7fe4294878ec7b976ad87db832c7d
0x90df02d0e29f1814484b98762a849d2987505eb6,1,,0.09789,2025-12-05 17:57:23Z,2025-12-05 17:57:23Z,0x8d74d31512e1b0722561619e86a525cd022c4271a6e075ccd393e58191713f12
0x67a8d7fd8333f091a7d9746a0a35e10f1e6f45a8,1,,0.09792,2025-12-05 20:52:23Z,2025-12-05 20:52:23Z,0x0287d3ee0195bfaac976cfff61c322e64ea8272558642f6d1373072c788ca5b5
0x61a69656b1b4aabc5fa1ff4c3af8934ca1c39e1e,1,,0.09795,2025-12-05 20:52:47Z,2025-12-05 20:52:47Z,0x7b4c1ca92157f8b1368ef11b90bcc3f28235c60b8c074873a8a17af10155f1eb
0x07434d59450f51826127afefab0e9ba2b613906d,1,,0.09799,2025-12-05 20:52:59Z,2025-12-05 20:52:59Z,0x5491d02c16462b8449ba1c1710682163db88bd492fa888f7c0db98bdf7a61871
0xceb167b5021a7aada555d3f6d865e7fa41d24cc0,1,,0.09799,2025-12-05 21:09:23Z,2025-12-05 21:09:23Z,0xcfd7f90d0af884b2106f0954aa2211f1d8d0b096500eb47b57e6c008587fc19f
0x0c8cfe52a77a93823bac50ec4b50a6783f12c201,1,,0.09792,2025-12-05 21:34:11Z,2025-12-05 21:34:11Z,0x3e5afb54809077b807705ad00774036b159c2f3bde2263b18206bd79d126c973
0x77684e4b3ef260c7ddb06a44e896c8f043e0a3b7,1,,0.09792,2025-12-05 21:39:35Z,2025-12-05 21:39:35Z,0x1b103dd9979fe0c4267d7012f9c7518544fd67c66568e5a31f080e1516b88824
0xa20b2785630076e5f9b807c88311ef82d57fcccf,1,,0.09798,2025-12-05 21:39:47Z,2025-12-05 21:39:47Z,0xe9799dd7a73ebe34417b7272c9a0ae8854bc80d73bd4faa0650248d1e02d66bb
0xf6066f286ae98c6f87f739b5f9627240372787df,1,,0.09795,2025-12-05 21:40:11Z,2025-12-05 21:40:11Z,0x27f22c1a1ddd69d93c12ee2cb2a08237c728d58ac2a9dcc10297b80a86192309
0xb5c6aea005e2becc181b7761d345c3d09c3ac21a,1,,0.09795,2025-12-05 21:41:47Z,2025-12-05 21:41:47Z,0xee36d47d18a3ab2443a9772d5e6068a4fb01746a203e3e76c96829e9a531c851
0xd9f852c8a060c2d37eb31b0ef59a825a0a466fad,1,,0.09792,2025-12-05 21:42:23Z,2025-12-05 21:42:23Z,0xa519838f5e3597fc403e82aaf214c84080077c44be9599e56e4958a32899f85e
0x3fcd985e6b3e3dfcf227b37883304c786069b20e,1,,0.09799,2025-12-05 21:42:23Z,2025-12-05 21:42:23Z,0xb3a7faf2c61b32a2383e3a5c99f7bd4ed7c684be5939858b79b04e80e888a5bc
0xdf648bb9a7ba837fd2030772927e5c808e00bb15,1,,0.09795,2025-12-05 21:48:35Z,2025-12-05 21:48:35Z,0x9ce4c612ec6fbad67e1052f863393433ce02227572095385db330d023c7b7fff
0x9d0a3bbbeab272b015d41dab596ba29f36082f5b,1,,0.09795,2025-12-05 21:49:35Z,2025-12-05 21:49:35Z,0xfc01afff95a3a37f53dc6d138edcf0f3e17783ba097bb6a2b8c6fb96a8da4786
0x3b53c2bc3e7dba8356bfc68875abaf2941eaa9cc,1,,0.09795,2025-12-05 21:49:59Z,2025-12-05 21:49:59Z,0x0e901034fa6130eb0005758de4be1e261973223ae99badf290179ef43e05e4f3
0xc069e3d47844bb149b703fc8ad936b1372d8ac9e,1,,0.09792,2025-12-05 21:52:47Z,2025-12-05 21:52:47Z,0xb33b1fbe08d31ceeaef44e10aefebb4f6443630e73fcea0b43e07cffcf1e10b4
0x5195fa563d83da0800f286e1ed96a47e4a710faa,1,,0.09798,2025-12-05 21:53:11Z,2025-12-05 21:53:11Z,0x5ef35791a1d447e56ace6b362e95f34460f63a540419d53191693a26138b3b22
0x32480585a3e16fea7f2412b7a130b95fc877423c,1,,0.09798,2025-12-05 22:37:35Z,2025-12-05 22:37:35Z,0xfc97916b6c2c7e2fa64860bb8794579da462c496a4313cbacd1287f18444c861
0x8cebfbaa1163ea1c844173f3ff424cf447d4a767,1,,0.09796,2025-12-05 23:19:11Z,2025-12-05 23:19:11Z,0x3e1b57996ae49d32e211f785511c5cf2988fec9573762124f73feb36dedecafc
0xe8a0f3941d8dfa8523c5d901eff31526af2cf852,1,,0.09792,2025-12-05 23:28:35Z,2025-12-05 23:28:35Z,0x705dae3a282590ce3ea1932862441b8b6cc23f5bdd3678c567dd623dd5f86ddb
0x5a3b5a18fdf17a5711948c80356652212f099a33,1,,0.09795,2025-12-05 23:28:59Z,2025-12-05 23:28:59Z,0x45104da929a136fe91117aa55add3943af4e0bf4b6ebef23d5041b97fc8a0092
0xc8cbc12d08f48cd6b90c34964856bbe1e6200df9,1,,0.09792,2025-12-05 23:38:11Z,2025-12-05 23:38:11Z,0x3bd0a26908a4face9fb75375219013450d64ad1116f822a777ab72d4a100eaf1
0xbf158905b69b7597a8032a1ee2716c3dce6a6be4,1,,0.09792,2025-12-05 23:38:35Z,2025-12-05 23:38:35Z,0xcc0bc148fac68934a58f24ceb7594b22db65512bc2cf50edcf2489f67f947b72
0x5016701dddd5a9269b7c8406d069f9ad087cfb76,1,,0.098288,2025-12-05 23:39:59Z,2025-12-05 23:39:59Z,0xcb2d1a5e63f3b28eae0f650e9dd45ac4d2660801949e20ce078a58575f5759b3
0xbadb1baf3e880f60b45c1ff2b187f70e62796a30,1,,0.09795,2025-12-05 23:45:35Z,2025-12-05 23:45:35Z,0x9a98163bbedcf29f539fdb2844e7fe5229682809ebe2989f175b7233776c7024
0x7653dbf7733f1b0dde1ccac6326847cd15c183b2,1,,0.097938,2025-12-06 02:17:59Z,2025-12-06 02:17:59Z,0x1a4acb9a320c584293e166f34c9828207199eab2367b52070f14aa8ed6797bc7
0xfb0bbca8abd54234bee8a5eceae701afdcc8c5a5,1,,0.097905,2025-12-06 03:16:35Z,2025-12-06 03:16:35Z,0x5cb84dcacaa48d1b3b9284eb5dc7f08644140ea2c9fbbfb1539505b6741afc03
0x69605813fb4fcdf7215816391958ab3d9bc4645c,1,,0.097901,2025-12-06 17:36:23Z,2025-12-06 17:36:23Z,0x5e4e8d43e531626200f1e3c3cada9415303c161fa55ee78be1231a3ac5ff45c2
0xc80a10dd1fcfaa9890303c2fcda15fabe8099a7d,1,,0.097956,2025-12-06 20:52:59Z,2025-12-06 20:52:59Z,0xa717b633eef894f11ef0fc95ce4c891580b7cabf3463565db4899d03d1b4fbf2
0xdc29a085b5b894baf4b5a35d6585b707408be2d8,1,,0.097903,2025-12-06 22:04:23Z,2025-12-06 22:04:23Z,0x1b00f452ca533539a165880fc7f67036ebc52864aed0d4cedeeb53b7fa526033
0x7f8af577bde2a2bd958a994659cc6f521234a8a6,1,,0.097884,2025-12-07 02:07:11Z,2025-12-07 02:07:11Z,0xcc7a5f8484bde14cbec4c6ba8f3f5e8f370d870b329edff69b8506f5b1efbb66
0x1b2a73b3897c4ea86f5ab60f7f22e3f2ac70fa7f,1,,0.097766,2025-12-07 03:52:59Z,2025-12-07 03:52:59Z,0xf4f71a82d649e50541996f0d4971ecac869d09988812f055eb112a425e984ab9
0x56c17da82496991becbce58806deb9bb92b86a07,1,,0.097725,2025-12-07 05:14:35Z,2025-12-07 05:14:35Z,0x59857c413266fa841cd319f29c9deaa95ce02403c2cbd964bc40476f143b1ebf
0x51a25946de309fd7d215424bf5f1f212970f1b52,1,,0.097784,2025-12-07 06:15:23Z,2025-12-07 06:15:23Z,0x3a3b499c78d010ecb03bcb31a2c872e3796a735bc92de6dde6c6dfd1ab3b390c
0xc5a4003d5180bb9a2b90a5f7518cd6203061500d,1,,0.097687,2025-12-07 06:26:23Z,2025-12-07 06:26:23Z,0x641b82764fcd37981d06cef68f34db35e2518033ba6c45163da7af763f1b2bc6
0x5ace0ba661861c391f914eaa553df58077bcff1a,1,,0.097852,2025-12-07 09:02:59Z,2025-12-07 09:02:59Z,0x8e77fac5863796e01ba21049cb03bb7e4ab403ea335e9eabef76b1662de2108e
0x7d6120746f3b0fa51dc33291a652a7bfa9386d0d,1,,0.098206,2025-12-07 11:34:11Z,2025-12-07 11:34:11Z,0x4a569bf536f04acc4b901bc0e1f21004493f6a47e26c931d86607a9ed17832e2
0x055c9beaf60bf0ca52a5c62dcceeb31292eb0233,1,,0.098058,2025-12-07 12:42:23Z,2025-12-07 12:42:23Z,0x1e98a2ac66af1ff2ee683a4aa52832a9f6e28c3981f660b46a4fea852b99ab64
0x88129b8aae429edf5018e65b1767d953ed8f8229,1,,0.097769,2025-12-07 12:43:23Z,2025-12-07 12:43:23Z,0x7f6914b7d261a88f31ec6d1948e4463c6b623edfd0fc7732b71daac6bfe2f3a5
0x67650de385195e256acca69060bf640dcf6eb3ad,1,,0.098271,2025-12-07 14:08:59Z,2025-12-07 14:08:59Z,0x24724fb9c20d3435b1e37a4c9ac39c362d5390833a3eb10b5e68ffc21e297e56
0x66e77e13332aaea95acf43d9ce3577bbd15ff4fa,1,,0.097772,2025-12-07 15:59:47Z,2025-12-07 15:59:47Z,0x822b8dbd572b66778d1212525b6f6be2809f6c63ef5b25c5c37d9eaa2b4e5be7
0x7f5ca4079b114ca105b452494d41f1d57d5701bf,1,,0.097759,2025-12-07 17:57:47Z,2025-12-07 17:57:47Z,0xf116af83e77c05f691670c2c8ad5e19bd1353fe2fe3e0f992b37d1b3d2cab0c8
0x3bc9d5847e9bb385347b75431e366dc5ed382df6,1,,0.097767,2025-12-07 21:15:35Z,2025-12-07 21:15:35Z,0xc5b3420e0ca93fafa2671dbefdb19cb09f6f65c4f6681a312529d757e7b80691
0x236216388e19d771358cb141452c520c06f0bd93,1,,0.09792,2025-12-08 00:30:59Z,2025-12-08 00:30:59Z,0x8de272749be0ff1d2da857fcf461118e136111bf3ffb7e3b93e90df0282267bf
0x89f468e898dc3c4455e7ca297b49f9513c6a2b04,1,,0.09792,2025-12-08 00:38:11Z,2025-12-08 00:38:11Z,0x8e12f4a27ac414acbdb749f2bf02435227500fbb79b0bbc162ca0a54355fdef5
0x7c943559b14dd6c45e2d6029e91dbffd4eca515f,1,,0.09792,2025-12-08 00:41:59Z,2025-12-08 00:41:59Z,0xa63e78e1fb80f77e28855ee22e3c1a356cbc8e5cbfb5565e7b281173c896950e
0x8fc1f7069ef8765b3d69f01c926f1ee9e830b87f,1,,0.09792,2025-12-08 01:09:47Z,2025-12-08 01:09:47Z,0x00db55b128c289338a9a199fbfa30596af1dd227eb1a917d4d928719b8df85b3
0xe813aff06101e9783daa5e60e26174df52b42005,1,,0.09792,2025-12-08 01:16:35Z,2025-12-08 01:16:35Z,0x4bcf604d82469a238a0f03fb36a2ce6ad9e1bfcf4eab864466879148d46829bc
0x651d215497a740c577888cc63b4ddc1c6bd619df,1,,0.09795,2025-12-08 01:28:59Z,2025-12-08 01:28:59Z,0xc752a693cdd982767d56b6fb000df83bec12c84fe8c8a9d0edc5514b9f1dc334
0x916fc541ff8fa65b715f45b9ed2892cc1af0e6b1,1,,0.09792,2025-12-08 01:37:59Z,2025-12-08 01:37:59Z,0x1eb9f882716cb5bc401663f54818031aa610e76dd77b20f58b7514393b4d0e64
0x75d1bedbfded16949d1fb0f405cb038ffd8fbf79,1,,0.09795,2025-12-08 01:45:35Z,2025-12-08 01:45:35Z,0x4e558aa0665a246a59e1ab323e6bd7f467f4bc4b13a68e8f73bd1cedf3a6544b
0xba6b735f2da85f5ac08b60587c4b80f30f2ece0a,1,,0.097789,2025-12-08 02:44:11Z,2025-12-08 02:44:11Z,0xe164b722590de504d90264db7ab810f0fa40ddc99c8384375a8ed522c89768ad
0xab2f4aa1745bea147ee735c06caa4f65db29737a,1,,0.097753,2025-12-08 03:46:59Z,2025-12-08 03:46:59Z,0xbd4ec4450be3e0c34f201b3ff4260e19db3a081ab0345b4d86979e879ce3dc3a
0xcd02344a325ae22dd9567a9f903733258ede6e6b,1,,0.097792,2025-12-08 04:00:35Z,2025-12-08 04:00:35Z,0x0d03da37605d218defc5bb858bb450a1e71c0ee339a82985db042cb6e0728284
0x11603c922ae937063f60b298bd499d31d2fbb780,1,,0.097805,2025-12-08 04:21:35Z,2025-12-08 04:21:35Z,0xac9e0ab74d17498b73a96b04e1cd167bbdacd87c32d61dba8d5dd9b61cf318fe
0x63ad5d2e0a0f4148711b49ed8b73d8e6b0e9389a,1,,0.097705,2025-12-08 08:36:11Z,2025-12-08 08:36:11Z,0xeea33506839f495463ac832f0352078b812f608bee19802fae9b522df88aad0a
0xb0077415a084a7d46bd0509d04e3e4a76d1caf48,1,,0.097726,2025-12-08 08:37:35Z,2025-12-08 08:37:35Z,0x5244ed69b76380a9221b91b326c4215b6cfb7624b76aad6cf826b2f27641c47b
0x83c23ef38458bc8210c2cf9cff305ffae461cb89,1,,0.097698,2025-12-08 08:38:47Z,2025-12-08 08:38:47Z,0x93442c115cef2918c37b2a8c57036a7b119de672196339522ca45e52e17184d3
0x3a7121b5e7168e0eec4a1b1b8b0b7f8a8b980d98,1,,0.097711,2025-12-08 08:39:47Z,2025-12-08 08:39:47Z,0x67f0dcd9a2db0bd66768215eacdad6700258f81761226c51d6ecf2a4a544f7f9
0xf5069fa2836a4d6d6091db27d559a750ce47c7b2,1,,0.09807,2025-12-08 08:48:35Z,2025-12-08 08:48:35Z,0x2ebfa77f20e68211852395dbe3e9260b795c0c7a99c37be26d5b23c62a652606
0xdf7a26835eaebcc3ad00240b0310fbc142dbcc45,1,,0.09812,2025-12-08 09:19:59Z,2025-12-08 09:19:59Z,0x6cc6cba12161f8dc35ba0bafc0d851db8833068f9e67e694ea260026d1221647
0xe27f69d88c99f180d27bb10fce9edd98acf2bcf5,1,,0.09792,2025-12-08 10:40:59Z,2025-12-08 10:40:59Z,0x604673b2ef5f6f8bfc7b0bb4fb6adda9a4cf599b3d4b8088e910ddd3b73a4c88
0xda02cd2ee4926f63cca5575991f61478538dc7af,1,,0.09795,2025-12-08 10:43:11Z,2025-12-08 10:43:11Z,0x6ce43c5350889ccdff40ce4f0c68ca700c63a4b815864957b241fa8038b496cf
0xb70775283212a66b920e56a9565859c9de9fef1b,1,,0.09797,2025-12-08 10:49:47Z,2025-12-08 10:49:47Z,0x0ad93689193096121a7375a06ab6b5eaa3d5ccf2e960931b82eef6122bedfa5b
0xceacb016fe179e533a1e0a708dd2c0c832c609e6,1,,0.09799,2025-12-08 11:05:23Z,2025-12-08 11:05:23Z,0x61aba568164d54da116f948c734f4b5bde91092152935be22e578892cffbb4ac
0x7b2eb1df10212742a7ac92a47c9b6c2b8b506896,1,,0.09792,2025-12-08 11:32:59Z,2025-12-08 11:32:59Z,0x1619231c4ac0e9996baa5135c7d7b8139f35a9001f9d56717c6af6a8437b0e60
0xfe41ca0eb3dd8ee196613f0b6c546879b88163b6,1,,0.09795,2025-12-08 11:36:11Z,2025-12-08 11:36:11Z,0xd698eeef52af352380160fdbfdc331660fd347f844f69a7b33bd17aa3dbc4c5d
0xb6674a89bfd3ba0e22c20e7766ae4e6376b89055,1,,0.098109,2025-12-08 11:44:11Z,2025-12-08 11:44:11Z,0x1502d35e96e6c371581a7a1ac4a692ffe8f4c6ee7c7b6d42ff118bec6bc639f0
0x0a640fb5042a853d073282835ebc995c0aa6b6cf,1,,0.098115,2025-12-08 12:03:35Z,2025-12-08 12:03:35Z,0xe55c321b3aaf27dac55584b8556f46e4554461cae2d94e6343841f09ee906339
0x31abdb83a14bdb706155071e69ae2bd8ca1f5e0b,1,,0.097768,2025-12-08 12:35:35Z,2025-12-08 12:35:35Z,0x35b2c48d539a2143aedca3ea2935997880d2eacd727e817121b3ba8254208ca7
0x156966bcf62c726c9d2ee7f4e2d6d425a9658646,1,,0.097723,2025-12-08 12:55:59Z,2025-12-08 12:55:59Z,0xb7e1788ffe3ea4bb1a847949f8bfaf34a2439f9337c68f0853c4f372845d0f07
0x2bdd30fb31c4211c5f28e59fd2f2e5680fcd95cc,1,,0.097776,2025-12-08 13:05:23Z,2025-12-08 13:05:23Z,0x3d3ea7f7ca9c0a4a76972560b39877d520865e576c0d954409321b06df474e80
0x3f568ac7c925597f349c936e89b637987c8aebe3,1,,0.097769,2025-12-08 13:07:47Z,2025-12-08 13:07:47Z,0xc6067bdb9c663aa17d44b0677f824876e4beb2cb67aeb28ac05f95da5dcba21a
0xca6ebc61f533fefe32d709eee556234a6c7db3d8,1,,0.097742,2025-12-08 14:00:23Z,2025-12-08 14:00:23Z,0xbe7d2c7c512272453222cc65b4bb2438130a8b5ade12b250e754bf1f521a17e6
0xa5143742ccdf24373f581c986f8a6b2c58754ddd,1,,0.097816,2025-12-08 15:07:11Z,2025-12-08 15:07:11Z,0xc0243e57d4b8861d9147de9226cfa5700ab16daeef8a2f2fdb66d1ac200651fa
0x4ae339d21fc0949975488687f1ebeb3c355bfc56,1,,0.097793,2025-12-08 15:18:11Z,2025-12-08 15:18:11Z,0xab87f4ceb1ee07aaca0ffbb2eb420ff47654096194c0ca859bdeb0e195aeaff4
0x6c078bf363e0a2e405b90a6064359d442c19533f,1,,0.097778,2025-12-08 16:30:59Z,2025-12-08 16:30:59Z,0xc0a0fad29427d2b660e9a3361adabd3c80173bd2d17aee0a1d6aeb8761643911
0x51716c0b0489857c0b5ffb0d10a8c7c8c9a17275,1,,0.097762,2025-12-08 16:54:11Z,2025-12-08 16:54:11Z,0xa46e32b79242a681a825a3c336f8ca851d84e90d5983284fe595bdf61e36bc7d
0x7137f985d16bc1ab8e969e94247f5fadbde6a9cc,1,,0.097769,2025-12-08 17:01:23Z,2025-12-08 17:01:23Z,0x55c6d3d8f56cd74e9b37376622822e973fba105a889feed603fc3af16d89773e
0x9617fa8af3d7b53752df0b3ff581ea6d50ff57b1,1,,0.097823,2025-12-08 17:57:11Z,2025-12-08 17:57:11Z,0x0e9461aacad179ff12acea288c07339b187379b1a42f4047a813746d9ec2931e
0x59346e857960b18a4cd16d09541c71c8c1d25c8b,1,,0.097821,2025-12-08 22:08:59Z,2025-12-08 22:08:59Z,0xe2e4ab72d22a6256710506938723e25949781aa9052edebf14067864c40306d9
0x50658e7da498860d9ea183f93aaa6f02abbdcd7c,1,,0.097762,2025-12-09 01:29:35Z,2025-12-09 01:29:35Z,0xd1661094ce5a3d6b01e0ab1834714783382c3e8c4dfbfb50c60e1b7e66354859
0x9cb5b0118e7b444860814bfc04991008b3601e79,1,,0.097852,2025-12-09 05:33:23Z,2025-12-09 05:33:23Z,0xed5a87c284b3063991707f9fa8fa115dddf45c3f8cbcdb53293f5c77777cb428
0x25ba7d36f11f988ff292fa857d47b29c0dee8f39,1,,0.098177,2025-12-09 12:22:23Z,2025-12-09 12:22:23Z,0x68a37de58f4ba3861a12bc3d4288a29640df679b19e487c0a55008ecccc8133a
0x88c7467c2c0209d872ce19ca3a8efd7ab3a73f6d,1,,0.09792,2025-12-09 13:30:11Z,2025-12-09 13:30:11Z,0xe0d63b27765ebc2b3a596607b04a1ebecb6e1deebc05de1caff679a062a74984
0x3795bdf16027e4fb894c43957fc520c9defdf273,1,,0.09792,2025-12-09 13:36:23Z,2025-12-09 13:36:23Z,0x769f51828a986dd10dcdcafdc1fb0e4ad3cc955d97f589ba616e4df8432d311f
0x6068bc5d9ba875a74b94ade1217f52e63b08120e,1,,0.09792,2025-12-09 13:43:47Z,2025-12-09 13:43:47Z,0x264f9bbfacb3345203b54a8b51fc76c5c955e936451ad66f7db6a625308f9e67
0xf0fc9fac479d28a5fd724b7d133688f81bc97ca3,1,,0.09797,2025-12-09 13:43:59Z,2025-12-09 13:43:59Z,0xead1a16c5c84ae3c6cda266e36c9a73a0aeb5801e9680b5fec887e86c60005da
0xa3431ba73653971451fc761b74da3abb95b79527,1,,0.09792,2025-12-09 13:44:47Z,2025-12-09 13:44:47Z,0x0ef9c3805eb16c8a6f22c33dbba1fc2413cda6da7b4710c30988a903be9cf249
0x3b31c75dfef0c475979e574d0705e4ce7c0ad54a,1,,0.09798,2025-12-09 13:45:11Z,2025-12-09 13:45:11Z,0xe37813f45ddbe6dffb3bd7f118962c6e882b798ce5d62035bcbacdb2d8630776
0x4be0d0f249e1fcbdf442672e90e1574f305a843c,1,,0.09792,2025-12-09 13:45:47Z,2025-12-09 13:45:47Z,0xb3d0e1f9d180b5982d377a121ed503d3635902e3efc5f5f8b8ce7e44a5c40663
0x774bfe081998ee4b520db75e2d0142591bb928bc,1,,0.09792,2025-12-09 13:46:59Z,2025-12-09 13:46:59Z,0x6f19d0e653c741eee9f2f7c765c2ff478e38962123f463246b2d7060b86b4083
0xca7956e250d05b5556e956038575b726b5f42999,1,,0.09798,2025-12-09 13:47:11Z,2025-12-09 13:47:11Z,0xdf8ae3b693648df341dafbbebd00f023946b5b29764f1a793e4eaa7c8ce9ce4e
0x2a8af6c5fbf7a2c68c9820cfcc158cd3ba25f2ad,1,,0.09795,2025-12-09 13:47:23Z,2025-12-09 13:47:23Z,0xbc0219995cf7f881258fdfb6b2a8c52121e0361a5e4305a2264474247c616749
0xae21e934cc4a96c30cca30a578e730e36577a923,1,,0.09792,2025-12-09 13:48:23Z,2025-12-09 13:48:23Z,0xae728f63fefc99c4ebf89ea2a193bd9ec84462a77923f6164c881d75a6b72d16
0xe945f27b944eea66b0794e1c0f7bdbc413079036,1,,0.09799,2025-12-09 13:49:23Z,2025-12-09 13:49:23Z,0xa2b810080e4e9bb1d45f3f0d4516eeabe315738ae7121f2bb6b51cf2bce64b10
0x7f7521104a79b9d3a1f7a721c35d9c5ba1e35200,1,,0.09798,2025-12-09 13:57:47Z,2025-12-09 13:57:47Z,0x50a1eceb95dac7d1adfe2da085c12067427d2af8ef92c5534e157284e522725f
0x1424236fe7fcb4a9e53d841ba3196628a92c9587,1,,0.097791,2025-12-09 14:07:11Z,2025-12-09 14:07:11Z,0xc5c6df0520eb8b85ed4e6a91e81bfc6c604bb518c40b81cb351971e6075bd72b
0x23dc6fc646a17aeefaf2df03506f57f883a9096c,1,,0.09798,2025-12-09 14:13:59Z,2025-12-09 14:13:59Z,0x85e9c6b18e10e88e9396210753addb04707a9e97c1a0d58c9b8667d7d325717f
0x168c6457c72195eeb64d83746db7b47feedbf78a,1,,0.09798,2025-12-09 14:14:59Z,2025-12-09 14:14:59Z,0x46676b565c4cf3032869688ae5d54d7fe46bda65f4df8965c2b138e0a87658b6
0x6d2294b11cbd7def51ae9dfc39a97e54611d4c37,1,,0.09795,2025-12-09 14:15:23Z,2025-12-09 14:15:23Z,0x30bba12e0198ccc4bd20775128ad8da52a03107cd127caa8187f4236c96c10a9
0x5914be5ee04f04efdb4c7d1ed4c72da698dd07dc,1,,0.09796,2025-12-09 14:15:59Z,2025-12-09 14:15:59Z,0x9c4be44bb5edc626a1a5391fcf562aae836cf3842059d489a636e38a09a13a4d
0xb83fb54065dc6e810fa26352e6f1fb8c0967da09,1,,0.09792,2025-12-09 14:16:23Z,2025-12-09 14:16:23Z,0xc000b712ff3e0a2fa595cdba728d601318f545912036c10df8fd2789ee6fc920
0x270bb1213e19d90078ed813a2f059a2f412fee94,1,,0.09798,2025-12-09 14:17:59Z,2025-12-09 14:17:59Z,0xd26d38cc5bc4856c372cbc724d8f45ccc50a4d68e71028247af350b523b74b42
0x345390af820785e7513470b3adbbfe6ce5c5ee52,1,,0.09799,2025-12-09 14:18:47Z,2025-12-09 14:18:47Z,0x2b8df024ae96ce4d153fcf973dadd60c278363314ca5bceac2d0a6634c16f793
0x90710883c54a523d9246cb63ed1b14605d822344,1,,0.09798,2025-12-09 14:18:59Z,2025-12-09 14:18:59Z,0xdecdea9e0fa80fc0d00184b4cab3d780cf67cd5651c3f7734420091d463b1e47
0x77a77e1d42f5402c24a65b531e2366172ffaf2a7,1,,0.09798,2025-12-09 14:19:59Z,2025-12-09 14:19:59Z,0x3a3d7a1a01f39fcc68f94b5b2555fc8d0674b72bcba1a987be0725d4c64688ec
0x8ea5ce2f253042d32257218acdf0da10322c926e,1,,0.09792,2025-12-09 14:20:59Z,2025-12-09 14:20:59Z,0x728448c820a819ac996893347fb7a0669948e17b23c2f38d0a09b3cfa8463bf1
0x3f948904939e85325fd1e939972ba112d834d38c,1,,0.09792,2025-12-09 14:22:47Z,2025-12-09 14:22:47Z,0x6a25655c6038b84247e5e481450458b6619cecbfe823d274bc511dace68593a2
0x2c7169c7cc806595f900d36b233163011d7ff88a,1,,0.09795,2025-12-09 14:23:11Z,2025-12-09 14:23:11Z,0xeaa492b7adcb16c8d7c3849b4c1877a711abd7902f35a95f18e3dbf3c6bc6daa
0xa7be69cefd8c92d63dc4eae3fd801a53797c7872,1,,0.09792,2025-12-09 14:23:59Z,2025-12-09 14:23:59Z,0x0120ee862b5fb1eff0228e88e121e0c2f00a19cdd9762a6750dc04ca27ff1e30
0x4415f7eed1cad2998427b8c2d91cfb7896a12cd3,1,,0.09795,2025-12-09 14:24:35Z,2025-12-09 14:24:35Z,0x781cb9669045e5618c22db9c61febbf4c21347e9a5195a8226f6486171bca47b
0xaefa474c919a74a93a4f105eb4247fdb8bb9310b,1,,0.09792,2025-12-09 14:25:11Z,2025-12-09 14:25:11Z,0x6fc564b406010237af8cae0aaa41887b49dab479d30da11962901850deae2244
0xdb490e26fc09a81d8bde89d91a235795594a3dc5,1,,0.09792,2025-12-09 14:25:47Z,2025-12-09 14:25:47Z,0x9d65d54a7c4b3c3fd3970862c69c6813f2dbc2b3ce2b4817e331b6ec852b0653
0x7e677535f8e99de6b58a04955575a4d0e152b830,1,,0.09792,2025-12-09 14:27:11Z,2025-12-09 14:27:11Z,0x8138e92020d3ccdbaebb0b0da44a29628443dbf7bf53c9aa9638db4fb7d7ecce
0xd82576771e819efa8e7bfecb0a5d0e30f6ad9500,1,,0.09792,2025-12-09 14:27:35Z,2025-12-09 14:27:35Z,0x0fe7892f88b92cd4ce5bf2a8d2110d550006298d2c7866344daeb0f8ac6297ec
0x3a84f15b3724e1556720440730a4885141562dd9,1,,0.09795,2025-12-09 14:28:11Z,2025-12-09 14:28:11Z,0xcfa76ec9ae0a064011a970ab28848f8d60389bc20c5627ec32a2935f8ae4a28b
0x6e95834c916bbab8b536179760cf8c2d9bd5be40,1,,0.09795,2025-12-09 14:28:59Z,2025-12-09 14:28:59Z,0xe377ec6266d9843ee6b1e4f932d2dcd0ef0d0a39ed7d648c85e93cc696a72ef6
0xad001201511f068d2b95dc36b16907410ed12f71,1,,0.09792,2025-12-09 14:29:23Z,2025-12-09 14:29:23Z,0xfe45ffba6930fcc12697d18091ddb7219a539c75543486c554e741f279fda8c5
0xd13b404da32860e3b7a4157f2949e955083d98c5,1,,0.09797,2025-12-09 14:30:11Z,2025-12-09 14:30:11Z,0x7ac6a34f43dac3e53c5b76cdc27921d53ff76e3d106f6c646d8a0a5cc3ca96fa
0xea115bdba6994b90362291f8ce4c86dc264c765d,1,,0.09792,2025-12-09 14:30:35Z,2025-12-09 14:30:35Z,0x9a0f88a37e26503c82406d7b94e89cf712a0b5a67f9685eccad0986d3a74a68a
0xb3f076cf6668cc20f6e0461ac5190c95b218148c,1,,0.09795,2025-12-09 14:31:23Z,2025-12-09 14:31:23Z,0x0d44985be1a0fda136af312e69be9d565f73ee355f4d109f28242828976a8abf
0x877c6c10d128974564d8a0b63511807d2abe0bd3,1,,0.09799,2025-12-09 14:31:47Z,2025-12-09 14:31:47Z,0xd7731214605dcd1b4a94d2d9fd76084e5e9e95e71f09e625084ecb4612a62417
0xb9ec6e245f65fc3d63042f42fd684c81488eb229,1,,0.09792,2025-12-09 14:31:59Z,2025-12-09 14:31:59Z,0x5e750f1af08bab7f511513d79d23f8b46869da1c8aa402503fd833125f747abb
0xa7efbcd90de4cb5cba54d1d5a13a6bc4134b4c0b,1,,0.09792,2025-12-09 14:32:23Z,2025-12-09 14:32:23Z,0x8c8c085997c74dfbe1226bca50d877f4555584210f81ebbd364db891a97b4a5a
0xb63dc56e30b5bc7d0cfa6a6c7567ab5128760cb3,1,,0.09792,2025-12-09 14:32:47Z,2025-12-09 14:32:47Z,0xa13fa473215b8c159792615a67d6864cd5c589875cf22983252fa70f13d55704
0x284e7f7d2b3b519cd4c2421f62dd763f41cb66e9,1,,0.09799,2025-12-09 14:33:23Z,2025-12-09 14:33:23Z,0x98f7c13905796ae5cad287ba51ca030ba53eed3c8aa7f9fffa5894db2c1e4c1e
0xe8314781e48fa444ce2ce88896b7fa6f512e7d73,1,,0.09796,2025-12-09 14:33:35Z,2025-12-09 14:33:35Z,0x6b823f7dc4727d9b753c986daa75137671a9fa8e81a51f8fbc1dcf1a2c11da00
0xfa9d98dd0365a3cb967e9cb2e413f2422c9c53b7,1,,0.09792,2025-12-09 14:34:47Z,2025-12-09 14:34:47Z,0x5507db10d7cb9483ec97b89a958c8bd89c7b630b4108d6acb947d6fcd4c2a318
0x1a1198d4a5b16019ccb70313f24e1c75d5507fd3,1,,0.09792,2025-12-09 14:35:11Z,2025-12-09 14:35:11Z,0xfad9cb3fb9220ab21e1b96040df0ec3d80f959206172e890c23c820b168980a2
0xab07ab6bd33c0f0f7b4a35f86925fe174a7d5756,1,,0.09798,2025-12-09 14:35:59Z,2025-12-09 14:35:59Z,0x4ee3f81057681d09314117dc849cbc811258f44ba30800a3db9079c927dd33b2
0xa8960cc7b4751e70373265655a1d9efd25e80aeb,1,,0.09795,2025-12-09 14:37:23Z,2025-12-09 14:37:23Z,0xf4d92dff5982a8703b90918ebc8ed1ce09d00c056bfeb7c74d98866898d18c67
0x0b4732a41f0408e71115712712055c4a96514448,1,,0.09792,2025-12-09 14:37:35Z,2025-12-09 14:37:35Z,0x8e88fa7a3f4762ce531fc899e2f7aef38127ae98a6c9dde659ed024b92012368
0x6f0f3122cceb03109258f0ac1705f8e0300c5b23,1,,0.09792,2025-12-09 14:38:35Z,2025-12-09 14:38:35Z,0x1ac8a392f4121c2dc2fb264b10fd7715d760678645c084b648182204d0520cef
0xf0b192530a511589c1bfe1d23253c3e6af20a515,1,,0.09799,2025-12-09 14:41:11Z,2025-12-09 14:41:11Z,0x7d8a98d161d366f1701b1e5513f02ba0ea012134ba96e3beaf0165339c796a28
0xd23f21e868a8e71a798f84842248a4c6cca363aa,1,,0.09797,2025-12-09 14:43:23Z,2025-12-09 14:43:23Z,0xe14413802ebe8415ac40f0e8d817e4a4987332c730086a655910cea30820f15c
0x91df4b35231b198c6a1e9e1bc39ca2d31b275940,1,,0.09798,2025-12-09 15:17:23Z,2025-12-09 15:17:23Z,0x9829f39ae6597e7b30d09c96f6d666da1fc6b20f34e572c1a793d4fdf4a6bf04
0x64a3b75bec46caf14fc5df08d530af764702ec41,1,,0.09792,2025-12-09 15:24:23Z,2025-12-09 15:24:23Z,0xb8c6b7a6a1e1e2682e4f599c7fb5b7c7863c8949b2789ab4ed4f3d3be21e733b
0xed245897393b9b527bed018ccd8de5a72d17fd57,1,,0.098184,2025-12-09 15:29:47Z,2025-12-09 15:29:47Z,0x930072ddc1928b3afb5c775fbac984282072fe7a3f46f5a9febfdbe5c03b9c43
0x8fc9984d71da9e0550d942175ecc9475b0568f35,1,,0.09792,2025-12-09 15:41:35Z,2025-12-09 15:41:35Z,0x1ecbf7ae4f4fea6603216befd84fc115ee57dc9d7a31576df0f4b0d620c021f9
0x735483bfcd8c3aeb703adc5769e796f04121b8a5,1,,0.09792,2025-12-09 16:08:11Z,2025-12-09 16:08:11Z,0xe8fce87e0060f4b4e0c7226314b675c7add5fb1dceed5af0f089f77e2b3d3539
0x4933eee8fa761c07d92d4d4763ae3b801992f8e5,1,,0.097511,2025-12-09 16:08:59Z,2025-12-09 16:08:59Z,0x6facb70c60ab2cac701d5dc6034d4a638830216fdd923cd8d65781d8aded3c9c
0xbe77b6753c0e62428a09175b2228f526c06adbb4,1,,0.09799,2025-12-09 16:27:23Z,2025-12-09 16:27:23Z,0xb6f35aa349a75257b3875cfef4936a2e4fa8f8736faa4362eb65d47dc3a1938e
0x9606bcfbd32055a7db7483bb6d4f8786a997ab60,1,,0.097651,2025-12-09 16:34:47Z,2025-12-09 16:34:47Z,0x92944ccb7f0fe2dab8932c28e5789f06236c814a169f809ce84ef44c1adfe614
0x5aa5e92a7c53cb11ce11f35bd20ecfa18996c005,1,,0.09795,2025-12-09 16:35:59Z,2025-12-09 16:35:59Z,0x6895a95b5923ebbcd53735b26730c7c4ad2d534defbea420476c8ea3b419a114
0x7f27716a7a1f1dd54ef10ea6694142dd749d4565,1,,0.09795,2025-12-09 16:37:47Z,2025-12-09 16:37:47Z,0xa4d164fcea5875b504c3d2adeeb93fb65be31ad6c2e6feac6b8c85af0db3db72
0x17d0c4dd2793902b92c4f3aa35ed73038a95b840,1,,0.09799,2025-12-09 16:47:59Z,2025-12-09 16:47:59Z,0xe0cff73ee07c5c2dab6fc27b3386e4197f2b7d434e805c9c6c3d4d5f7dae708b
0xcfaaec2b13d81383f2da7dad41055810e5570fce,1,,0.09795,2025-12-09 16:49:35Z,2025-12-09 16:49:35Z,0x7d3ef4571783a51bb3765c2b2c1f5e57e84c543a1076a1ffb02ff3014b53cee0
0xdafaae726621732a2ca0fe5a9f86534bce4cd5c0,1,,0.09792,2025-12-09 17:04:59Z,2025-12-09 17:04:59Z,0xbe1c71298e0b12592a8bc103b2b872814a07fe13c1661fd26b878003c1877022
0xc46cd3cc2dfcc02a8163875f56a2e91a6d1612f1,1,,0.09792,2025-12-09 17:25:11Z,2025-12-09 17:25:11Z,0x57f3fba5795383f63e7657a048ecc982230ee5320f6b896ed947384867baf3e3
0xaf5147bf562ffd5688d515bda7dd09c00e0b44c9,1,,0.09792,2025-12-09 17:29:47Z,2025-12-09 17:29:47Z,0xb621e1bdc3aad1d7bad1c3967e7af4775885b6e5e03184d3d9b36c6d3a6d4117
0xdab12067065df64f766b4951ccfd9027b44f79ff,1,,0.09792,2025-12-09 17:42:35Z,2025-12-09 17:42:35Z,0xf359feb44c84d7e9573c0bc4e3e842f2eec736eeecfb4dc9156af6fcef707e73
0xeda01414dad5cade642ea63a26b187dc2e04b7e1,1,,0.09798,2025-12-09 17:59:47Z,2025-12-09 17:59:47Z,0x461542c1565237d1b657c6daaefa89a3b7a372d4797e4a45732ff507fd741638
0x259bc5c654870c984af6dfb9e8b8b96849d01bc8,1,,0.09792,2025-12-09 18:29:35Z,2025-12-09 18:29:35Z,0x18f5e539d5209e3690f9b3fb8da1953a3b72b929c2d424d9754ac6ee124a3b87
0xdf4e7ba738eec4a1de98dcd4b5e449fb50c9842f,1,,0.09799,2025-12-09 18:29:59Z,2025-12-09 18:29:59Z,0xe71be4a32ef0d26ad49b2c013dc50eea61f465e800b317563b3a358b3b597cfa
0x413fa41dccd20fe0556299f3fb07b1019619c9c3,1,,0.09798,2025-12-09 18:30:11Z,2025-12-09 18:30:11Z,0x1cf2a96e32d4153a4c471e6cfbe94453a30607d4d3e38581a7de9739d4286151
0x355d59c2552b23b7863291d67412a72c567b5b5b,1,,0.09798,2025-12-09 18:33:47Z,2025-12-09 18:33:47Z,0xfb1de7e7fe6bd81cdaf0ffec8a9558cf5af64c4fa558b2e67fec700942147569
0x9372f41c2bad4a4117e3f9f258ee2d635419419e,1,,0.09792,2025-12-09 18:34:11Z,2025-12-09 18:34:11Z,0x971cdc84b09aacaa7f31fb283d3c537455e76e8285de000d04409951fbadbc78
0x34951f77023f1ead3410a28152a2a9f4192f5c9a,1,,0.09798,2025-12-09 18:34:59Z,2025-12-09 18:34:59Z,0x8f63be8baf5a0183f6b807ecf1963f7bf3a656ef0031a1dc37ea702473e1c302
0xdc6a5745694de7a6bf714bbcd7e3ada35ebb7975,1,,0.09792,2025-12-09 18:36:47Z,2025-12-09 18:36:47Z,0xb45b0d369e604207abe5e4c99756261c25d71c8f4db84c22b656fd208ed7220a
0x09feec8c21569cbb6bf49eb3ee8219d4c2fd480b,1,,0.09792,2025-12-09 18:37:23Z,2025-12-09 18:37:23Z,0xb28f8f622e146d2d1685f6cbcc89b12444f17fb293ebaecda7788ec5ff0593ac
0x5602c3c45495bf8c840bd7b121c96208b583b15c,1,,0.09798,2025-12-09 18:37:59Z,2025-12-09 18:37:59Z,0x402656ee4623b263485a4278c0a9b7acda6e41dd36587f97cdccb3ff14c10df8
0x380a2343674d7e81a60cacee621cff7a59331179,1,,0.09792,2025-12-09 18:38:23Z,2025-12-09 18:38:23Z,0x043ac609dae3008d97051c9b755ea424345547c9d5c9f3b2350e514d60637a3b
0xa443e9e9cb9a0586639337f192be4fdb4a65e58b,1,,0.09792,2025-12-09 18:38:59Z,2025-12-09 18:38:59Z,0x293f6b7fd1104d9e36594d6ed2e71824ca7cb87ef813504293f9eff151bbe514
0x6e94125cb91f1659b3e5c0720a152d88923df5fa,1,,0.09792,2025-12-09 18:39:35Z,2025-12-09 18:39:35Z,0x82924282c0d8d3d11d67880cae707469d82d823aab78ca2530544c49a57ff720
0x57c78b5d756da3e2d8a17eaf046c0d9f6b161e2f,1,,0.09799,2025-12-09 18:39:59Z,2025-12-09 18:39:59Z,0x2bfddfe3123f34dccf8793c4144fa327d4ea8b35f65a49d44e360f7d131e3783
0xa55d99c66d498721e3d2807cdb767ae1c842e989,1,,0.09792,2025-12-09 18:40:11Z,2025-12-09 18:40:11Z,0x60309d78b2fde26f4f5d6262ae54f3afde916e6350dc2b016aa674b1f2d9693c
0xd6dfdaed5b7c2a30983cff953d215af5e106b761,1,,0.09792,2025-12-09 18:40:35Z,2025-12-09 18:40:35Z,0xd3a2981ce9dff401022795989d091ea5b81576ad236e406d236bcee1ae779b01
0xf4d8022809d253b8b96f09db74d72e7ceaa1a809,1,,0.09792,2025-12-09 18:41:11Z,2025-12-09 18:41:11Z,0x560b781417c234a4fcbe350f1590dd52fec8be128f7558f89fa391c0ab83fc47
0xe9638099a7db4c7db867dcba1140e9a0b456d145,1,,0.09798,2025-12-09 18:41:47Z,2025-12-09 18:41:47Z,0x7ad684b59838842131bd830099f2c952e56d9d355475040ec5edb7f200a1d69e
0xf52b0fadad28dbee3dd492b31d88822e77f8bf4f,1,,0.09799,2025-12-09 18:42:11Z,2025-12-09 18:42:11Z,0x26a1da6aaa585cfd3c57a44be9618c65edfdecb5688b58dc11ca30d9169da0c8
0x1ede6ed5149fc99025f85e4533c7dd095f915ab1,1,,0.09792,2025-12-09 18:42:59Z,2025-12-09 18:42:59Z,0xe585a85f15e10b987867fd4a1a5b9bb8517e9eedef16996a3ab441c47d343f9c
0x437894d72b4e615ea56eeffb75dbdccc2d883431,1,,0.09796,2025-12-09 18:43:23Z,2025-12-09 18:43:23Z,0x218c725da22c7fbdb088bcdbcba2069f4e0ff2ff27ba3a99d9d02057d366e75b
0xbc61251b7a5c4eb84e91ed1904ede05554f5a337,1,,0.09792,2025-12-09 18:43:23Z,2025-12-09 18:43:23Z,0x8425c61a05f113456d301808d3a464d71374fc7bdca6fa4b62a9d8f90c308610
0x566484d8977d179dcf93f4d4216843548e070c23,1,,0.09799,2025-12-09 18:44:35Z,2025-12-09 18:44:35Z,0xf04a42633fc218a550d3881abb00941f435a783b603b294444b24fc60fbffdc7
0x28f5d5b4197362cd177dbdce850464182c9fd0f5,1,,0.09798,2025-12-09 18:44:47Z,2025-12-09 18:44:47Z,0x9656449201bc484d07a2f2295edb905d9c9d20e5a39bbd7d7387bf5ce731d5fb
0x3ad9865ffd76dbc850aa3e24ab63b87961ef8a4e,1,,0.09798,2025-12-09 18:47:23Z,2025-12-09 18:47:23Z,0xd9bc26a644a18ed9ab2176e6106478d56015d6c95b8ac197327e06fc93b772a5
0xccc75fe86171109c87713f03101ed7feb70e5595,1,,0.09792,2025-12-09 18:48:11Z,2025-12-09 18:48:11Z,0xfb24896c8f2130fd0c4e1b9d47809124dafc72f6d8519d59690c0c742f222a7c
0x5c58b61e5c02ad4dd66a9bcd20305184d2f727df,1,,0.09799,2025-12-09 18:48:59Z,2025-12-09 18:48:59Z,0xff68e5cc0f8f381a6820843d40634230c22fedb0094e948a7953d644fa710dfd
0x9bb82387bf053bb171ab7a9ba0d45f05a743997e,1,,0.09792,2025-12-09 18:49:23Z,2025-12-09 18:49:23Z,0xa06cc7b9679f3e463677efde51d92267ad44b9de4442dc39b41aa63a795c4d51
0x91f8320264ccb608d70273d8d336147c32f53bf8,1,,0.09792,2025-12-09 18:50:11Z,2025-12-09 18:50:11Z,0x56735ff679b01c9914a8427d958888fbb1722fff68e669172ea0bf03228832c2
0xb529965caf395fd9618770e776137b5329521ce3,1,,0.09798,2025-12-09 18:50:23Z,2025-12-09 18:50:23Z,0xe067dba4a3415517ec41749e12b4f5644348547c0d4452b809a7099f9c9c5205
0xb3c6216744850231c5e897c4f3fdf4cc7f8b90bd,1,,0.09797,2025-12-09 18:50:59Z,2025-12-09 18:50:59Z,0x6fab9f01e69cbd04636c6896c01901662402dfd8bc109afa91c3bfa17c5f2fa5
0x5aa5028eb71997d9ef4ace4f6fd08679d57d6617,1,,0.09795,2025-12-09 18:51:23Z,2025-12-09 18:51:23Z,0x296cc51e0a7ec3ea9e9936bdf3236c7c52c79efdc5e7472718dd580443860902
0x81db003bb6493f2fd603ae48b83c72e1349f31cc,1,,0.09798,2025-12-09 18:51:23Z,2025-12-09 18:51:23Z,0x3fb6fe7aef09d75a78328fd8895cf18365ffecac88eb6b5c23db480f3bf610fd
0x6093977bc677ed8b21e50e16818756a2e86274b0,1,,0.09799,2025-12-09 18:51:47Z,2025-12-09 18:51:47Z,0xfeef0b2e5baaffcc8d837b7fcd55955a4383044fca15275020cdb7d2e8c74c57
0x1b00b29a5365370e9386224ad77c0c46ce33f808,1,,0.09792,2025-12-09 18:52:11Z,2025-12-09 18:52:11Z,0xccad96306b5b825249979c1b6d179ecb8e2da9eb2fe47a049fcbee1ec9f0a48f
0xe31e29fcfffb4cec3b95a45c4df03687f0988c3e,1,,0.09792,2025-12-09 18:52:47Z,2025-12-09 18:52:47Z,0x56fff897f05cdefea473ef976cbb853f5ca8341636075cded9920436382a1747
0x23f978a2ca82506fb81bcc3698b64d1b0c49ad84,1,,0.09792,2025-12-09 18:53:35Z,2025-12-09 18:53:35Z,0x8b192b896428d005af49417913b85334125f23b99a2b2c62a2c84e549d3b881d
0x11881351a2ce1100ea4a733262d6cc69b1b1f7bd,1,,0.09792,2025-12-09 18:54:47Z,2025-12-09 18:54:47Z,0x17b2be0b59f2b4c39bb8cff4feebc01b3e5cae1fcec3b530beea79d8e03b569c
0x79bac9a71a2c9c66857ed82db12421a0d8299a1f,1,,0.09795,2025-12-09 18:55:35Z,2025-12-09 18:55:35Z,0xedfdf3fb0d3b157a9d85eb2d50912075ef53c7871fa9892137ff1b2e490b2f53
0xc2b115741525dbab4faf9f6c0fb5ae177a6a2bf0,1,,0.09798,2025-12-09 18:55:59Z,2025-12-09 18:55:59Z,0xe0302666fc404c8ff00aad452510e4cbd051c8aba35ba86309d6d178994605a1
0xa49166d7966c30259055ab180a94a95c2bdaa29d,1,,0.09792,2025-12-09 18:56:23Z,2025-12-09 18:56:23Z,0x442abd77bc3cda42ee59aacd779a554fc65849068d8231f58a457a35dbe323ae
0xf6e87c397d727c764d8c87853243b43f2d54680c,1,,0.09792,2025-12-09 18:56:47Z,2025-12-09 18:56:47Z,0x9826cf86b239c9cc11cb8845d2f85b13cb0aa4f946dda9ad461d8bf44185973a
0xc860e63ab38cef2dfe55de521f8682b9a1e0f99a,1,,0.09792,2025-12-09 18:56:59Z,2025-12-09 18:56:59Z,0x6a8909f3053a07d7ea89cd829986e856f8fc0007cd70154c01437be40e8a0531
0x1251248fea3eefe0a14c603259232e3833b54ac4,1,,0.09795,2025-12-09 18:57:23Z,2025-12-09 18:57:23Z,0x2377ee8bc0a5f2aa61bbed4417a87a3956b81c85ffb2f2d6ca6257b3783949dc
0x3361cf01e9701fb87a5bdc70ef78e523c39fffb3,1,,0.09799,2025-12-09 18:57:47Z,2025-12-09 18:57:47Z,0x6091a41683211e6a79b376abc3cba03cb9cb6c7169ddf1c13c578c38038aef16
0x01adba10e6e2eab430f06bd0b77f6c60ab99365f,1,,0.09799,2025-12-09 18:58:11Z,2025-12-09 18:58:11Z,0xe4a584fee36ca5790acd46aa75a64c855995d8b4d543a069149d0c5ef60e0c66
0x40aadc5f77d732ab92acf936ab69eb0f0a85b70e,1,,0.09798,2025-12-09 18:58:23Z,2025-12-09 18:58:23Z,0x31bb4dece83911c440958bb6990629fb921be289f912548b8b7e65970c5f1a12
0x4690e47f463b810ca70a2998718bc24ece923289,1,,0.09792,2025-12-09 18:58:59Z,2025-12-09 18:58:59Z,0x6093427c66d1259ae0c61bb7f6d7b7e520a5b92fefdfd6dede8cda81bb12be61
0x2db120d65111201868ca4c81249a4f6f51f89f00,1,,0.09795,2025-12-09 18:59:11Z,2025-12-09 18:59:11Z,0xeb19fa89cf7e66a2c315a8b714292488158ec7d3b3e72e51e4ff3f30edfb2983
0xa5ecc290a66159b9b8a048906ceab30e8ade638e,1,,0.09798,2025-12-09 18:59:59Z,2025-12-09 18:59:59Z,0xfbefdee10755fc4b5220b1b41c95f2b3596b07c030adc2f61e769e4bd43a13c2
0x37d52c9e9a9620f10264c100f398184d7d61422a,1,,0.09792,2025-12-09 19:00:11Z,2025-12-09 19:00:11Z,0x08c2bf6adb0b28b49819c065262c97a8669f458ec32a33585d857903fcdb0bbd
0x1469303806b10801dcf534eb58503406aa73893a,1,,0.09792,2025-12-09 19:00:23Z,2025-12-09 19:00:23Z,0xc2e7d70e1f30d719191d298ac8fb097abc49b5662ccd72aff43d12dfb3907da9
0xedd8ede49f27f37bba163aab9dd98df08c7ee645,1,,0.09792,2025-12-09 19:00:59Z,2025-12-09 19:00:59Z,0xef22a65f8a7037f15b758c8b76ce0e0122c61393f3ec69d10764289ddfd27546
0x47bc66471c40613350986de9716aee8628aba1f2,1,,0.09792,2025-12-09 19:01:59Z,2025-12-09 19:01:59Z,0x598c97ae166e91b5d72e1bc1a6d3b290011552c62cf128eb5a160d59ec7533a4
0x0b158af6e78d35216185f0775bbfaa6390be2f83,1,,0.09798,2025-12-09 19:03:11Z,2025-12-09 19:03:11Z,0xf6cc2ac9278af5b7fc66ab06f44cd498e7830b20e195965738fd0bc1bb781e91
0xd027850cd4951a2e62f878ce16326ed29caf2135,1,,0.09792,2025-12-09 19:03:35Z,2025-12-09 19:03:35Z,0xad2743b911a878970105216ab711fb5e6a4fe653b2b3a51418f523d010ef36be
0xbc683e49764655767c4a6405f0fcec2a91d4a194,1,,0.09795,2025-12-09 19:06:11Z,2025-12-09 19:06:11Z,0xb57da127d068f4a28dcf0f281a51cbbac5813842b99d8fb7e728897e24e61f63
0xbee28fac38626c20ff42eeba0c207e0aaec6be4c,1,,0.09798,2025-12-09 19:06:23Z,2025-12-09 19:06:23Z,0x9611efd21d53295c88df1e478b5f62b010875014de1346c6f602b3107d694c1a
0x4ffae853ecd5c88e7779a5cb5d6c0fe1de3ac5a4,1,,0.09792,2025-12-09 19:06:59Z,2025-12-09 19:06:59Z,0xf72c4757b2c23cc03cdc407b05eb65cefac5a2ffd6bff6944a3eb402db31d215
0xa0304a8d9f08ce09349ff3bfcae761a95057e1b5,1,,0.09797,2025-12-09 19:07:47Z,2025-12-09 19:07:47Z,0x931c13e290a78709d507936f64adb34016f9dbaa812842d95d2aeae561604855
0xced11171089572a7043f90806c58392781bc49be,1,,0.098181,2025-12-09 19:08:59Z,2025-12-09 19:08:59Z,0x49f3a23fa825bf72751a90e45ba28e9cb98f34a4a5d6b23b89a278c415dbf0a0
0x321bd1f717f7899d8e478b8bb3164a55d500af75,1,,0.09792,2025-12-09 19:09:11Z,2025-12-09 19:09:11Z,0xdd620a8f33b0b9ad3ea992fb49980461e6a1f652c1215f0f3a29b6dab4d86106
0x4822fa7754da6d508a5a10fdd39f818802e50cf0,1,,0.09799,2025-12-09 19:09:35Z,2025-12-09 19:09:35Z,0x8f4fc89953851be890538e499a29f0a82de1410602a723c7eb2588b5772818f6
0x93aa3475b95262da302dcb06571f96070507c283,1,,0.09792,2025-12-09 19:10:11Z,2025-12-09 19:10:11Z,0xb0fc6ea85ba2d94b12180ad0ab7a229102d3329cfd00a86a0545d8689d72ab93
0xbc407b483c5a0554f694bbb61b7a37621f605b6c,1,,0.09792,2025-12-09 19:10:59Z,2025-12-09 19:10:59Z,0x396f288c71d00071510119a989b1d5ccd710547d82e480f56f8160578804989e
0x0aa5e27f9de3bc713deaf6ea579d3cd24de2c767,1,,0.09798,2025-12-09 19:10:59Z,2025-12-09 19:10:59Z,0x51e36ade446fe075eaa95b7ffc80b4a78a2b2c6b37715b37a2213ccfee59ae7d
0x5684c62787c19bed68330fcb2c4ab955479a15f4,1,,0.09797,2025-12-09 19:12:47Z,2025-12-09 19:12:47Z,0x3e8641a1799a5cd5eab3602ce278fd5a92d1c99c639b70e1c754cf114dbee35d
0x8f0994192360c7b4f7b8b29421f9b9ef9d91e59a,1,,0.09792,2025-12-09 19:13:35Z,2025-12-09 19:13:35Z,0x309f34cbae4be7c8f40cef3e7269184412ecec3e122f1e4c64b246a3cb3cb0a7
0xab446be30c5ff971f92eee1691909cfbb59cf483,1,,0.09799,2025-12-09 19:13:59Z,2025-12-09 19:13:59Z,0x7a6ce5d76bcf10eaa87b4c4d08ad97fa59111de67a0808ef94112e5a2c8611e2
0x481446a126495691a5968ff9052067e28a1ec400,1,,0.09792,2025-12-09 19:14:11Z,2025-12-09 19:14:11Z,0xc404d6586d1e8ad6d81d413661ac8206d75863a7a69c790fc384e3da717c53af
0xbe6b5f05c9bd3750ba3537b19aef554076522484,1,,0.09792,2025-12-09 19:14:59Z,2025-12-09 19:14:59Z,0xdfd08a286c38f105a427a6ede768bda2e7dcb57a8eac0d0841e39f0a00267e4b
0xe9fcf4ead18b9f7f53b50678ce3921aa1a117f2a,1,,0.09792,2025-12-09 19:15:11Z,2025-12-09 19:15:11Z,0x71eb6c59a000eee16ca9aa31fbfdf71f0d9de88ffad2f210e7dc5082419f183e
0xbd5c55ef2f35169d28520aeffb9ca944eb292b30,1,,0.09792,2025-12-09 19:15:35Z,2025-12-09 19:15:35Z,0x99cc23446a272f47ae79db27685a09513b1c3cf30275155233bd7c60a826105c
0x0e4022940cb8dc90d7cda4b841dae86d2b7eee38,1,,0.09795,2025-12-09 19:15:59Z,2025-12-09 19:15:59Z,0xeb28f41b66a3349dc66dd08df56d9d2160be098df4f003b0282b39fb42dfaff6
0x5fe8205beed02e2072ab37fbe30c682c4c6ed5e5,1,,0.09792,2025-12-09 19:16:23Z,2025-12-09 19:16:23Z,0x45212b0a3803ef7b114f5d1c2ea66502bb90683fa0d4937eac2fbaf5fa8d4513
0xad2850dda05dd01b007930f8e03c4c83034a0911,1,,0.09792,2025-12-09 19:16:35Z,2025-12-09 19:16:35Z,0x9769d47a47b848a36e84849745c1bf10092fab53ad1a8665092b2275104e5f80
0x570352bc676a4223acee6a5144419c96b8bd31a5,1,,0.09798,2025-12-09 19:16:47Z,2025-12-09 19:16:47Z,0x8c070733141985dbdc8856d77f64e5a76f486958337388e98bcb8b85bd2ef4a5
0xc9235c52c9f9450f4623a281fdfcbd886d282c5c,1,,0.09799,2025-12-09 19:17:11Z,2025-12-09 19:17:11Z,0x98336b4bf04ec0a4e1d70007961a26223b95fe3ca16cd8e77a69622bff7ccfa0
0x513cfe2001a02411b1ea528b1c9a867b1c0d6b37,1,,0.09792,2025-12-09 19:17:23Z,2025-12-09 19:17:23Z,0x018acc9ab20688130e57c18d3462dcf8f96397b835db48c2ff9faca675953b84
0xe1abf106cfee57342c945041e52d796ffc7896a8,1,,0.09799,2025-12-09 19:18:11Z,2025-12-09 19:18:11Z,0x4b34d5b12bd56a84a48104d6969b00d5f766dbf6956f69a2565a91b9b3b96f25
0x6dd9b81e6658cab2daae456e470b3ed341ce2beb,1,,0.09799,2025-12-09 19:19:47Z,2025-12-09 19:19:47Z,0x7e571650868b11753d1151efeb39d158897edfe044f3103f2eace075f7e882d6
0x2c98ac9361b98f2640f4862e680d2dad8560f4bc,1,,0.09798,2025-12-09 19:19:59Z,2025-12-09 19:19:59Z,0xc1d7b6b6c98e335179bd874b11c2c0a9e5a8a866dd5c31dc0a3f8ab2765c2237
0x37cf5740ebf682690c0657f3f729203d00353b30,1,,0.09792,2025-12-09 19:20:47Z,2025-12-09 19:20:47Z,0xf51a4df149522da0adc60474abdb074795a7de73c88f04be4af61ff09d193aed
0xcdfda75e5534753bac73abd82236c863ef9bbeb0,1,,0.09798,2025-12-09 19:20:59Z,2025-12-09 19:20:59Z,0x982673a7132015a1b1e5a7513266e44e86bad745deefd24faa8592dc55361ed3
0x037f195d4dcb85959035305c04e0efdc35667018,1,,0.09787,2025-12-09 20:39:47Z,2025-12-09 20:39:47Z,0xeb612e201e12581af65a862f295e7ae67a9146eac2e66bd47033d191ea6fc0e7
0xa7f82838884a384cd0b13e63dfa1d0e8fd792692,1,,0.09799,2025-12-09 20:47:47Z,2025-12-09 20:47:47Z,0xa9d9c0af862dacada1b3c9e47710484d00284f2372c4a845d64e6c237adca03a
0xb0f0df7fe77a31cfcc47c15b57f8b6efd712400d,1,,0.09792,2025-12-09 20:48:47Z,2025-12-09 20:48:47Z,0x57e26c68d76beaeedde758486fb09c77c1c55647278db907d18a173b049f1813
0xbb2c3b4218d96b37aa4e926406ccda013139c415,1,,0.09799,2025-12-09 21:03:47Z,2025-12-09 21:03:47Z,0x7518ca7f0e133ac49fccf9a38f7a7c413cee42ce3113873a64ec4e7c234fc143
0x04fbd379753394941c7d541d1e18d92130a14dce,1,,0.09795,2025-12-09 21:22:35Z,2025-12-09 21:22:35Z,0x155acf12ad14293d59f7c3e48ba5095026f11278f011d84910b3edf8d7b9f4a9
0x9bc888e7e90985a17f3b9a5229728dfc9e5b87c3,1,,0.09797,2025-12-09 21:39:23Z,2025-12-09 21:39:23Z,0xe7a1941ef21875f6f4e76c99996b0c8e3b19d97c73928dc385237cb95d563e09
0x62e39d1cb75e3fc6153617a45fb617e265577d93,1,,0.09799,2025-12-09 22:07:35Z,2025-12-09 22:07:35Z,0x4e0f67799ca42fda54d5295092332cc86743e1e997ec2e00b78939f646fefa68
0xc147f27fb6cb57991a7492942653f6d5a460e782,1,,0.09792,2025-12-09 22:15:59Z,2025-12-09 22:15:59Z,0xbca2fe6902e7bb17f280a0ae4a4c24e18714876fbb39c3f4943719d4bce05ee6
0x4038e21a95b21f753326a12ff1985fbe275445e6,1,,0.09792,2025-12-09 22:19:35Z,2025-12-09 22:19:35Z,0xefcd819c0218174081f0cb42f7cadceb1f0628996367c29798b5ce0486e002f2
0x51d0b63d1c20c9ba806eb74ddce16f1a444e1621,1,,0.09798,2025-12-09 22:23:35Z,2025-12-09 22:23:35Z,0xbd3f4e9e62fda93b1a899935338ff60dc2c4d41b4e9cfeb82c25c88b81eed716
0x80087216f1f76502035f64bbed879dab3e418fd6,1,,0.09799,2025-12-09 23:38:47Z,2025-12-09 23:38:47Z,0xc216a737c78e8543ee4b63f3254603f2909d280467aaba57204894be04ac9014
0x7fe65ac29a60977d1d1ffb83bdae46b233603443,1,,0.09795,2025-12-09 23:45:11Z,2025-12-09 23:45:11Z,0x1951b9e34b5d0b6d0ff3c9b1372eafe0e2606d533066cc1ade9c3514c2e11635
0x363aaabf1cf20ca9c0ef251a86811a014e42b755,1,,0.09799,2025-12-09 23:45:35Z,2025-12-09 23:45:35Z,0x7338b4e3901ab4b61265054ee3fa84187dfb8a58c981125cdf4d31aa927e8e97
0x86cccba2b638dc92eb832be2663b54592bcb20c3,1,,0.09799,2025-12-10 01:37:59Z,2025-12-10 01:37:59Z,0xbb1560173455115eafe1f3bf64cfaecbac414ecbd3ac1c7f6d5c990052e7b6fd
0xc1c10eca28c649bcb6fc08295901cbfc39fbf541,1,,0.09792,2025-12-10 01:55:35Z,2025-12-10 01:55:35Z,0xb3fbe43f2bf7b1219aeafaf46780e4a21018d3cf334beaceb2319bdbfc0daa45
0xebc7520690c899fa407c96fb222a015844f405f1,1,,0.09798,2025-12-10 01:59:47Z,2025-12-10 01:59:47Z,0xdeda666f66835f10a99e03d9d06c1cccae6ff34a6062dc64305ec810bbf1a339
0x6641f766baf351552ffef32cb3ff6f78b5865420,1,,0.09796,2025-12-10 02:07:59Z,2025-12-10 02:07:59Z,0xa91554e77a29fd739cb4e3e721d983d7a9d0db0e3e521c45ac750d94f099b864
0xd5633b84765a4e88990663ef14f7b00c46c4b338,1,,0.09792,2025-12-10 02:11:11Z,2025-12-10 02:11:11Z,0xa80c6f1710ce18533d70ecf69457e1b51f33fde17fa5b0c25bd13acf8c022de9
0x6acebb35d6768d150228db9192a8654c9eb1a4c1,1,,0.09795,2025-12-10 02:27:47Z,2025-12-10 02:27:47Z,0xf068f4cbf2388ffdfe06989a18936638dbc55fd60854855a9dcdff9252c9f739
0x370b1d707a2b6d6c4901f336d66eb793a612273e,1,,0.09799,2025-12-10 02:37:59Z,2025-12-10 02:37:59Z,0x769927c5504fd5211b292b162abdd4282685183e023a22221bab7db8f2964678
0x081557774943da0142fe2a7dbb16cf463daeda48,1,,0.09792,2025-12-10 02:42:35Z,2025-12-10 02:42:35Z,0xfddeabb446c458413e84cdc75fd3e733a5b6b3eaf9c47531215a1a0ce9f3d2e9
0x86399f3a5ca44840ae51ec8bb5d08309bd7960af,1,,0.09799,2025-12-10 02:48:23Z,2025-12-10 02:48:23Z,0x10e334923264a71d1c7b48ebae82854ad0224cd974edbbc53ccb317370f6ef69
0x3e7edaa08e311112fbfb98d7d3562eb292de7bd9,1,,0.09792,2025-12-10 04:09:35Z,2025-12-10 04:09:35Z,0x4b48e9bfc810c582bb50fd2eea151137c4e734e43fdd8ed1c7fc7738a31f737b
0x8ca5998654b6f531885d24ef4f66b764ab8688dc,1,,0.09795,2025-12-10 04:15:11Z,2025-12-10 04:15:11Z,0x54152cd76a44ac66b90ff169c5acdeb379f72a0d24f9fa69e2b75dc95bfef966
0xef1ab42ccf804f166e303824bfb1b13c659ffb3e,1,,0.09798,2025-12-10 04:17:47Z,2025-12-10 04:17:47Z,0xe2c50e213b0926aa2727fcc3bde963c1ef8ec7b896d1733d85b9eab2f01208e8
0x7debc7a1df0b126cf0df98c8085335233bec1d94,1,,0.09798,2025-12-10 04:23:23Z,2025-12-10 04:23:23Z,0x639744c3f2847836150cb3b033dddde37ef0421f4bc6f52e90982316745ae068
0xf96cc1971c980a254e45f32cc70f1ca9598a3ce3,1,,0.09799,2025-12-10 04:25:23Z,2025-12-10 04:25:23Z,0x8cbc300dfa447e317b6e7454a1c3e4a6d065fe60de93203c501800f6346fe079
0x21ba52b404d3ff7fd820f08086952ff2ee685e46,1,,0.097837,2025-12-10 04:30:11Z,2025-12-10 04:30:11Z,0xe76001f235e1daeb2873c130d5eb816b68d881126339c187754f2d02af34b9b3
0x91e1f759c370d1ba762ddaa71c362e674c4966ac,1,,0.09798,2025-12-10 04:53:59Z,2025-12-10 04:53:59Z,0xb20f64eb0c7df752fe2d1eb87d7dd614bd75dba20943a02c1f070755cc077d87
0x93c8c4ece660dbf5076394a57a3a8f44fe75e1ab,1,,0.09799,2025-12-10 04:53:59Z,2025-12-10 04:53:59Z,0xe264f7b1f5aa3282c6b0bf96e6eb8a25292dbf2f703fb4cffa8d77bf883313cc
0x4ba8b825848be2bc45b64c28dd41b8aad666f254,1,,0.09792,2025-12-10 05:01:23Z,2025-12-10 05:01:23Z,0xcf857c0c22d3eb831f54f9457e062d6278762cee7f7c1a1e38fa6133834ac87d
0xafae0fa526fc69939f38cd4467d1ffc4a57873a7,1,,0.09792,2025-12-10 05:02:59Z,2025-12-10 05:02:59Z,0xaa933b879ef7d394c1d993a9751f86820811b2585f4db98548b16a461a4db553
0x246de5edd2a281f427add66518150a46935d6138,1,,0.09824,2025-12-10 05:49:59Z,2025-12-10 05:49:59Z,0xa06c7c81037d4baea0306d80157f40ea6500409f1159b4c0bb87b1948da72cce
0x7bfe6ca59ea1c95a630aaa8a756326616063b805,1,,0.097888,2025-12-10 06:05:23Z,2025-12-10 06:05:23Z,0x04b387a0b933628fb4828715895c625fbf04180cd1814ce3c18e9043685084f6
0x3db0953d0e6d821b6f579c4595383d8bec9c37cd,1,,0.09792,2025-12-10 06:13:23Z,2025-12-10 06:13:23Z,0x0b2fc37c6197c5f14c9a9716d0e5a51aab82a4feffd048bd7bd89630986e2562
0xcea83e6236a6eea58543fe200516afe0bd3b44a8,1,,0.09792,2025-12-10 06:16:35Z,2025-12-10 06:16:35Z,0xcc08a6fd98eb3ee0e0151afa300bb2c974b06ec476f520340e567dbe4f7ba567
0xf896631b82f9890bae4c35bef865364413945cc3,1,,0.09792,2025-12-10 06:30:35Z,2025-12-10 06:30:35Z,0xf64bb2e814871cacf9177d942386e659e7cf3040534762174c4698103f228e33
0x16a12e6028bbd27270e6a98bc5d8ef773a110166,1,,0.09792,2025-12-10 06:37:59Z,2025-12-10 06:37:59Z,0x03094fae630a9da2299daf4efe7dac604cfc839c79f7da17918ed564ecad2050
0x466972c635a149434bbc4726cab597e00325bcf3,1,,0.097825,2025-12-10 06:54:23Z,2025-12-10 06:54:23Z,0xcd83a81609690ef8b9b5e9ee603a9b7f71054d90a268c8716fe13cf386e48069
0x249bb0d6d36ae3d66131d1cadfb11a8cbe5d4a75,1,,0.09792,2025-12-10 06:55:23Z,2025-12-10 06:55:23Z,0xa42cab229926070bb1cea1ec1fdcc07f15d38b16166bad31b57aeba538ea1b73
0x3de301e2451f0548527f8225ad6d8fcd3ed4ab3a,1,,0.09798,2025-12-10 07:41:47Z,2025-12-10 07:41:47Z,0x7697355ec6a53559db5a542a147898c2d87d4049f741053ef3af9bb2598c66a4
0x0d8fe57658704514e5c8beae4de6d6ee03cc2e85,1,,0.09792,2025-12-10 07:55:11Z,2025-12-10 07:55:11Z,0xba56373d1c48e3eaac338433f9067a3e226181789881a3c23e12274ab3359f65
0xbe825023351d460dd3c64bbad629155b4c42fb35,1,,0.09799,2025-12-10 08:07:47Z,2025-12-10 08:07:47Z,0x5cedc4d0a7acc683232069187e5f547d468c2fba30ebe41cf51abad0941733cc
0xb811e11ba8fa0399e4a3cf740c029d49f385763b,1,,0.09799,2025-12-10 08:08:47Z,2025-12-10 08:08:47Z,0x54a984002cf0662011913da2f6b0ccecbb5f8f47fc8a2cc08c8b49144d941c9d
0x9eee9471c7b271bb71e4346f82d632ed6bbf7268,1,,0.09795,2025-12-10 08:11:59Z,2025-12-10 08:11:59Z,0x869dba9717620c51a171a47d8b48179ff15cf404b4847f2f2b7017659e00bab7
0x988259ccfd199fc234df3046a3ddc3cb5b2cf0ea,1,,0.09798,2025-12-10 08:16:59Z,2025-12-10 08:16:59Z,0x41c7d58c5e87268b9c408a8d33d63f8604e6e1351501b82567f55ada697ece61
0x7769471b952ce29949d9c12f31a9ae6dbfa955fb,1,,0.097828,2025-12-10 08:59:23Z,2025-12-10 08:59:23Z,0xda1f69b87b23bb878f52123c2552274522ba96505a25ee63d162f1e4aac77a64
0xd506b74fa07faa1565a40311bc66a444c310a14f,1,,0.09798,2025-12-10 09:37:47Z,2025-12-10 09:37:47Z,0x3ffa39436c1de8fc9f3e0365204fd87e6f9827a3796a20e572bc6b6dd7cb1561
0x19af7d04bf8862e389474d3603e3290d9df71773,1,,0.09792,2025-12-10 09:49:47Z,2025-12-10 09:49:47Z,0xe70a4aa6d596decbd6600dce8980f7a2f62885c591d7a9cb254100a28e47538c
0x42cb4dab0a52db911217715b3163742c1398d5e3,1,,0.09795,2025-12-10 09:59:59Z,2025-12-10 09:59:59Z,0xde2e7ea0de5575a149fe9154cfd20d1cbb15eb8b7904631041e51da19ed2e9fe
0x8836dcb96795cd8151758e359170487db5b8ba26,1,,0.09792,2025-12-10 10:17:11Z,2025-12-10 10:17:11Z,0xd54f6ced31500861c6735432f852f830e544678c348663357484714cf1f14d51
0x3bfa3df1d1ef31c938b9fad702249dc1e8f4dacc,1,,0.09792,2025-12-10 10:18:23Z,2025-12-10 10:18:23Z,0xffae63af0a5aafb76fa3249510f3bd321e15dd3a274d95a58b76b464178ed5db
0x9437913c500f954e63120502ea3c8fd29daafd89,1,,0.09799,2025-12-10 10:21:35Z,2025-12-10 10:21:35Z,0x7f0b64c1402f8911285dea13d24d53c71f153006bb329f608d942dfe2876265b
0x9cc2ce4cd00ecf3f42d0e476e06f45a8b2e3b84d,1,,0.09792,2025-12-10 10:33:23Z,2025-12-10 10:33:23Z,0xd86c95fd6cd64fde1f06ba220818273ee1d34dc7f3e5a3b4332444aa5b0c1652
0xfe734ee44b8028ebaf71b4c251b4b2ce1fb34b59,1,,0.098214,2025-12-10 10:44:11Z,2025-12-10 10:44:11Z,0x80360d99b82b882eb1af1be797536f2adc635142ca191561e0c4b1ded562ece0
0x835492ecd3da44dff048270981801fc1daf0f473,1,,0.09799,2025-12-10 10:44:35Z,2025-12-10 10:44:35Z,0x3cfacfaf832c1ebb207cab10b49b9766fe04b9d25e425d24adac928f0654682d
0xac3f6acfc5b3f76d9d3b64a338d513f9c389be64,1,,0.09792,2025-12-10 10:57:59Z,2025-12-10 10:57:59Z,0x1c9af396adccf51da7800f4f5199d6a536bab70bd8f4ae3e949112b9d337c2ab
0x199ac271507fb0c4d2e7880489c8549e79ca3ad1,1,,0.09795,2025-12-10 11:09:11Z,2025-12-10 11:09:11Z,0xc2db5bec7d6f5435fd29864aefb51d141a0b97d5deb570bb1b3c8750e03b6092
0x82d6c3eb9aae92f35aa21ac2f8b6635fd85398e9,1,,0.09792,2025-12-10 11:24:23Z,2025-12-10 11:24:23Z,0x685553c2c680de5e8fed6483162a91cc10f089cc9f9071ba777fbfcb903232a9
0x1292147ffdff63dfac958c92d9049266f76c4ef7,1,,0.097899,2025-12-10 11:47:11Z,2025-12-10 11:47:11Z,0xaefcf0b895b022d9731abad8d42a750e395d9bb9f43aff7330ccf3c2ebd22ca7
0x06580a7b42723ff732f6ef0d710cfa9ed4489ba7,1,,0.09795,2025-12-10 11:53:23Z,2025-12-10 11:53:23Z,0xe0678a6195997a40841aaed3f7e42d9b04705e2a0957c9103f56933dd43ba9ea
0x92d09415f177b0d5809b0ed5ed12cc88fd15c80c,1,,0.09792,2025-12-10 11:57:47Z,2025-12-10 11:57:47Z,0x13aa05924c38070ab2f4b399e077d3919270f5f14356fb0cd23d82b858c1796f
0x944949c404cae6195d7dceab19269724b964be2c,1,,0.09792,2025-12-10 11:58:11Z,2025-12-10 11:58:11Z,0xd943889d5e4cf1ffaa517bd1487c09247b309cc71c6269bd1f92d518433c57fe
0xf3d1920165877456a5a4a545ba091da6abf696f3,1,,0.09795,2025-12-10 12:02:59Z,2025-12-10 12:02:59Z,0x554895efc425255ee1403446df780db913ef4359ede3e25d5e0ea36cedd9a795
0x568c8b08af029c5e7a2f8ee3908446bbe11e3796,1,,0.09792,2025-12-10 12:11:23Z,2025-12-10 12:11:23Z,0x39eb49ff3393be65adce1390d969fa245c6057b2caa161d8fde6032f2aeeebed
0x814378b4a7e788ff5198f6b7142764b2b11f18cb,1,,0.09792,2025-12-10 12:39:47Z,2025-12-10 12:39:47Z,0xd38e7549b699bf079e778bc7d07dcb4c1ff10c0f5f6585803bf5ab7805b4843c
0x35ef3df74ec4b9857c7a567bd27bf1a00d9633f0,1,,0.09796,2025-12-10 12:41:23Z,2025-12-10 12:41:23Z,0xd7053b0f5e34e942d1f032c0f8e4370019ac65804ba41b0b284f1bcbacca014e
0x29400d033cf38934ae520832ec46a6b569cdc258,1,,0.09792,2025-12-10 12:50:11Z,2025-12-10 12:50:11Z,0xe8dcf3a5c538763131dfe102d852236e4f3b1c4a50f65e84df3d9fcf403ab17c
0x840066ffa2174e9dcb13c0b0e8757515bf6cd52f,1,,0.09792,2025-12-10 12:56:35Z,2025-12-10 12:56:35Z,0xff9d248baf64d88218ff7d4019a62defa0bf6f59ae8618b8ae9be6a326bffc0b
0x342ac9272745050494a955e063c8eb081766c078,1,,0.09798,2025-12-10 12:56:59Z,2025-12-10 12:56:59Z,0x6230f3f91d3135662fa65828da2378d237f9049ad6aa2215e19b6cb0097c0fd1
0x9abd16d9223a762bafc409c2258349f1757b06ab,1,,0.09792,2025-12-10 13:02:11Z,2025-12-10 13:02:11Z,0xf2a4c0c763bbeda31d5b8fc737f2585fe17a155e2a762de5a650e0acebedc711
0xea08f8b82b7c073e58a80b0e2f7fea5c3d0001a7,1,,0.09792,2025-12-10 13:23:11Z,2025-12-10 13:23:11Z,0x694f3b9dec9bf7fce3020e259510bea518e3da839c85e11aecceb8135a1a704f
0x43dfea345d33bab434675d83969ae3d66c405662,1,,0.09795,2025-12-10 13:29:35Z,2025-12-10 13:29:35Z,0xe3292f49f4072ef95d3ee633c41b5fd844a0a8e14b58a638ae22391b559259e4
0xe1b2951c6660ad1b1b94659574ed4ccb5438887f,1,,0.09792,2025-12-10 13:31:47Z,2025-12-10 13:31:47Z,0x8280ad42e59e49b85f7a6fb5aba9ab9c1f0e8acb4cc0a19c48f9d9c4ed2a058e
0x3a199fab3a59c2acd49ae9313045d2fafd8a409e,1,,0.09822,2025-12-10 13:37:47Z,2025-12-10 13:37:47Z,0x38c936cb554f128e3c2d89b806c050d59ea4b8919e175256fabb059e094ee5ee
0x05638ba438eaa2373c788810c412809c5df98b69,1,,0.098198,2025-12-10 17:26:47Z,2025-12-10 17:26:47Z,0xc535e575265f7414ab35ba7dc077bda238456b88df99cbafb90c621d38cc9ea8
0x39da64de37b3a897fcce72a8e59fec59d719ef54,1,,0.097834,2025-12-10 17:53:35Z,2025-12-10 17:53:35Z,0x9f95013b9b32c3b357c268310919db7d89a8ef23d3991ce4ccf603f511f20c3b
0x04e84e9413641333327b511b3d6388c5a3ccf305,1,,0.097906,2025-12-10 22:10:59Z,2025-12-10 22:10:59Z,0x48fac85fef45c72cfd4adc394146aebbf4032b61ff1b6b43a2d382621cc64e0f
0x6e7c1a9ae5b997e05c0c91a07024859ec0b581e6,1,,0.097873,2025-12-11 00:29:59Z,2025-12-11 00:29:59Z,0xe3871f5235cf14278f81f4f8e58dda8599c02164fbfb13015b08073b79e8b54a
0x3ec21a3ca1f91a274ecc239bebfb0509cb652813,1,,0.098218,2025-12-11 02:45:23Z,2025-12-11 02:45:23Z,0xc5082910d2f27a06c9202a3be95e776053ef3479ff63efc56711c6faaa52cb9c
0x92eff923440db6c2d0808102f6dffe4d95eef3a7,1,,0.097845,2025-12-11 03:27:11Z,2025-12-11 03:27:11Z,0x531741c560700c5ba9c8e256c048c770eef16d05cd52b41d8924dbc7cb9db9f8
0x5cfeb1fac85399d4f9b4b057b77ef56e61a41262,1,,0.097882,2025-12-11 07:18:11Z,2025-12-11 07:18:11Z,0xc011bb3fdb3cdadcd293a19582ec5690d38ca54ddd59d404bf40131db436e202
0x91eabb3e52772b29efb6e514a4d80371a02adc9f,1,,0.09822,2025-12-11 07:38:11Z,2025-12-11 07:38:11Z,0x8e34ac1c5969fbd301caf95974607534a096ee2380dcefe5b9177e04dbd82974
0x4b12c8745036940c6a4efed1ce1d20e81abc05b3,1,,0.09788,2025-12-11 08:31:23Z,2025-12-11 08:31:23Z,0x2e00e30b9c2921459e772ca94eeb79c515950517bcb6963b9b7fff9037524973
0xb560030ff7b1ab9f90b662130e6075ac6d6f246b,1,,0.097855,2025-12-11 12:14:47Z,2025-12-11 12:14:47Z,0x89bd95f07c5528e822c1fd6a0451bf5e2dc97d7e1666ffe32ce5a1022cf93326
0x71e1f22be94141ef9503d47112b705879ad7e10f,1,,0.097764,2025-12-11 15:05:47Z,2025-12-11 15:05:47Z,0xffaf207fce589f710ab82741ebc247bb574d95c7cab02bfefcdceab11c7b3054
0x7d02ae975b106a857b64a4f5c8bbecb8d9a72a26,1,,0.097925,2025-12-11 15:51:35Z,2025-12-11 15:51:35Z,0xd4fa188761368b41eefd29fd4f13c305d9888a561231c3f00d4d11cf8108be3b
0x3caf2fdf712ea74bd6ce2147233c5b7daff3b957,1,,0.097851,2025-12-11 17:40:11Z,2025-12-11 17:40:11Z,0xb451544ff69e8047ebca202e66da965bfaa95936c38caac449c67513574f52c7
0x5b885841e0dba4c9f9edae9c2d508c6239cac33d,1,,0.097911,2025-12-11 22:27:59Z,2025-12-11 22:27:59Z,0xf12d4cc67d709f3c47f1683728f4d2be010b46ff84846deefee4cf6cb0c63c80
0xc9ad464216f42444ccc96a4da9ca6054b64237ad,1,,0.097894,2025-12-12 02:24:35Z,2025-12-12 02:24:35Z,0x67ee31fde06a74ca64dccc0f39d7c10b526adbc95623919ba9b32d9377555d8e
0x85427c99ddc3fd3a69a415371b239b72e5a81fb0,1,,0.097937,2025-12-12 05:08:23Z,2025-12-12 05:08:23Z,0xdeb88d42e74939e99fda1763335756b8460b92fb3b85ee75986d0ea1e4eee649
0x8750841651248c784f0896e50f5b676c14ec5250,1,,0.097871,2025-12-12 08:28:59Z,2025-12-12 08:28:59Z,0xc484c150e21bfa6d23bf17f8d2a32e28c1f63eccbec7369ca4a71767b93b8e8a
0x5871cab23856c2e1013a1707fffb91949d1a7237,1,,0.09787,2025-12-12 08:51:23Z,2025-12-12 08:51:23Z,0xadecb37e47be475d2cce3a1be5da5ce016d888d097763888483ec3b8cc0ee10c
0x304cbf6f28d5a1849a53572d35e2f124eb0a350b,1,,0.097917,2025-12-12 15:30:59Z,2025-12-12 15:30:59Z,0x3c3b9158bff6fbd82941fe60e964dd9cf5a1e9e7ff0f1ded6356c1c3025cce75
0x92954bd859cccfb3ffd39512b9d2127a4e2aeeb3,1,,0.097578,2025-12-12 15:46:59Z,2025-12-12 15:46:59Z,0x7fa2805b8ae72cfc0e854ee42291640c5de210650240ba0b0b310b3aa31b7655
0x9a6822b2d883ecd10777859c36a5faf7fed72a16,1,,0.09792,2025-12-12 17:08:47Z,2025-12-12 17:08:47Z,0x375fd295e0063bebee959ca79f35e64b022d2303d7029a616d23014ba9caccaa
0xb574747fba3995dd8031f803d7876fda08881dd3,1,,0.097924,2025-12-12 17:23:23Z,2025-12-12 17:23:23Z,0x254e9c36e1cf523362c28541e3692e8936d47e1bdf23e7f1a7c1e4d73bc5191e
0xecb605d1f5947e585b13c607a97bee4b4fe02c28,1,,0.098283,2025-12-12 21:03:47Z,2025-12-12 21:03:47Z,0x8e041f6203806359223888b664571496e65a17d02afe8a28babe9913b46d0957
0x8cdca70b473ac500deb954697ae5bf7d74e686e1,1,,0.09799,2025-12-12 22:19:11Z,2025-12-12 22:19:11Z,0x54b12207a94468447d094f79644e3dc843b177a95efcd6f7212dfbc4f657f9df
0x94a809b2581288c7cbb621dfda8a83b99046a4dd,1,,0.09795,2025-12-12 22:24:23Z,2025-12-12 22:24:23Z,0x562025116e546cc6b91f2e34c18ee33701294267571e8c43c8fc42bf39f2db05
0x2ba84d1fe7b4e61e3849336b6ddbc532f6c0cd3a,1,,0.097902,2025-12-13 04:30:47Z,2025-12-13 04:30:47Z,0x9d97a20058c470e1ac6e66788a5f8b4534a978d3849118a4621f80a750c92b40
0xd9e76317c78702b1041b891534187c1f2a031467,1,,0.097963,2025-12-13 05:20:11Z,2025-12-13 05:20:11Z,0x687504f3a87dd48021a490145e6c950d31cd7f5620302e215bfb77901b8bff7f
0x571729335bfe413e0384a2bf36f1471822db34d5,1,,0.097897,2025-12-13 07:07:23Z,2025-12-13 07:07:23Z,0x6933a2d79c4cbb83958e31fd7f8ec3b761f9c85963d94d71c73900067d00bb25
0xd040b5566fb81a4e61e145da6d8d3600d015be33,1,,0.097963,2025-12-13 11:25:59Z,2025-12-13 11:25:59Z,0xc4f8764ebf537e7caa9003f03e4dc39f93a51a14650f8520995742211e13a000
0x8203486c65d676ed1f2a79a14d7c0f9903fce9ea,1,,0.097946,2025-12-13 12:17:47Z,2025-12-13 12:17:47Z,0xdaf8337797dad760634ab4199350d5ef08e6b8da101b3b0d15a71751ceffedac
0x872474fae53ff88200b31d9a25571cee8d51ff5d,1,,0.097897,2025-12-13 16:53:47Z,2025-12-13 16:53:47Z,0x87ab4f9daedc7e7d158419ab8cd29244516ae0398bc64520162d14ab99fd5c25
0x2bbb2bac6ccac0c805e0175ceb3bd5f58743ba23,1,,0.097901,2025-12-13 18:50:23Z,2025-12-13 18:50:23Z,0xaea057ac9b9405cc1aed11d71a2a6130418a1094017f36525ae64a436562ee43
0x6cb3011097af894e5f726a071f0bf888abb02f23,1,,0.097948,2025-12-14 04:01:47Z,2025-12-14 04:01:47Z,0xfb9aec3966e98b457e77f4796418f0007bc6533b7c3a529ff43f5852263eb7a3
0x1bc66b1d53eec00ef9a7785f443bbe05424a1295,1,,0.097967,2025-12-14 04:16:23Z,2025-12-14 04:16:23Z,0x09b4eb5f9ddb8f14e449e66873b07d8bb2a860407c3a98721fc8c9345e510f00
0xb7e6cb194ed1e82128170dcc0fb8a3a65e4c8b47,1,,0.09828,2025-12-14 04:26:59Z,2025-12-14 04:26:59Z,0x91fdbeee3407b2d679f2494c2187771417f52015f0f7c1c1f114605fa5b780ae
0x28da47438dc84fd3cdad0539886e3b2f6aa511c2,1,,0.097895,2025-12-14 05:24:23Z,2025-12-14 05:24:23Z,0x5d8e4b48f5ab2f92234be70215c8ddd64718280488ed033d8a67e55449653935
0xbbc2fbd8d47770a9c10d46318d4b3b7d3cc9f076,1,,0.097972,2025-12-14 05:40:35Z,2025-12-14 05:40:35Z,0x17f4208a7b2e283ba019e9cd11721517ba7bbb9f644bd6932c989443a918e76d
0x31ee9a5d8d0a52b77dea0b3fde71028e390de26e,1,,0.097895,2025-12-14 12:48:47Z,2025-12-14 12:48:47Z,0xb034c04b2e372fef737f4021a4a0a59747864ed0ef87dabf16f1e8c08087efae
0xa64c1026596768f3a865f8ee5cc97503f0e3a5fd,1,,0.098274,2025-12-14 13:50:11Z,2025-12-14 13:50:11Z,0x0a835ac067b6cd0b0b5f4209a1b527a5265d450773594f5e7cb9ba409bb0f3fc
0x9e198aaa803f0f2e7345ecb158f49b82ad893a50,1,,0.097892,2025-12-14 14:14:47Z,2025-12-14 14:14:47Z,0xd2981d941ed9afed67e0263212fa3a267b6baaf64e5bccb4ae2b34da4ff5bf48
0xd129d2a4e831ad3445c62eaff863961f93626d9b,1,,0.097947,2025-12-14 18:59:59Z,2025-12-14 18:59:59Z,0x0e6b921d683a7272d4b7ffc01fc80757d5665a59731d5fc3d9584e8c41320afb
0xd20d1e91615a445364569147f2e2ddb00a9fc744,1,,0.0979,2025-12-14 20:34:35Z,2025-12-14 20:34:35Z,0xb6e12e48f89331f57cbdd0294749317ebb3f243b18cbd7498cb9287c664e4cde
0x6b2e0592104d1e98be57a607f5c4246dd517a889,1,,0.097897,2025-12-15 01:54:23Z,2025-12-15 01:54:23Z,0xbf000f978f450fda4a624b131301f3970fb658dd66799b64363269fcd26dfa4c
0x92f6cc008488c735a8acb8d67b2bbed4dfc431e3,1,,0.097947,2025-12-15 02:53:23Z,2025-12-15 02:53:23Z,0x303c26e79d6ea70edb2452e681d311d8ed44187b929a5436bd9cb0bf5a4568ba
0x2bd54e20bc4bea5681aea55ca8e65dc130123d38,1,,0.097927,2025-12-15 12:25:59Z,2025-12-15 12:25:59Z,0xde1360b3981806b0b7f13988471c03a0c8c6ac79ccd4d6ca93eb529506d66276
0x23c3f6cd9775428fba8f9f1920c78a8a800a8435,1,,0.097952,2025-12-15 15:21:35Z,2025-12-15 15:21:35Z,0xbc1bb48905f0948900d31a4f2bf3507f5be6ea1645cc2cbd6b155cdc136af7c0
0x648a88241d263c241e1105d821b6b128d63835b9,1,,0.097942,2025-12-15 15:24:11Z,2025-12-15 15:24:11Z,0x5810390e2b1eaf29585982896ae77bc889f5dec3711a83725b663fac372cedf3
0x3da22a7269442969c8be5909932a1bf305d2d2d4,1,,0.09768,2025-12-15 15:32:23Z,2025-12-15 15:32:23Z,0x2358cec2ffdc5791f5072e6e0f0b50a0114ae0616e3cfef9fa0b6cd1804fbb40
0x4d131ebe6fe5a7c3ad0fbc2bb7e95959c4e6c5b8,1,,0.097791,2025-12-15 16:16:47Z,2025-12-15 16:16:47Z,0x137451f6557512707be0e632aa6db8640462c15c9f36e16f46559ac0f1238572
0x1a0d65c441debe8e727689f5668311cc21fa50c2,1,,0.097788,2025-12-15 16:29:59Z,2025-12-15 16:29:59Z,0x60cbae1fdbfe6599390554109c9b26f0424efae534191b0c5b9a01f1300efe4a
0x7983ad2fd851d381fd1cd0ed186d0daf345063d2,1,,0.098199,2025-12-15 16:33:23Z,2025-12-15 16:33:23Z,0x060162a14021ff82f9d1cb16db427ede5bb2e8e355e87c6b01847835d69cc4de
0xeee610d1fde08ca98cabf67ec0aaa12627c59eb3,1,,0.097888,2025-12-15 19:15:35Z,2025-12-15 19:15:35Z,0xc8ea5f5fd3aa219b688c9c04ff7d9045c2d8796975f01b89f0010fb6483a302d
0xb5e13e7bb737e4f450f72ba9067a5b7afbc07f99,1,,0.097949,2025-12-15 23:57:23Z,2025-12-15 23:57:23Z,0x29f85a7fc89f493113e106c715887658f13b18d36bed6eeecdce404100fc210a
0x264033cf165255b1ebce5f400c29e1d191b94b62,1,,0.097948,2025-12-16 00:00:35Z,2025-12-16 00:00:35Z,0x29c94b1a2e307cbb11c2e459d914f3fbbedd605ba8e47b1dbb7b96628fa2a093
0x39590fae6ffb1047a361ee540be097a1c8bab787,1,,0.097899,2025-12-16 00:09:35Z,2025-12-16 00:09:35Z,0x75027cccd8a3953a3ea6b35cf3f02ede1af45d8a7c6f832e5d98d818ede72c99
0x291321eee30e52fc601b5d42b96263b8705b01e9,1,,0.098278,2025-12-16 05:51:59Z,2025-12-16 05:51:59Z,0x10b68be0684badd48bee0e312edb633d65d4f1b0d97661789f0135a06ea7bce5
0xcaa4988aff2d12b2a63d0407b8f64e2b168ab4ff,1,,0.0979,2025-12-16 09:25:59Z,2025-12-16 09:25:59Z,0xae370bf5fb01df023ebd6410ed94a7f90416e09f6927598a1587fcb27cbb4405
0x822602959bcd5c836109b5f791e9dda67c0ddc73,1,,0.097898,2025-12-16 09:43:23Z,2025-12-16 09:43:23Z,0x38e3173991e9cb2c7cd1e7f60b96e367daa71afb1fd6eca12f9b155b556f41a5
0x1c8cee6b40ec73a62d48817e499d9d77ee28e984,1,,0.0979,2025-12-16 11:13:35Z,2025-12-16 11:13:35Z,0xa36a8b6e1d9eb2c61e42297672614ee3150070fa8a53174523ce1175387dde60
0xe5eddc50643a7536a8d380921e257c862b6dd32e,1,,0.09797,2025-12-16 11:18:47Z,2025-12-16 11:18:47Z,0x65579dac1a27e350864e651312fd852fcdbe03c9adfcefe82803fd4c7d83445f
0x10bb04a112e38a2f55a048cc9911f27cae44a260,1,,0.097926,2025-12-16 15:18:35Z,2025-12-16 15:18:35Z,0x31c16391d428d799b359002f9a7c4c409b2def47ca040ee1737f796c75f1f9e7
0xf9b98ab34f38702c86bce52bdc4555f9878a0e1b,1,,0.097969,2025-12-16 19:54:35Z,2025-12-16 19:54:35Z,0x6d714a332f271036719a11f89fc03c19052907c16e533de7bbe029b1a9c45e08
0xdbe36910f5a08e92e9e8db5fa517ea04fd7f5f99,1,,0.097899,2025-12-16 20:40:47Z,2025-12-16 20:40:47Z,0xdd49ed818e7f49bd6d59fb70bf26eb492549fcffd601135bacfebbd53286587e
0xa455464708d0cd277a21c81b7e991c52bd190b41,1,,0.097931,2025-12-16 21:10:23Z,2025-12-16 21:10:23Z,0x94bb389349ef18bd76c8412faa526d3ed9b605b8816db83799c2033b58ae068b
0xccf8af0fbe45dbb3e5a859911009a6b20bada218,1,,0.097969,2025-12-16 21:12:47Z,2025-12-16 21:12:47Z,0xfc68e1af486cb1b9725385532fc0ac084bc7d7b4784bb2804e75606a231d256c
0x14eefac88902a570255b0dc984edbb277833605d,1,,0.09795,2025-12-16 21:23:59Z,2025-12-16 21:23:59Z,0x13846e30de4c9e5b5c7228c0b2f8c929fcbef44039a0c34f327514ae5975661c
0x107a3dbf3703daae6dfdd0e203dac52bb1b1df05,1,,0.09795,2025-12-16 21:26:35Z,2025-12-16 21:26:35Z,0x05b3a400d0cd5cdb702d6ca84b9b66ace8fa79e772426ebeac00fa48e0ae3b41
0xfe60815cfe0200be6ad8d6bbfbe1a2eb1708f060,1,,0.097901,2025-12-16 21:28:11Z,2025-12-16 21:28:11Z,0xa9fe0a3ebda3673c853241e76f756ac1fff53ac2c87843d048a846ff14908839
0x725a166c59297239ea03cd27bcf0ac824918d9a5,1,,0.097949,2025-12-16 21:40:59Z,2025-12-16 21:40:59Z,0x1ed7e2e3d772def35471adcec74fcb3fc5b4fd731f9f0ddc9e8ce15279c20f0a
0x84401823c9e840cc685f2e85b63a23b1c170bdd1,1,,0.097901,2025-12-17 00:20:47Z,2025-12-17 00:20:47Z,0xdd247e70c5ffddb9bfe11fa51656250a2da0c109f1e893bb13e6eb4b1a770295
0x3e2eef380cb8975f54b7027c8c2b5671242a1a9c,1,,0.097904,2025-12-17 01:15:59Z,2025-12-17 01:15:59Z,0x76c33176e62624e12071b3bb4786fb42656d71586ae1a3830fa94265aab2308f
0xfda8f03f4616171280d310dce6e1f825a2064447,1,,0.098083,2025-12-17 08:38:11Z,2025-12-17 08:38:11Z,0x41f1f33539ff439127e24b89b3cd2696533f99af1f139f965af53ad4eae91fe2
0x0fa9ecf73b6875b548dd1d72a5d3c9e1390a121a,1,,0.097897,2025-12-17 09:29:11Z,2025-12-17 09:29:11Z,0x23dd4b9b653b47ecb5ef5d7c783e45d2af45ad72f58a0673a9f869d36b11bf90
0x309ea00af3c567088ad8bc01629b8752c283cfe1,1,,0.09799,2025-12-17 12:17:23Z,2025-12-17 12:17:23Z,0x1b215aa4c041fe798d65ff2e22ea83096aabf6b7c9f5f51db9c5dc07825a8e76
0x9b69848c38f40512ddf3e0e088a998be61c2d74c,1,,0.097897,2025-12-17 12:20:11Z,2025-12-17 12:20:11Z,0xa6d8dc503c43c4a404f93bde2db7c578ba2827c13b74b39552a3aa4125f1e43f
0x0fbbc0b77f6d16e153357de66a20f93e0afc989d,1,,0.097925,2025-12-17 12:52:23Z,2025-12-17 12:52:23Z,0xce520ab0dae3de0e9a9c7123c36004eec09434f7aaeb5bb92b538c3728541f98
0x63fca5495857e42a48dd5110377ee49f1282e83c,1,,0.097971,2025-12-17 13:02:35Z,2025-12-17 13:02:35Z,0x1c5eba90b35abaf36b5bb0eb558a11e952b7c27b4ec50578986e1abddbcf91c8
0x98862d000deddc8df0d8c53b5f1f1bb4a9198a12,1,,0.09707,2025-12-17 19:09:59Z,2025-12-17 19:09:59Z,0xc9a48d649946ad5da48702eb2ac8505bc0eed0b12b2b34ddc4adb03de00631f0
0xd06fc240e53b5b5f443780884f2d7ccb947db842,1,,0.098283,2025-12-17 21:00:35Z,2025-12-17 21:00:35Z,0x1019c16d8764dbb3840fc03df55f0e026434ee8bb9c0551a46747fc39362e615
0xb7618a78bad3f4e21fcbbc8d6c1b02486c251924,1,,0.097902,2025-12-17 21:07:47Z,2025-12-17 21:07:47Z,0x6151c5c98b723f9d525e3f9d4f0cd828098aee39e7c15eb2cea877df77205fde
0xa11e91e29437f822c791a4f340d762bb06a795d1,1,,0.097904,2025-12-17 21:09:35Z,2025-12-17 21:09:35Z,0xc9f72a51f5f11f48bf044f46d0033bbf9a090698bd3ba33be7d11eebebeb8b34
0x9b3f174a113d4878bb299814f278d2995c89cbbc,1,,0.097974,2025-12-17 21:19:47Z,2025-12-17 21:19:47Z,0x07b65880b3a3d2380c91701d78e91cda0033e8584d82423e21f12b12ead3fa09
0xbfb000d45174c38f01315aaaccb79cde70c1f29b,1,,0.09795,2025-12-17 23:56:35Z,2025-12-17 23:56:35Z,0xafc30dc31e364094f38afc7e3d5f4bbee4c1cbdd0141b14c4cc3be3358acab6c
0xef1df44e122872d0fef75644afc63a5c35f97674,1,,0.098282,2025-12-17 23:59:59Z,2025-12-17 23:59:59Z,0x29da7e65a17b3626cdc08b4f28bd8f576b6cd95727cbd010183c36a95580d726
0x1a90d11a8d9bd174e3af971656d1fa633f8f761c,1,,0.097903,2025-12-18 03:06:23Z,2025-12-18 03:06:23Z,0x15ce584083c4ec96b576e632709798f5195df1a4a6789e8dc0646219368263b6
0xe6f6b26fad21c8b608195aefa8a14fa727d59ea7,1,,0.098283,2025-12-18 05:08:47Z,2025-12-18 05:08:47Z,0x0b9cf81dcba53919a44a38eceb5c255001741cfbbdb4850ef388201969ea8c9c
0xa976db29d49e0379c9c5e9e4c9b284b69b1a6504,1,,0.097975,2025-12-18 05:36:59Z,2025-12-18 05:36:59Z,0xed83405ab65cdadfadfa9d8df0d9d2ddaa9624a924a817b1e36db7d0d40528e1
0x94016e4db03288b7fa865205638ea08e799bdeab,1,,0.098284,2025-12-18 06:39:47Z,2025-12-18 06:39:47Z,0xdf65f2f2179cffb715208d1c7637eb7cc969bd08da1a1c2c70d9a557fd817c84
0x4e6992461535c477489420bad5417697c0624705,1,,0.097905,2025-12-18 07:02:35Z,2025-12-18 07:02:35Z,0xaedd35930d0c5fdf86065bcc9f2698c8e7a01df70777658049b98d80277aeb63
0xd256d33ca1f1fd5edf0a3640f2a229968b79c4b9,1,,0.09707,2025-12-18 07:03:23Z,2025-12-18 07:03:23Z,0x2ddad832aa02e0d4a7432fa0cba2dadc58b3cfad2f231cdc3c7f40374a0d27cd
0xbedf3e75060ad90d5bdcfa0ad18db7f25c0aa8a3,1,,0.097904,2025-12-18 08:20:11Z,2025-12-18 08:20:11Z,0x33db1f9046831816eb0db8948048e0fecd3ffb10eca338e15c5a9859e56cecc0
0x5d2c49a45c6be9fff3cb72652acb61fe28975449,1,,0.097892,2025-12-18 12:45:23Z,2025-12-18 12:45:23Z,0xb75b5c4a8295e841c3446b91af99ab2509b9159a3e0854105f4623c7cfe08522
0x2d65dc726e113ce8a44055f79264505564be5b1b,1,,0.09792,2025-12-18 18:47:59Z,2025-12-18 18:47:59Z,0x41ea054d0e02d5f90e39d61ec44c4a06f2db4e376e1fedcde01bf2f0e914d018
0x9ac043e67f041813ed1872a5d429def4698cbba9,1,,0.097938,2025-12-18 19:06:59Z,2025-12-18 19:06:59Z,0xa570a214b1dc2b3a1248f4b559a9f1bcf17ca992f35d9ddf10c77fba09bd61ca
0x738e28ca4877eb5e27df9ab037b328ec9789300d,1,,0.097905,2025-12-19 00:49:23Z,2025-12-19 00:49:23Z,0xed08a6d831860e2269e015946f3be1a869fe9b89296729eba715537662333b30
0x246629f45fa19642b686b03a24f37f11c06ba89a,1,,0.097905,2025-12-19 02:20:35Z,2025-12-19 02:20:35Z,0xa53edf7a85eeada20f1c32258dafa215dd2eaf0f8a5be12b2a6575009095b440
0x545acf7c163ee9fd28dea752ae246557df6944d1,1,,0.097975,2025-12-19 06:19:23Z,2025-12-19 06:19:23Z,0x29e6bc3afbf8ed30b6ba1f5771823a056b1908e374e2f74d49405972f4680e85
0xe9146efc4687953dcab2ea058836cb95a762a5f8,1,,0.097903,2025-12-19 07:28:35Z,2025-12-19 07:28:35Z,0xfd65b4823868040badc860b08bbf8fe9b2accd7d1ca539bee333105f29869966
0x1167df8a0e968e46cd53c60f6fdcf8f286e63d98,1,,0.097935,2025-12-19 09:23:23Z,2025-12-19 09:23:23Z,0x4993767b127fe934512e1d55f77bdf2e8ecf56cdffa097ca933c46b1688508ad
0x8271ee7b190683470df47606cf912bff1a9c92d1,1,,0.097576,2025-12-19 12:24:23Z,2025-12-19 12:24:23Z,0xf76440564bb97e9d9fbb4fdf78da15be8dce0f39ccf1de20eb2b0dbc18669eaf
0xb187a3b50a6641ed5dcc35137de8ca04141a902e,1,,0.097619,2025-12-19 15:01:23Z,2025-12-19 15:01:23Z,0xf3b672dc6aac4d4330c05a7a6d73bb1642235cbabde73c661351f32a60beccd8
0x40eb7c1736f507b71a529fa5ba9078bb765e2194,1,,0.097939,2025-12-19 17:22:59Z,2025-12-19 17:22:59Z,0x06dbb5b43a4d3970ed206e9b0d4516620d612403cd04a6d6a09a8236601be6c3
0x7c7b3ba6a30b969092d969b9bf41619bed4fa9e7,1,,0.098224,2025-12-19 17:34:59Z,2025-12-19 17:34:59Z,0x510edc60ab741aeb92d73d4f4fe994d059b94d2f4384a43d8bae3ccce8faeb60
0xeb397886fc0f9abff0380db939ff168e8bcbc53e,1,,0.097954,2025-12-19 19:17:47Z,2025-12-19 19:17:47Z,0x40fbe2aa9bf87be0d88420d98c147adcd884f2ca6a9761fc77fefd0e4e37bf34
0x528a77189685f690840571d747b0e882a0c437a4,1,,0.097905,2025-12-19 20:50:59Z,2025-12-19 20:50:59Z,0x010de644917e0f3b0f4d51a3cc519545ee5872f70be2301c33cfe07b28e2f2b9
0xec58c330afbf058886163a2ae736a5e4e67bd40d,1,,0.098286,2025-12-19 22:52:47Z,2025-12-19 22:52:47Z,0xd003849bba1ef9f46a56180664d6a8640d014b604b9ff53ab5727203055fd427
0xf551d11fe7d5d8a2970097414178699516fc8b3f,1,,0.097935,2025-12-19 23:54:23Z,2025-12-19 23:54:23Z,0x7f6536caf640c06d6d8b039ef8ecfe0c93d04e2f4506cc7b50f3c64bd3b950fa
0xbcb927c94e9a721769a7ec0e51abd21feb1682f3,1,,0.097956,2025-12-20 00:38:35Z,2025-12-20 00:38:35Z,0x9796998ebd6c5f814a6d4ed77414d5a3c7831c02c65246dc5e05c54fe4338eea
0x35f82803ef69943a458df95979d6693daa3c0726,1,,0.098286,2025-12-20 08:06:11Z,2025-12-20 08:06:11Z,0x00712daafc945acc2ad00e3bc6966bb431b81f1332bfc3b8a5a9e55b32b35bcb
0x5020ed6aaa0fa4b4071040623d3af1353802446e,1,,0.097976,2025-12-20 08:34:11Z,2025-12-20 08:34:11Z,0x1469381f48ddd05b888dbd0358c57c902a33b1103ec88c24f33f5ad003c97013
0x54ced65708dc4b46d0e2c54f31f66557719c1a4e,1,,0.097955,2025-12-20 09:05:11Z,2025-12-20 09:05:11Z,0x5a0bed66bba0c54d725d82b6667e2b07fa0b21a7e247ec5fdf606a038efb4647
0xdefac9ba567d266175f1927348d8346e4cf89b53,1,,0.097954,2025-12-20 09:34:11Z,2025-12-20 09:34:11Z,0xb62f530c26a2cacbe8088a49c94c25cc44bc002ca746fa610eb491793c22adba
0x5a1ad118c517ef129b09b2e59476c41f4cc7097e,1,,0.097905,2025-12-20 10:10:47Z,2025-12-20 10:10:47Z,0x690a03c9c8e4da2a123f19044322b63ddd600c14a89cd6d30c5c96c85acc9d06
0x07254f4857d727b770a0ae47e323d8e00a2ba471,1,,0.09795,2025-12-20 12:19:23Z,2025-12-20 12:19:23Z,0xae41b0ef12801be11dd2677dbbc4c392da84fab4b2e0ed92002bad674c63a62c
0x181778e2565771c6976cf8cdc407aa75752626cc,1,,0.097975,2025-12-20 12:22:59Z,2025-12-20 12:22:59Z,0x0b80f79d577ca176e3d47fe18c070bf2795534e07711c6a43344f6821d4d7d69
0xc4dfada19969f2f5810d56461fa6ab9ac67e727f,1,,0.09795,2025-12-20 12:24:23Z,2025-12-20 12:24:23Z,0x3d2a40e4087fcff69de39387d6e62a98b73d75c3a255a7201154b806bee61801
0x39315ad28364d2a8644887b03c61163a4eedf47c,1,,0.09792,2025-12-20 12:28:59Z,2025-12-20 12:28:59Z,0xdc59b792aedc8fa17a9a0bf03ec57b768625a99a00e5750a63d2af027ac757a3
0xcb7ddc5caafca379bbd815d65430460f1d08ddd7,1,,0.09792,2025-12-20 12:49:59Z,2025-12-20 12:49:59Z,0x3075d8a9b660112d2508d47e5c9f558945dc6637b231b8ca153fc0981c3d1f3a
0x2c08950dd1ac17379aa25a300327ea1fa3d29654,1,,0.09797,2025-12-20 12:57:23Z,2025-12-20 12:57:23Z,0x20ddfc8bcc2ec80ac7b9654a37315c9e7d12008ecb258dcff1b06cee5cc0dd8c
0xe4defe70cca58e38fe24058d8f1b95b0e6e83b6f,1,,0.09792,2025-12-20 13:00:23Z,2025-12-20 13:00:23Z,0x260f35cb800d4d2832a4bdb2e975eef783204435b0efaae8046f4cdb3c9145b1
0xc81f8e38a7cb451027790ce78ddb0da812599f15,1,,0.09792,2025-12-20 13:07:11Z,2025-12-20 13:07:11Z,0xb0f601926cbf25a355b37d9f67bf3c66465a39361249d5be66e1deda65385b39
0x6ab6ca2ca04f7a6275b067af2482f12bdd91514e,1,,0.09792,2025-12-20 13:17:47Z,2025-12-20 13:17:47Z,0x4707577c1bbe9d8114f888da5070e03beadb85d2fed9ca19583b6434448e234f
0xdea0bed850f07c5bb4068ac38438707f1309c189,1,,0.097968,2025-12-20 14:50:23Z,2025-12-20 14:50:23Z,0x6a8c84dc878df64cd0b8a0da5138bbe0a4eb4cb8428bd3063d5cc570a57881e0
0x8cda029433b18d53d311ad21112e869fdbc50dc5,1,,0.098276,2025-12-20 15:01:35Z,2025-12-20 15:01:35Z,0x9e2198c155f0a21e489d078a5833c357ec5244f81397760a5a6c9773c7943cd2
0xf0ac19abb9384d3916996fa509315bd96f37a387,1,,0.097936,2025-12-20 17:49:35Z,2025-12-20 17:49:35Z,0x8d51ac75077dd90d008e6811ef0bb01e9d6c2d03ff2dca5f38eb2ad70e10e245
0x1b88c68b6a9f87c303b851cab043602040337f96,1,,0.097976,2025-12-20 19:41:59Z,2025-12-20 19:41:59Z,0x683ec21fb623ace316750b2e278f572882d49278397250aae4f65ac8cd889cbb
0xbed0a810cf512dbb535b291ca6bf06bcb965cc84,1,,0.09795,2025-12-20 21:08:47Z,2025-12-20 21:08:47Z,0x04b394b8195607a667fff6768ce78139bb46cb6355c9c4fec070a9db934a37bd
0xccb472fc7aef90b7c53e50eb21ad631c183f3f74,1,,0.09797,2025-12-20 21:18:35Z,2025-12-20 21:18:35Z,0x285cb9f0f238c4e855f7bbdf14d8544080d84c2f3e0e2dc3cc16a9933530d303
0x0b6c558a55968c58da85d148a6922c76364446ef,1,,0.09792,2025-12-20 21:27:23Z,2025-12-20 21:27:23Z,0x9e1fbf7523431719ef7d0ccb9c95379f697178389580feca78efa5d910c0c888
0x14352b72ea41b81867f294705b22a87b44a8a926,1,,0.09799,2025-12-20 21:29:23Z,2025-12-20 21:29:23Z,0x185f6bf0aaaa1718b01ce894d96f4fbfce62a4a1d5078121ced94368e9918a9d
0x76b4b8db9f8f2cd32d7045684c7ad3b70cb6eb98,1,,0.09797,2025-12-20 21:30:23Z,2025-12-20 21:30:23Z,0x0dacf9a287d1e156f5daeafae6c7efdfe205a44533b3427c10ea15a00d95585b
0xf0bd825bc499c3b61f8710d7c9c430f45c02ec87,1,,0.09797,2025-12-20 21:33:23Z,2025-12-20 21:33:23Z,0xbb9540ceff4dc2b863975a735b1172467e34db79ff1639aba509b2d6eeb07049
0xc9ab891c758dee4c66783123bb8bae20420cb6a6,1,,0.09799,2025-12-20 21:44:35Z,2025-12-20 21:44:35Z,0xfb19fa888cb90f4f24e209f9a949f099576f0e6ed7e184ac4e0d283349cd8cf4
0x07cb9ed7a5f7a5b15eb6e09ff31270a0748fe334,1,,0.09797,2025-12-20 22:03:23Z,2025-12-20 22:03:23Z,0xf770ba5d30e6368112bd10ed1ed3f3ba3268cf978e22887c3ad21421a41b5650
0xcc0e0242037e34f19541e2fb1fc0e5fe70340005,1,,0.09797,2025-12-20 22:03:59Z,2025-12-20 22:03:59Z,0xe22af80d3a081ef96fe8d7f3fcab06c5f5f542c44669915e2f8adf25927c1504
0x5058daa4c0bfd2fc1d6d584fd658b0d76acec69b,1,,0.09795,2025-12-20 22:05:11Z,2025-12-20 22:05:11Z,0xb85a8cbbf55d17ea4a3c92cd33d7ccfb1332f6de536fd6663442a2d409682060
0x91a01befc092b517d736bd9b6fa30bec43f9938c,1,,0.09792,2025-12-20 22:12:47Z,2025-12-20 22:12:47Z,0x69c9a48914686faaf64951a9aadbd28588f5d0108d16d4f11d641c1e11138096
0xd599a7b8e1261b55885ead3acdbfff13ce31db0a,1,,0.09799,2025-12-20 22:16:23Z,2025-12-20 22:16:23Z,0x30a40ad34fcfe20867008d5b1ed3627e3253f9eb04f687321d550c1dfee20c61
0xda63e8088c7eefb4a95d079eaac6e5d6ac25fa0e,1,,0.09792,2025-12-20 22:31:23Z,2025-12-20 22:31:23Z,0x62debd61472b02229ce613ee7d17d1220432c1132956d9ee9b585c49d0c38d3d
0xfda237727ab051bebc04a933acc7684b2e07747f,1,,0.09799,2025-12-20 22:44:11Z,2025-12-20 22:44:11Z,0x40899080d586de5b77af57768b71d9ab57e81cc6125977f5cfc2b97375403834
0xc8d413b2fcc2ba49acfa77ae7c2eb73bc26c9b22,1,,0.09797,2025-12-20 23:13:35Z,2025-12-20 23:13:35Z,0xb8da53c8a24befb6934b20dd768f3c49e53d0a8bb8c83bc136f37a0f171c9a3c
0xd80ace03c283167498a8bf3faaf6d3b28506d1fe,1,,0.09799,2025-12-20 23:16:23Z,2025-12-20 23:16:23Z,0x062cf0eb23f72c7d6ab769317b18d0f72e1fbde099d0a5d0f03090bcbe7fe242
0xc3339d81e41b33646b61b8ab1016d1efedf85c30,1,,0.09797,2025-12-20 23:20:23Z,2025-12-20 23:20:23Z,0xd1beab5c5df272ffc16baf14ea775270103df2011a83e36ae51675c7e4223ccb
0xe309115309c651a23a9e93b1038e0db106d8db63,1,,0.09792,2025-12-20 23:21:47Z,2025-12-20 23:21:47Z,0x47ac0d4daa94b795dc5e42866d6f85f0f4db1d5fa9db2b3d5e58f11bd22c84ea
0x7d2d520fd0cbba962ac067c0262f245519a7baa9,1,,0.09795,2025-12-20 23:32:11Z,2025-12-20 23:32:11Z,0xba4d8400d8c41e597478593491be197bb4aa36be624a8ae38d368bebfa666419
0x70c23c2e1f81a85c0178976b8cb3229847664251,1,,0.097905,2025-12-21 03:21:23Z,2025-12-21 03:21:23Z,0x256a6e8b2ddff2f17bd76dc8c98920460f24d1cda5236382eae8bce10ad16e97
0x7486c553e42c4180f873f65717c546af950d6721,1,,0.097937,2025-12-21 03:42:35Z,2025-12-21 03:42:35Z,0x61ad6f27e58d64a1433463baff62c3b37c7bd5fa29d08bc07b9ad151cd368c52
0xdc230ea44513de2c1df6f5c9ea404cd2d20dfe90,1,,0.097957,2025-12-21 04:22:59Z,2025-12-21 04:22:59Z,0x2727fd141ccf97da1e0e200cf21e2428aa214bf4247bedef162450e0ebbd4a02
0xf0eb345881a89548882ce59c13df8a10c5df18c7,1,,0.09797,2025-12-21 04:54:23Z,2025-12-21 04:54:23Z,0xeeb829882db421cd10ab34ff55012901829f6de8942bdda8b5ab344f55186b3a
0x2add0f08f5f396f2c1d75acb2e5627f008d0fe45,1,,0.097956,2025-12-21 04:55:35Z,2025-12-21 04:55:35Z,0xf3fdfc1c6c3852421da0d6571cc52bb6926a3e5b8bba34bb638c003bdb49a5b4
0xb764a37e973a76de1fe85615dd3416a5fc519c9f,1,,0.09795,2025-12-21 05:08:59Z,2025-12-21 05:08:59Z,0xcb12f4eacc729d499b1fc9911ee5bd600d505a18185f7f42a6ea9d0572c6e553
0xa1b074e388f17385c2c97c3fc84a727e292ac870,1,,0.097976,2025-12-21 07:50:35Z,2025-12-21 07:50:35Z,0x273b05868ad388d6add6770fd5ae0d6cccb64fbd1f545fa44d5118d2401871d7
0x8b8727da1f378a73d7f0b7509b2edc6c336e6595,1,,0.09792,2025-12-21 08:15:23Z,2025-12-21 08:15:23Z,0x6c2669f9293e4fc937b58d04d662d69364fe02471cb3bb0f544ccc68680ce6a8
0x93bdeee7bfe5996bc62bf2a22e52e8af180e8a61,1,,0.09795,2025-12-21 08:17:23Z,2025-12-21 08:17:23Z,0xc1173b323f1a2a546a177f2822acaf2a3459c9b8f9f181384e816f6df627c0d0
0x83479bc999b31cb00b842d009ce5d6a8012f1786,1,,0.09792,2025-12-21 08:21:23Z,2025-12-21 08:21:23Z,0xb73d686834b712d378bfcb8fc61f74236e68aacedf89cd377151096a9c7a143f
0xdbeb59db8bee10b344f9a37a261391f58287fb57,1,,0.09796,2025-12-21 08:23:23Z,2025-12-21 08:23:23Z,0xdaa624d5644265dbf30c070bcde13e6324fffe020ab3799505be1afd4c0284d2
0xfce5ba359f3bdbc60939c1c02f57f81540c96d27,1,,0.09799,2025-12-21 08:29:35Z,2025-12-21 08:29:35Z,0x231da3f1e4aa0dd5ffa7245b711f46d99afdf8ebac164efccad239cd52b358c3
0xe52c31e808f9a3c76e4f08b39f8e1856dbd8967d,1,,0.09792,2025-12-21 08:32:23Z,2025-12-21 08:32:23Z,0x290f22d7c37e49cce4ea0b3844ae9aab057afdc04c7bf7152874b86fd2b17535
0xda4bdd66e2a4538ae2a622b5fac24594c33517fa,1,,0.09792,2025-12-21 09:02:11Z,2025-12-21 09:02:11Z,0x1b98ae02615aafaa08c3de891dd6c81b492db9a761d9d2173299b19277c6b0f6
0x32ed0dd0537de11920bc78043185b55843bf1dd1,1,,0.09797,2025-12-21 09:03:59Z,2025-12-21 09:03:59Z,0xa7c22102277e7aa08726cdf98fa16a525805e1f524eef3b9e7b1608d6fafd1d4
0xaf453fe3e15ca54ae50dd8ec9ad258cf827f5449,1,,0.09797,2025-12-21 09:04:59Z,2025-12-21 09:04:59Z,0xdedbb65cbd85718f73ccc97b78e536acfcc8cf6ece761d60b3b7def36d4cc58d
0x79b77662361fc9c439302b2ac12300c717d68429,1,,0.09792,2025-12-21 11:08:23Z,2025-12-21 11:08:23Z,0x6dae744baf87cfdebfde8792d61ad35f5b4b0d100f6d5319f8be1766d8192e1a
0x65b5433edc9a52fe79bfe7c7a25d8a9557ae8eb9,1,,0.09799,2025-12-21 11:15:23Z,2025-12-21 11:15:23Z,0xfd14b0fe7bc7f636272bf87f189849da671b16d6ef87cf3f85129cdb1ae45674
0xccdf2d91c8dc29c17ed658f6e7153c90b067a9d2,1,,0.09792,2025-12-21 11:23:35Z,2025-12-21 11:23:35Z,0x573bb187cd42ec8459ae30628034901273581496eb94ae66aaf3d52b4a0a75ae
0x6e9f9ffac70896bf351774a7fc3397249d334d4c,1,,0.09792,2025-12-21 11:23:47Z,2025-12-21 11:23:47Z,0xf464e902c07e0b5f230e0604d809176db930df949422ceecc9dd879787c37c65
0xa41ad3304d5921ccd5262a95199476f63fcf5fd9,1,,0.09792,2025-12-21 11:32:35Z,2025-12-21 11:32:35Z,0x9ebe3c297fe1a1f686f7d8fcb588aaf4e2623cbfab26a18ba9d4dae5148f583c
0x7d8de1305cc4060184086870401ea6f998150055,1,,0.09792,2025-12-21 11:55:11Z,2025-12-21 11:55:11Z,0x696e758b8de646ddb044a39509533535247ea97b146d57bd35d498b32992620d
0x1ed43e87293acff7fb0f6309ef8b4ac347461a3d,1,,0.09795,2025-12-21 11:58:11Z,2025-12-21 11:58:11Z,0x957c3c664e8fb9f6e3211b802fa70263b7885f1ff1b5f301112258301c0521da
0x50faf91e495194ed112ae0edd92ad8f288eccd32,1,,0.09795,2025-12-21 12:12:59Z,2025-12-21 12:12:59Z,0x3dcf719bfc337b89dee82541cd9431b0aba97b18daa9481fb014fc3c6e264f9b
0x772b3764babeb69d9869f54cc0a976fa38f5cb6d,1,,0.09792,2025-12-21 12:23:35Z,2025-12-21 12:23:35Z,0xde55d36c3a4b98dffab04f9198b1a287f6e4b8f0e4ee97641f5052c65c8a0880
0xf993199af998ff981465a6e1967629ae56342208,1,,0.09828,2025-12-21 13:14:47Z,2025-12-21 13:14:47Z,0x9e8b1920fe752f17d49dc64505446277ad8cfcafb187c7e55d826363df5d24f4
0xa786937b397837712ec0d2763ce72da6fe733911,1,,0.097934,2025-12-21 14:47:35Z,2025-12-21 14:47:35Z,0xf763c0bf4ec2aea9430b329a5fe976f3a1fc4fde798c8f4540da324488a5dfb7
0x7805aaaa6cc3a4bfbfe75f22cc84ead586d54648,1,,0.097905,2025-12-21 14:50:11Z,2025-12-21 14:50:11Z,0xad6e7e4fad37ff8a7e60037e58d8abc7b70b3325e8944da3960190dca16e6b4f
0x8afe368a6aa8557e5722f63acf92ea203e75c73c,1,,0.09799,2025-12-21 15:55:47Z,2025-12-21 15:55:47Z,0x498e0e15cdfa26d21aca34e53004b6a7fa25dd885ec2905ac84efe4ec5f07e56
0x4b26d2685082e4e1abb19d8f62908345aa1bf196,1,,0.09792,2025-12-21 16:04:35Z,2025-12-21 16:04:35Z,0x3271bf18a988f96f2ca75a8e464e98c98ef8c8a28fadd52e3f84e0a66157c451
0x9b58e1ea288bb7b3e4281fcae8f6587998762662,1,,0.09792,2025-12-21 16:37:35Z,2025-12-21 16:37:35Z,0x6a3b934a037ac3e3e44778ac92658ee61e96a1a64ad9eae6386862dfd5af3296
0xf35295b200a8ba4e23dca8fb63560abda482a408,1,,0.09795,2025-12-21 16:38:23Z,2025-12-21 16:38:23Z,0x6d417643e86c9def2f109aa84c03eda468aa518eb8c546fde7bcd393ca3486ae
0x847dccd7c152c14a1391f6eed494b84546c06040,1,,0.09797,2025-12-21 16:40:59Z,2025-12-21 16:40:59Z,0xc34b21cd5266ec56412c37aab22f6f88f27807acdc05d471bc1c3bf96ac85a40
0x18dd3a1b797c56e3b3ad0e7940ebe0191ec95a03,1,,0.09792,2025-12-21 16:44:23Z,2025-12-21 16:44:23Z,0x0fde9b440e948ada20e5f3182d6fb830008a51558d5f3b6f8d29664b90cc36fc
0xccc7c985c0c3885fc1c2fc711fcaabc732f15c50,1,,0.09792,2025-12-21 16:54:35Z,2025-12-21 16:54:35Z,0x346e31b7d7f23842d0b3dc1ab40a51b12ec20b39eb55a9c605ca5f1d3cb5d581
0xbb9043adba212a67cda3dedba12c2e0c92ec052f,1,,0.097935,2025-12-21 17:41:35Z,2025-12-21 17:41:35Z,0xfe2062d6cc9c45b71ba9b17c5712bc1f84d648cca32fa4f71e701b940d8c76d9
0xa2fea024e477f0999af53db56fc40fe355ff895b,1,,0.09799,2025-12-21 17:41:59Z,2025-12-21 17:41:59Z,0x4554724ca20b76b05cff008dcfeae966787654103aeeb4a49efacec9b7dd2d2d
0xc491823a0dcd58a04281b93ffe3f63f6fced10c6,1,,0.09792,2025-12-21 17:45:23Z,2025-12-21 17:45:23Z,0xb31291f448acf4633499e4f5a4458d13dab263b23bb54af39fc3bbb7c608e41a
0xe5dca0195a701dbd31f7cb2d0a31107d98121de0,1,,0.097935,2025-12-21 17:47:11Z,2025-12-21 17:47:11Z,0xa76cb62ace41522ed200cd93e9a94c93918b139dc8c94571bee55d0e4dc43725
0xec43d5b41953828a4616a480fafdbe382b52f7ef,1,,0.09792,2025-12-21 18:04:59Z,2025-12-21 18:04:59Z,0x1e571f1d466b41a9c0823f1f2b97cb8558af6ecd200df432fba2d9136ebb4632
0x553cb592acbf897c3661b6140bd8fd227b9180c4,1,,0.09799,2025-12-21 18:08:35Z,2025-12-21 18:08:35Z,0xa550a741039cb940570ece6713ca080106280e7d7be178147a148985381f1242
0xfc87ad769c70760bbe2c1c8683569620f45a7004,1,,0.09792,2025-12-21 18:32:11Z,2025-12-21 18:32:11Z,0xfb8eea14d922271c24cf124ab4ce63a9086a861d6a8b1a92bfb85ab8204f5ba2
0x36bd86c00d4d202d359977e91f64304d7247d976,1,,0.09799,2025-12-21 18:34:59Z,2025-12-21 18:34:59Z,0xe7d3dff0ceb4016ea10546d7cf2f6193c5f7225dd2c63f6184808a7a494d948f
0x4b040adf1c79f7b8d205aa8c2872ec682f51c6b4,1,,0.09799,2025-12-21 18:43:47Z,2025-12-21 18:43:47Z,0x53c2fc00d7007b812005114a84f9fa3f240792a44d7e12b642308d379058237b
0xa5b66fed427c0a77318ef11445a5c2cbcade555e,1,,0.09797,2025-12-21 18:44:47Z,2025-12-21 18:44:47Z,0xf3a94216c050e56ec1c49df3b9f8aa8847fe8ff4025aea35e1b4606348943641
0xb8bc33d7f36ec0307c2c2499d7e23276aa93502a,1,,0.09792,2025-12-21 18:56:47Z,2025-12-21 18:56:47Z,0x674ecb0509da79e3cbff18b9bbb99ff780f990a647a687ee09230bce3cfa16ee
0x7d74d5c2863338b67da797237d1e3bd5f2a17a58,1,,0.098284,2025-12-21 19:58:47Z,2025-12-21 19:58:47Z,0xff0dba5ea5d293a87dc16e2b07ee60689c940e61e32d7cc0a1bd9a459aaea16c
0x2358605a1447cae5f970ccaa7350904f49da718d,1,,0.09799,2025-12-21 21:07:23Z,2025-12-21 21:07:23Z,0x7e16d7b369d1b0f520c8644afca0bc1eec54fe60b043f7f0b15bc1abc74886ee
0xa892343bf03b2f4735e8eed317ed421f68fef300,1,,0.09795,2025-12-21 21:16:11Z,2025-12-21 21:16:11Z,0x962723087d769bf49b01650b70f6950e17bcc360214cba51dfb1a50d88bf21c9
0x4711ed80a64ebbd7cc14439d3cbfb427e5428075,1,,0.09797,2025-12-21 21:18:59Z,2025-12-21 21:18:59Z,0x6b7f1459d9523812530318667dcb2c8cce312db16f387588c5e70685e92cab64
0xdd235214331fc23dd7050d968e535727a5149de5,1,,0.09799,2025-12-21 21:24:59Z,2025-12-21 21:24:59Z,0xf6c9e917c21aa9c9183c2899b2863f1109c9de0520ffb1bc2913005b52fbba1f
0x1b66bbd40385e1aa0cde0ac6ad78759a9cea8b9b,1,,0.09797,2025-12-21 21:58:35Z,2025-12-21 21:58:35Z,0x6db0b99fcb78b301ede1161d1cd4c253d73fd0abf9a112f972b53fe04c550070
0x5c65cfb46cdcbaa4367ac09fd38253fc30580652,1,,0.09792,2025-12-21 21:59:47Z,2025-12-21 21:59:47Z,0x90960e93a33f935ee528f64a0e7b78cd539f8520c5ba99c494c4c5edf834b144
0x914bc6d9ba8f4778bbd966861c5640ebb381bfc9,1,,0.09792,2025-12-21 22:05:11Z,2025-12-21 22:05:11Z,0x261b7d9e74120647f674320bd89b763a79710072a32eb0262979dd86625fcba1
0x2028de1038ad91b85d44707d94da1df1c7974ac9,1,,0.098285,2025-12-21 22:37:59Z,2025-12-21 22:37:59Z,0x983e7095714d021196ba6c01de999fa99f864334bb94366af51b1200b095c9f8
0xdf214bd0a4b068df3824d3b2076aac7d5a2c61e0,1,,0.09796,2025-12-21 22:40:11Z,2025-12-21 22:40:11Z,0x79e132aacab1d1b227c692c509a38add178e5f820d175ebd97cf0512d532132d
0x66546c2f5e21502af05b0857e7842070d1b9222f,1,,0.09792,2025-12-21 22:46:47Z,2025-12-21 22:46:47Z,0xe891f94cbd5d1b907c79100b0f0ca5c6b13f19ac7dd846341344c061e3acc908
0xadaef25791079b9b6fd053012b11c3d6b4f7777e,1,,0.09792,2025-12-21 23:02:47Z,2025-12-21 23:02:47Z,0x37b51987e20bd9dafd995c64b9785c5cac888b3e51c7106e6ca3635086eb4cd2
0xa1f04d678aa9ca163e208d94de90a401c26d3701,1,,0.09797,2025-12-21 23:21:23Z,2025-12-21 23:21:23Z,0x69979fd64d40d2c3c7f41e035cf24c251af39abd124307c01dde7a38ab24ddbf
0x05056a911c510843600634e3958d0f82c9e42fd8,1,,0.09795,2025-12-21 23:32:47Z,2025-12-21 23:32:47Z,0xc74c14230426c40b3a1734f36b0bcca41a682ab46f5b8a82cb864d543dd139c6
0x03a1331fac155262c0be2a6ae1127b2e508357ad,1,,0.09795,2025-12-21 23:34:35Z,2025-12-21 23:34:35Z,0x41e23601ea38db860f8d126386a6b0ac32d5cf59b78034160bb45ecef28cf09d
0x40906b7660ba06532ec0d6ef05a0ddcc9d67cfaf,1,,0.09792,2025-12-22 00:53:11Z,2025-12-22 00:53:11Z,0xae260b3497f83b825228e5eb8f5ea179ddce1fa1f6eb5bc0061e7accbd636dba
0x8319ab81b7db7b77f26ce1b14e0307a763e272cb,1,,0.09792,2025-12-22 00:54:11Z,2025-12-22 00:54:11Z,0x64310239f7658d3bfac50502ef37f8681d0c7df9ced0ff0773393fdbbb49752e
0x6cce22fdba8be8cf79fc3a0ed781151ca9a96166,1,,0.09792,2025-12-22 00:59:47Z,2025-12-22 00:59:47Z,0xf96b2fa446c46dfb011db77cdc47f4aa81375f7c6f4739240cac9076fe7e4000
0xc503c1a9e143d3775226b4674140b2729e7980f9,1,,0.09792,2025-12-22 01:08:35Z,2025-12-22 01:08:35Z,0xe7db9933021455196cd017f5079b3bc32e108d11ccff6b67b046d94bb1145fc4
0x0ea537740f5c5f33a311c20952cc4bc1b568f19e,1,,0.09795,2025-12-22 01:27:11Z,2025-12-22 01:27:11Z,0x1170db9cdee260fc3acca299531c6263139fe688cc0df3446b299456a68d315b
0x04ca4b4825c10766887d8c47b3de07ded6b27376,1,,0.09792,2025-12-22 01:31:23Z,2025-12-22 01:31:23Z,0x51805606922c6f3e632236b9deb9ed94148ddca491c097a8350681f94791fc94
0x069d98bb89e917b0015cf34af79544dbacaef42f,1,,0.09792,2025-12-22 01:35:59Z,2025-12-22 01:35:59Z,0x95a5ec564ebbd63e5d951a5a48a7af5f8fa71e3d3dd555674e94afaea62c9d58
0xe09cfeb319c6c932e78dc3b22c53b02f3e8f3a6f,1,,0.09792,2025-12-22 01:55:59Z,2025-12-22 01:55:59Z,0x71db9d82d74758cf5d3759d87590d0838f7717cae35ef2ae312899a0d9042fc4
0xb1bca53eeda3deb45bf5364922736a45fb338c3f,1,,0.097931,2025-12-22 01:56:47Z,2025-12-22 01:56:47Z,0xd6f7382f09e2a17bf28ccc0c1d461e90133181a391c72a9a2e33f0e20bbcbc85
0xf0bfb33ea3b773df8dbfa909a47d273e54fffd7c,1,,0.09792,2025-12-22 02:44:23Z,2025-12-22 02:44:23Z,0xa21445c8c1c67152f0946606ab8ca8fc4b7610486a529f0bfa0de154aad1e292
0x06fa3f5523cdc298864ea17f9987716a2713bae1,1,,0.09799,2025-12-22 02:54:11Z,2025-12-22 02:54:11Z,0x1f3fee2296004fcf8301d5c1498d9b5b94781915906aaac96a7762c576be7886
0xc4482ca63e816f47648c09fcee128b2cef1c3537,1,,0.09792,2025-12-22 02:54:47Z,2025-12-22 02:54:47Z,0x88ffc71b3bfbfcb5e4d00e6c0331ec27ca8ccc27785b82106eb48cd981c95670
0xdc26763f34db5cdafaf007025454b67fb4963c96,1,,0.097906,2025-12-22 03:21:35Z,2025-12-22 03:21:35Z,0xbd3b348e7c97f13c267de343d6454cbf5a3a05c55882b0d8a37b12cecc8ad1bd
0x888df87251282dedce470f429f8eadae73c1cd87,1,,0.09797,2025-12-22 03:33:59Z,2025-12-22 03:33:59Z,0x7bcac75d0f1a4143b889c5d1707d6ea121e4a314da6973c144e2698df31c35b6
0xef022e84d2f398ca08e2d8f686348ad2fcadbdb1,1,,0.09792,2025-12-22 03:34:47Z,2025-12-22 03:34:47Z,0xbe3d936f3afaae62db8510096ca261cce6e398b51716311d260abd43f74e0583
0x0553287e76848b52d2d20cc3f3950d264617bd86,1,,0.09797,2025-12-22 03:34:59Z,2025-12-22 03:34:59Z,0xe89a782ba9147889caf76e59ad28cd9cd62f4295e6be7b62a380c865f1af9238
0x06acd54e8e8dcdbca1dbfd5b4869ce8cccb1a4cc,1,,0.09792,2025-12-22 03:41:11Z,2025-12-22 03:41:11Z,0x0e317753541365126776adc3a1e8761c27b099996e380f9c0643be2ad2e8de37
0x70976346838a1cc408939538452059076a0f1298,1,,0.09792,2025-12-22 03:46:59Z,2025-12-22 03:46:59Z,0x6b613fc2f781bbc197f1bbf91ba5cf1479a2871e70ae2447a38d967d2ff269ce
0x5d6557b276846f4ee16efca313c3253f59b699de,1,,0.097956,2025-12-22 03:47:11Z,2025-12-22 03:47:11Z,0x16a213bf1bb6c25bf9ab65f413c53e6ca2455ca0c78736f24a90ba938f00cf0e
0xc8518677bd69bed6128aef898d692b5b94818e8b,1,,0.09792,2025-12-22 03:54:35Z,2025-12-22 03:54:35Z,0x0ab219498efdc9ea5ba117bbf2295cfc2064dc4f94c81622c9c07700c8de724d
0xdb0d0daa45017af5c9747484f6799fad2aeb24a4,1,,0.09795,2025-12-22 04:19:23Z,2025-12-22 04:19:23Z,0xe225b4b022793efdcf09aef3e4f76017a570f5aa4012b5c17d10b6d6f6edd306
0xcae31a2fe5bba35777bb5eb3cb03940ff5b42589,1,,0.09792,2025-12-22 04:31:11Z,2025-12-22 04:31:11Z,0x501fca6db30d6baf41d4e41b5033e3084cd68b71de5637d26988ed166207face
0xc7231a0b5ab85a24b8917fa0dfa089b332a6655a,1,,0.09799,2025-12-22 04:39:47Z,2025-12-22 04:39:47Z,0xae00f9fa077a764d1f00671b2f0e17371ebb52739808c7b6b90144b2868126e5
0x35551c00de23826a13560c734d6dfc57b6dfc8e0,1,,0.09792,2025-12-22 04:42:59Z,2025-12-22 04:42:59Z,0x52f745ea05f44768a179e9cd87fabf5005898efe933e2126068854b2a44c5462
0xbb7e501f282fe9238f525a117add11daa60b9f92,1,,0.09797,2025-12-22 05:08:59Z,2025-12-22 05:08:59Z,0x965d839a5e3517ef721d183b244e670267be20d21a251c073e895e03774a84fa
0x6c8402ba06fe98d95efe435735b9d09e3e10655a,1,,0.09792,2025-12-22 05:23:35Z,2025-12-22 05:23:35Z,0x4948f4b879d4ac0bf8c101a99519c90d27e7b92b81370cd70a18f6f05edd31d8
0x1e4622afc8046052a784c79f63ae8366b64ca83f,1,,0.09797,2025-12-22 05:52:23Z,2025-12-22 05:52:23Z,0x3e1618c0ea893b9ac3d991b5325feca58062b6cc0762c0fcf7acb3b75f7d74db
0x1e5b6aaecd2ed376050bd541340de70abaf510b6,1,,0.09792,2025-12-22 05:58:11Z,2025-12-22 05:58:11Z,0x05b1c71016b3a06230478223dae2ed2ff6aadb5b75d1a84b420ba88d60540cf3
0xac5430ec10b4ee7fc582f7d31c564d72e8279dae,1,,0.09792,2025-12-22 06:17:47Z,2025-12-22 06:17:47Z,0xdaaef0fb33c7fb70b2cd93e2f7dfa01483de099771cd7981a6b0da0ce1b67884
0xcfa9b2175c12069c5cbcfa5b13d0ec60adb924ea,1,,0.09792,2025-12-22 06:22:35Z,2025-12-22 06:22:35Z,0xac768a80b40a96455c65d270002e158e71ce713e28bec8fd8d3a6c350f35b432
0x89e46ef1bb7663a9b84aacaf387e4bc45bf9c208,1,,0.09792,2025-12-22 06:26:11Z,2025-12-22 06:26:11Z,0xa79291c4c7f99c7798c17175fccdc6c98873a440f4db57bb5438a9f3504b1b0a
0xb0966ffe5a2a80c09745cef48a1a664d1e50edbf,1,,0.09799,2025-12-22 06:44:47Z,2025-12-22 06:44:47Z,0xe51b0a1fda5460659a83a8252a8d21c5915b2d1816021ffba0513353fa9acb44
0xbac37a99ef157476918257178c5418be7c3b4559,1,,0.09799,2025-12-22 07:27:35Z,2025-12-22 07:27:35Z,0x650f8cee91f0a35134deffbb6ef46c394eabb651edebfac921d25864919cbbb4
0x1726098a8686d96a1df5c45a5d0e8ab79845f74a,1,,0.09792,2025-12-22 07:42:35Z,2025-12-22 07:42:35Z,0x1bd59871554fb98b43384f086cfe2c3a53d6197989998cb89eb960224758336b
0xd95066afa52cea595bf8044522ff2aa9151a8b3a,1,,0.09792,2025-12-22 07:46:23Z,2025-12-22 07:46:23Z,0xe641f223145bbdb7b414f56a8df69fc499d3506389792275fdff4cef1c2789a4
0x73a0a027daad819b529b70333b16b349e9bb496c,1,,0.09792,2025-12-22 07:50:11Z,2025-12-22 07:50:11Z,0xd0bcf101058df4ee46d45830db64ed509eae9d2eaf59e02dbfc2259e368b9f37
0x014f7635196a07fd99fea43cbe415cb066b0580a,1,,0.09797,2025-12-22 07:58:47Z,2025-12-22 07:58:47Z,0xb22bab4194b0bdc383f91e6181b4c6e4f4d0c5bd713f589aa7c1fcadb75a454c
0x0798b32476b50b986f1b454863b4ca85c9a9e7b8,1,,0.09797,2025-12-22 07:59:59Z,2025-12-22 07:59:59Z,0x9ee5c4a979b98d256f04f9834a4d0d1e56303854d3479f153252ae720746faf9
0x1543588630b8f01c615b6b20216adae8d378692c,1,,0.09797,2025-12-22 08:03:47Z,2025-12-22 08:03:47Z,0xcf4befdb1e48a9d78e388ba722e003ec5079111d0f1c162868552ab763b46d91
0xc3b820d25622e64c2744d75b854c7789b31778a0,1,,0.09792,2025-12-22 08:53:47Z,2025-12-22 08:53:47Z,0x41207d80539d76f79393f75ef78a895efd4e537e4e744bfe73cdefb8bcbdea20
0x7591ade13c93677853d0b6117b388dcf1308787b,1,,0.09792,2025-12-22 09:06:59Z,2025-12-22 09:06:59Z,0x0a8ada5862e90df694a9347cd16af18a59da17e6d7bb75af1f964efa4ff070ba
0xf820efd8aa874702d31db4cf2d1ebf81a1302957,1,,0.09792,2025-12-22 09:21:35Z,2025-12-22 09:21:35Z,0x3bf3cb6b31809affd63755f6ce12676711839b53d7a2e0936c33179218ada43a
0x72a20dcaa4ba97aeb1f092a868a855ada0020988,1,,0.09795,2025-12-22 09:30:23Z,2025-12-22 09:30:23Z,0x3b4825d9ea57fcb8e4c303db8e0d0f3d2fd34db1f3f73a54cd95633d2599b8fd
0x16b2583b87ffc52822d544e734744d3f8f0c5261,1,,0.09797,2025-12-22 09:32:47Z,2025-12-22 09:32:47Z,0xe13307c1a19f859826490f45525743bdd9c5390a2bdf4a6b0f0cc32671319bc9
0xfe5aa218d698072c3bafd9530d64d7c13978c9c9,1,,0.09792,2025-12-22 09:43:35Z,2025-12-22 09:43:35Z,0xc071feb044bde7394d04f6ff3299c7253ffe9a47364243070cdab3a910732e1a
0xabb0131c0233cae990a763ed335ec43a7f06ba86,1,,0.097904,2025-12-22 09:46:35Z,2025-12-22 09:46:35Z,0x20336316d148252fc1264ea7a88a8d4aa2fffb354e25fb8d6705e8ebffb0556f
0x8a266e644f696de7c56aa08a8a519d1e81caab37,1,,0.09797,2025-12-22 09:53:47Z,2025-12-22 09:53:47Z,0x6f0ef17734350b13fe0e427f241edccb7fb67d492176469606ecaaee4c611cc7
0x1300c563067d7014b8888c258d272454eaa2f905,1,,0.09797,2025-12-22 10:07:11Z,2025-12-22 10:07:11Z,0xfb01ea32552fd81bf94774212475d5680f6df9cef0b2d249b29027ebe8f4d859
0x35d0de9a747e6d6c6c59c6081ed7a9a6e49d52c9,1,,0.09797,2025-12-22 10:10:23Z,2025-12-22 10:10:23Z,0x12e230b08f051658e45947024bd3acab380af3c3cf86e496bdbd4c9a44b74b56
0x81fcb7107ed0ddb80c5549f50c28d24f5ec8793f,1,,0.097905,2025-12-22 11:10:35Z,2025-12-22 11:10:35Z,0xc241b1da2006555d4b7b76e3fbb206a389ce158e514df3c0a32aba6b9bea1dba
0x66855bca1f533af13a165f14a9746c4e16733064,1,,0.09795,2025-12-22 11:26:23Z,2025-12-22 11:26:23Z,0xd61fe536dda7224217e29c6589bd7d34924c034e16d472a6618dd133f08f4158
0xdabcc3ae31d76375d503561f951b2c5c59f955e6,1,,0.09797,2025-12-22 11:33:23Z,2025-12-22 11:33:23Z,0x9caa2434d63c28fd1168b1e7ff982bebd7f59eadb77be2467871b062ae377b05
0xf25c0139798c8b598366bdc86f373962ad9c5c02,1,,0.09792,2025-12-22 11:36:47Z,2025-12-22 11:36:47Z,0xbd47457f2785dafa043eb6918fcb3c298ac30287e786aba667bf0da2aa999480
0x4ebc17fb78ed400301ec296699d2f2aabd3d3972,1,,0.09797,2025-12-22 11:46:23Z,2025-12-22 11:46:23Z,0x1dcc10ae87eda4d0767f7983e3e404c27308727829013fda614f14798c053d5b
0x109232977d977a845e2797de11917767f5081343,1,,0.09792,2025-12-22 11:52:35Z,2025-12-22 11:52:35Z,0x03e382bbf0b636c3a18cce785f9bacdb1c692009619ca4520b84ed6c5bbbc52f
0xba9d1fe7568dd895f5f56e25ffe2c71d7ac86df3,1,,0.098281,2025-12-22 12:48:47Z,2025-12-22 12:48:47Z,0xbcd54e606bc7419d830bb3f5dbdd5a3ff5f6e8d9db61485c5bd3506af192c1c8
0x72ed2dc423ed72bdbb16a4a880c4de6f313cf0d5,1,,0.09792,2025-12-22 13:03:23Z,2025-12-22 13:03:23Z,0x6755670188b97e5739d0bfe86edf3957f986e244a8a1e7a0c4b0ad37721783c8
0x597fe93bce140ebb5715644252cfcc1605b923b6,1,,0.09792,2025-12-22 13:05:47Z,2025-12-22 13:05:47Z,0x012c5fad00b40167950d0807b1ccf8673bd4e79db2e3c96008a85647ba17ddfe
0xff851bde66a202d27ba7900bfb4391bb0516c757,1,,0.09792,2025-12-22 13:06:23Z,2025-12-22 13:06:23Z,0xb3a94b87234cdad521fc39a77eaa80a0f674f3821365965f4463494293305d13
0x2181e49f5d44459578ad8748b76485b560b0e3d2,1,,0.09797,2025-12-22 13:09:59Z,2025-12-22 13:09:59Z,0x735f9f707168aa57bbce728e4170bd26ea108eecfc39b0c49ca1fa8c84cc77da
0xfcba12a1c919cf583b08d95b7c6fcf4e9d9634ae,1,,0.097903,2025-12-22 13:21:47Z,2025-12-22 13:21:47Z,0xdb17d3bbb7923732044daacc685b3c4363685210f7c383b27f3a36fb69d1347d
0xc1fc48ba571e14777f5a718207bee5b100d211b9,1,,0.09792,2025-12-22 13:23:11Z,2025-12-22 13:23:11Z,0xd4d63d0082a8dfd82b92256aa29a09f4ccfd3e877e3602b9c29d5d4d817cb254
0xfe9cd5902e9a983cd81c4fa837573b36ec1c2920,1,,0.097938,2025-12-22 13:34:59Z,2025-12-22 13:34:59Z,0x35926ff6336cf2a14bb74b01e38f479d9a52577fabc5a20f0b9082393a2f61c4
0x42d93e97b2cc27a0d5e4a371e6b5dca87fbbef7e,1,,0.09795,2025-12-22 14:13:11Z,2025-12-22 14:13:11Z,0x939ad5682d9c867a89bfd0274f01a7fbf5ee787a6388168258cbc44e988199de
0xeca1ff48afd85d1fa383029b365e152835a8419d,1,,0.09792,2025-12-22 14:15:23Z,2025-12-22 14:15:23Z,0xf6e16a0bba1c601447fe43a9adbd96c6a385aa1070a94531b754e841ca485efe
0xa71ffabaa13047a5ed6ba171633d51f3c48b527d,1,,0.09792,2025-12-22 14:31:47Z,2025-12-22 14:31:47Z,0xe4526728df72d94a1559a4ee9d010de7f47d951a63a816a928aa385fe054b355
0xe47aefe97b516ba54d229802fead4bce99a5d86c,1,,0.09792,2025-12-22 14:34:47Z,2025-12-22 14:34:47Z,0x072b4efa728b817e4f50cef50c79ca3fc2a892bb9179aaf7d44b23fb3447d6e3
0x8c27290b36234174e36d814e38470e4219a66c6f,1,,0.09797,2025-12-22 14:38:59Z,2025-12-22 14:38:59Z,0xe4e050ec52bf887bdfbdc9264792c27e12ff0d5b6862a69e9c28dea67a5a9541
0xa94e851601f3b906d134e0cbf5f09477081e4e5b,1,,0.09792,2025-12-22 14:55:23Z,2025-12-22 14:55:23Z,0x0708da12ba2039c294ad935c73eab976ebbd0212c3e406e5b66b436ecd24d0ff
0x1aac544f1a082bbb95644ec0b91700ba8460f007,1,,0.097911,2025-12-22 14:56:47Z,2025-12-22 14:56:47Z,0x2f6cc6d1f265da9c1e1e5991466913ce906ee56e5d2c4b7adf50cd2c30c062e1
0x3262e5c1f7ccca4fea0779aefe61fc1d7715ece8,1,,0.097936,2025-12-22 14:59:59Z,2025-12-22 14:59:59Z,0xad41a8eeb7a130779d2ebc477a866e966ea5f8cfde880aaf69922cac947b4301
0x5ad6f502078297647724012297a70dcf38091d08,1,,0.097914,2025-12-22 15:18:59Z,2025-12-22 15:18:59Z,0x4edfd03b6479e271087e64b2359049a1a6186dc79a611de03f3067c810f580dc
0x5091097d51827205031a70aa4b409a15875b256a,1,,0.09796,2025-12-22 15:52:11Z,2025-12-22 15:52:11Z,0x6503147514d2ea17b61fb893010d54cdd71eb822afe2cbf92ee297df567771aa
0x091d7f498219d2430f8ebaaaf71f177af10f989a,1,,0.09792,2025-12-22 16:04:23Z,2025-12-22 16:04:23Z,0x42c108a4f80190830a3e33baa526a5561b81b6cda760d76b3ed55c6192fd2d0a
0xbc9c1d7bbb83e756f8a76e51b4889c008f51942f,1,,0.09795,2025-12-22 16:05:35Z,2025-12-22 16:05:35Z,0x8151168c3c069537ebad1c5949d54ca39a4698c5fbfa59129f4d0b7318fe6ff5
0x459ec163263611fb63545fa926f088444db0b459,1,,0.09795,2025-12-22 16:14:35Z,2025-12-22 16:14:35Z,0xc66d540c80955464764794a7f64077a8cef90837fc061324fca4a8fea89cb428
0x10bdea68a27ecca1433735a650a3b52024f09be3,1,,0.09796,2025-12-22 16:15:35Z,2025-12-22 16:15:35Z,0x6fb00be536b0bf45d0ab1f1084a304acb974cf44e400a7e12a2db413f58a40f9
0x260ea18bc662569cc1a2aac5dd99a6c308a5c4d1,1,,0.09795,2025-12-22 16:25:11Z,2025-12-22 16:25:11Z,0x67b3fdb79c18022f736e314649318e599d1dc60f1807648f95841ea5b3c8e905
0x34ee93a7e9c7e6ab22a51a8fdbe50bbcd714a416,1,,0.09799,2025-12-22 17:35:35Z,2025-12-22 17:35:35Z,0x616dab21c864cd292c7f95f75e25cc8001e2c9a736e926d0d53f8b952494a678
0x1d2354c75de4b4c0a7ef940e2f3ddd9587d0cd4c,1,,0.09797,2025-12-22 17:36:11Z,2025-12-22 17:36:11Z,0x0ef2eb9e8bfe9d58d8e114ebe280c8c476bff6ef95666b3cf77f99c0682fae8f
0x88cc1e3fda6c76a96661cda8a027c64d562cf6f5,1,,0.09792,2025-12-22 19:19:23Z,2025-12-22 19:19:23Z,0x7e13309f5571552274f97155dad5edc00d302f6101750457127d8bc33e7974d8
0x6f30f6d77e707264c2e5cd50ac198df5c5d363df,1,,0.09792,2025-12-22 19:32:35Z,2025-12-22 19:32:35Z,0x33b6e196803f105b7081d9b9af5a3cd4c96bb15652bdc6aaaaeaa4f21af26cac
0xa351836037f2b590026756b6957631f79814e4b9,1,,0.09792,2025-12-22 19:44:23Z,2025-12-22 19:44:23Z,0x7e9f4b9645566dc59ef7f8b3104b16305e24e6cad4f5cb6b3cc384d542775e2d
0x6be57e9b5cabac374597cc8982274da677842d82,1,,0.09799,2025-12-22 19:56:23Z,2025-12-22 19:56:23Z,0x5bc257e204dc5f76635ec59f36e4fd30777958e79755477d7f1454f601d50be6
0x9938a87ba8b9e2f95cac7212a62f6060da786c19,1,,0.097906,2025-12-22 20:35:11Z,2025-12-22 20:35:11Z,0xaee65ad29640ee5b37d9bdeaaa18e578ff43c428391d6e50df976a92a4a205f2
0xba76ec8f3e819d1d2700b8055ec09ecf3d2e4ff7,1,,0.09792,2025-12-22 20:37:11Z,2025-12-22 20:37:11Z,0xde5146fd4669c98cd76a8e7e71dfc32000e58663277abb5cf7e45a5c5b926aab
0x99d176cb0257a9b8a7db955d32b9e336fdeaea89,1,,0.09795,2025-12-22 20:53:11Z,2025-12-22 20:53:11Z,0x6f374edd12144dcee0e7bf1e85438da9e7862eb6c67b910f658d08f704575d09
0x86dfda9683115e23d40bfecc45acb1a2e14b3b3c,1,,0.09792,2025-12-22 21:00:23Z,2025-12-22 21:00:23Z,0xdba32fd816c247726cc02d68d9ec035ce7b2b0e10d4621c1dd9bb2ee5caf3717
0x2ec79278cd5a7085d933008d056398afc0f4d157,1,,0.09792,2025-12-22 21:03:23Z,2025-12-22 21:03:23Z,0x7088920f741ec39f0c35d7f4ae8026602daf8bb1068aa70faba498b3f3e9a1f2
0xe727b574789b86415e8eda49b7f8b23898b622c4,1,,0.09799,2025-12-22 21:04:35Z,2025-12-22 21:04:35Z,0x6834d01b317f1c534cf794aabc03daf5ebc6108697661bfab72cee7cc9e55da0
0x9a23b9b5bdbefaa24773db0a9b9be6aff74bcefb,1,,0.09792,2025-12-22 21:14:47Z,2025-12-22 21:14:47Z,0x3bb9494bdb8e7b00096800132cea7852b5a835d92dd5ef4861fefbc036b6caf9
0xdb1c04415c56b276ae5b7502115624a10e7a41b8,1,,0.09792,2025-12-22 21:21:23Z,2025-12-22 21:21:23Z,0xde22eb204119e9c6a8e2c86fe71f6cd707ecf88ea214bde51db55e24d9becc2e
0x036e7b6de01682edbd67feef81330fc74efa3036,1,,0.09792,2025-12-22 22:12:11Z,2025-12-22 22:12:11Z,0xc96e7dbed58279a41b8472b0995ae17de38aa35da64fe250dd4f01952efc1691
0x658d6d034b164b541a87fb5612ef289638ac6fef,1,,0.09792,2025-12-22 22:17:47Z,2025-12-22 22:17:47Z,0xe7da8e0691aa2a5e93fa205242b0ebdd39482015130e5f0d7c47b86594ac3498
0xe3c3a623190f21afe59b371d0f49d9e6903a41b3,1,,0.09799,2025-12-22 22:40:11Z,2025-12-22 22:40:11Z,0xa856ec13953501ecadf163cbfd5d35125be57975dd2a6a083f14ecc728c71421
0xe682f5ab86b12fc6116bb180709f1c71ae54c8bb,1,,0.09792,2025-12-22 22:47:59Z,2025-12-22 22:47:59Z,0xfa62ae08dd2f48df02087ba6b0549eb28132792c92d6cc668a4f360320aa5f30
0xdd42ff2d3caec5032de795e94f4424a246722030,1,,0.09792,2025-12-22 22:48:23Z,2025-12-22 22:48:23Z,0xb84dc128cd3b00812cfd4c43e69e1c878a649119db5108481c28cdb283f019cd
0xd064c0ed3caaebdda74acc74284bdb2ce46795f1,1,,0.09797,2025-12-22 22:49:23Z,2025-12-22 22:49:23Z,0x06f770f768a6893a6b611f0a809550ab22d76395b3b0e1eaee60446a1cf51a4c
0x938a60d6975bc01868ba238a191f261c15cc766f,1,,0.09799,2025-12-22 23:08:11Z,2025-12-22 23:08:11Z,0x94c09266275a5cd131c1a050314df61a330960204945d9a5d7f8242d06d82903
0x056d16a161b98bbdac4556449ff747574709597f,1,,0.09797,2025-12-22 23:13:23Z,2025-12-22 23:13:23Z,0xf7719ab7a4ac92da2a01356aba5cbd8daf3d72bdda81174a8c01996828ba8a5c
0xf038a54cf2f344a698196a5c7fc1fda498a0d797,1,,0.097905,2025-12-23 00:03:35Z,2025-12-23 00:03:35Z,0x8c39823248c9d61ca83f747eade5a1e4f10681d09631fb9b1adb58e274ed2081
0x703bd9bb393eff23abe7401520904b7934bac131,1,,0.097906,2025-12-23 00:04:59Z,2025-12-23 00:04:59Z,0x8d266f729b3ad692b356d51fba47be3417a30c7bbbddef4c569ff8fe42eddd0c
0x19d6f46ef0d6c0599e7cb44e65de5cfc8b65bb18,1,,0.09792,2025-12-23 00:53:35Z,2025-12-23 00:53:35Z,0x7fc81c75843c86b990203e5c47325bbbd9e2fffab1795242c6983cedfea3e471
0xdcfb4e7ff229bdd72bc6eddc99f49a125ec75dc1,1,,0.09792,2025-12-23 00:58:59Z,2025-12-23 00:58:59Z,0xc338b8b1838686c40583f2c9dff5e30ff10fa733a891790fde73f360516ff10d
0x9070c3001e5d9ee63ea0bc39b3e84136ed052457,1,,0.09792,2025-12-23 01:16:23Z,2025-12-23 01:16:23Z,0xc48b42ca05a7be80a57c1e6c10d7b2f88423310b7b3f9e3ffff307e8f7493d35
0x1c5c12cb1c9486f296c0b77712fc44dcd4fa37f9,1,,0.097975,2025-12-23 01:18:11Z,2025-12-23 01:18:11Z,0xe2bce3d6e88cf435fd7b42e671a34f39c387a424450426f649c19a7813bd48b2
0xfc7c78fb75e592ec1777b0335eee2ee447e80b13,1,,0.09792,2025-12-23 02:05:59Z,2025-12-23 02:05:59Z,0xf134e54899c779ae97997ee2dc27934bc513acf88b9f6e63271d76cc6e3ed6cf
0x61f392916d6356038a207a0d5f9467cc3cf4ab3f,1,,0.09792,2025-12-23 02:18:35Z,2025-12-23 02:18:35Z,0x06eb083e03d9f2d079dc0f47db8ce538a140af2ecf8ac838d3b3e67949ab18a3
0x4e59c008d62ad6f6cad7c2764e3c0434988b6e67,1,,0.09792,2025-12-23 02:57:11Z,2025-12-23 02:57:11Z,0x6ea91289a2c8a42c90c58ad26e14fe05ab26841d4abe802eec8a681fda0039f6
