recipient_address,hit_count,is_candidate,total_eth_received,first_seen_utc,last_seen_utc,sample_tx_hashes
0x09bc3d1694412a29682a40880e4801f8e7ae16d0,9,yes,8.95054,2025-12-08 04:26:23Z,2025-12-09 03:19:35Z,0xc415a4d2a2624b0eab7dc99a5843a75451d8e41b8bf3ec75b28366995cd02669;0xeb4ee9b0ad693110c74c793004c63a55e2bb446d0ae5952c6bb7d91395b6b5b3;0xa57151304625ece22d714fa5ef27d06a0b929a52e67cb945c46ec95ac40c65f1;0x80f5ea10e36a4c27b0d930b45eb21835570331acfe9fd15010d3764d9d7c614c
0xb394573ff7483bb63602e9ad58402f6a42d90bb2,9,yes,8.951793,2025-12-09 22:52:59Z,2025-12-09 23:14:47Z,0x74d5a22670c9460b199f9d6b344c8417605a7def0446227a1ab26b1fb76a658d;0xce7758cd3a5974a0a537591fcc82472fdda07972c45ae62d689a664d8d05c987;0x7ea6cb6c574c5744a3b3ab917115aca0bb5fbf1cf90c9d286a555e418c252821;0xcba835f9f901c731c7e19b60e3af458700b50940bb81d822e28ba1c59beb6678
0xefb7fed97deb9eafdb379bdddc53dd2ca40fa213,9,yes,8.948509,2025-12-11 15:54:35Z,2025-12-11 16:03:35Z,0xa1fe7260cabae3ef05fff6b7617cc34beeff17c86099dba8246997c90e509c59;0xfc2aacf8459bc7cc864684f6823468b05000bbbac3b86e3f295a978e5724085c;0x87e42c0d9025cb8b17fe0c70a9a985afb890bb62e8087a3cbc7e09466bab0610;0x1e5aeec41aa3381b6d547f5ee9fa59ebf48a0a08af3e80747161a41fe7b1e471
0xb574747fba3995dd8031f803d7876fda08881dd3,9,yes,8.948891,2025-12-12 17:14:11Z,2025-12-12 17:22:23Z,0x743145708533552488a49c542458f056d6644ea7ba9106146a157e236f210fcb;0xf8b37090399d443376e42313a76ba47b7db73fcd9a742001f3aa926daa8b40b3;0x02bc991f833d3077d03d326ad7cf3ff18d6037f482473bf3a3dc1422cb1157aa;0xdbd59a272a496cdd88ce636e9681b76b9050c1f6f04b41fbaec44ea70a0235d8
0x13744619aac4099a239a7d3c07c42e98cdfb4659,9,yes,8.949295,2025-12-15 14:51:35Z,2025-12-15 15:28:59Z,0xc661e2a6a34a9924501fb7a85507576b02f7f16e5296917cc06bec5231840610;0xbce32137b36a4b4362ddc99d81a321b060b4f21909f419f3cc31cd41d20aff8c;0x4d711f355407a9b0d6e70a59be1fffe3d175ab51fe527433d848118cac92f4e9;0xe7d5c9a1c07d0327ed560dd4a3ecfa032702218ddac26a4cd5db717747855373
0x1259d53e741946a988ccbf44b21add935b3d1691,9,yes,8.9501,2025-12-17 04:55:11Z,2025-12-19 06:58:23Z,0x8fc57615342a708cde96dc601064df9702e539fcb30141953af11bc7af31a514;0x58f1f000c845108b8f6b5c7c9af18f32d24c0fe08c4b4e90b7a010337587d95a;0xe44648eef94f17019bbfd47a5008b4740605387bf790fea0e42bdeec8c7ea7cf;0x52b6fc4466b50e491fb9e297e2528c57f7c5de279034104b44e0abca12fb45bb
0xac0dd8e228658dc3399fd886ccc4883eb627a0c0,20,,19.887508,2025-12-20 03:33:47Z,2025-12-21 20:06:11Z,0x086442b7823389becdca7de0504f6f229e94a8a1f3511a043d00855b8af2efb1;0x92410271df72c5ff40fc6c795698dfad765266998cde9ef580b417ed84ecdaf6;0x6e9f9a75dcb828d3e21fb8f1ca32672b67bdbf08826cee7fc3e56f08e7cd8459;0x9f04e9d3619ab35947a7fcf917518fc0e361f01498ea110f0beb04052a55593b
0x98d3156720432743488ff72b13ede8ba849635c7,17,,16.903135,2025-12-06 06:18:35Z,2025-12-06 13:06:35Z,0x79898fc579af37a448277b90ad79810bcddffd51f834c6ae6be74ddf2c40cb7f;0x7901c9f80e8f7190f0b88cf4ab06eb6626758db244ea687abff1a446b17278a7;0x5980bef59cccbcfb8768403101419e00bc72b031b7e96cb68aa80e1849df8f09;0x9bd0a52c2b3499d8569054eb91cdd3776bf69d54e2e1455b8fc968ddd04fec78
0x7e0490cf47644d0f5452a7787ed572b98f386bc6,14,,13.918727,2025-11-23 16:32:35Z,2025-11-23 22:58:35Z,0xc57a3e8b724a81f67c8cbf1e03baaf283a2661b4fa0aac1bc7bd330a65e0cb8d;0x58a91ebc27064f3c36df28f6e6c51abfa9ffad581f1aac9df048171816f432e9;0xbd43f26b578539d0df2dc8bcb1ce60af314605a87660d7b7471deb520eb2cd77;0x2d29010f5c5873521f5956fb4195f3f3fdc03095186598a83ce794b2516f5252
0x0ca3cb4c332b7ec5f7739009eabd825baed6e8c2,14,,13.92016,2025-12-11 06:39:47Z,2025-12-15 13:01:59Z,0x46d63eecdaefb56dcfa89304db388084f02cedb1bfdba61d9e2ba02d97151109;0xfd8b6bf7bda87c111aeb59fbec406248aa85db150eb3d0ffde6631c90e5d2b92;0xbb7b5a4ab5956fe3a889b312597962a2ea1d10838d5ec6451de0097080bf5e46;0x420b53007a474a01dd2644fc785caf5af2be8afb08811cad4280c647c4b42110
0x1d2df137e85fb1bfdba01db164f1f02503bc9e3c,13,,12.927248,2025-11-23 14:35:11Z,2025-11-23 15:16:47Z,0x9185873a66ea066e693ed974a2993226b0d29772a283eeaac0159415b2239037;0xdfd44a492050b172f572e56a55d8497d18ae7bde89af629626f40990364e9e4d;0x610438d7983cb44263ef50b7e4b5d819c5f85a0792240311a2f35f9b5cb244c6;0xb70550189c85493c4b351beae3d5e23ae73b74c39af83d9184cd66666e7e1edb
0x1d3d47d11007e5133a68ba79ca95799cf3b83eaa,13,,12.923942,2025-11-30 10:17:23Z,2025-12-09 16:09:59Z,0x6411bdb122448c783eb03c8f8b954233b0561c6ee6a942367a3ca60761c8cc5c;0x5416f9727b49a864597ef40c0e681a48ed3dfd3e7fb3247a315e167a669cd1c4;0x0b7e08629d350c12c4c25cf6c5ff91319228014bc3a864b006332fb3173c4564;0x7715a105310c5194a90d473444c141bdca4e5346aeb5510179a9853946cb4f72
0x569fb509f2fff9d28837bd5b28fc863c709c1b74,13,,12.9207,2025-12-18 12:10:47Z,2025-12-18 13:02:23Z,0x722c14e273d57511a83ae6f68179229390a0f1b205be2ea6ec5ba14b3c13820d;0xb438e7aa1431c8d9f19001a6243cb88be7c5d2bc3a0a60483d0f876c88bbfd93;0x3e3b9fdb3fdfe559e79368e6d1984694d3ebbb11ce1219d65426115cc0c8775a;0x38ab428d775de70a75afedec02d35e51df12cf9e164ffaab76356665ec1070e6
0x9763e60d231f2672ccf84abc3eb8c9b62b8dbee5,10,,9.943307,2025-11-30 13:09:35Z,2025-11-30 13:18:35Z,0x53fa318da0ca263aa21b66ffb313f0d5f670ec8b7f699a13b735ea031ef4eb5c;0xb2c0c4b78f21e8c7c24e8b70b7a3e19a07fe3ade82c79149aedc8550a8f6b0d2;0x42dfbdb9d6a2262bebc63e0c937445a827091a05f962d73057f648c200900ef3;0x52bfe090cf51bbe5ab92c217d7018858728dbe0358ac7a522ace69b07e1e458a
0xbe5bf8862d5bc3fa516fffc3e01c6d5548a616d3,8,,7.95343,2025-11-26 15:58:59Z,2025-12-02 08:17:59Z,0x4e8ebc1f27466529a2f04bb3787848c4fd549c00a587e49adcbb4658fc72113c;0xf5cd4ce7674d107b85fbf5baf5cadf6742054b375ae8da05e7405cb014bcdf93;0x7f5e9c2b4c989c445fabafc59a238298e08044ee27b526139f208e5913976191;0xbe40a88d90384b06bc81ae2b27819db104a763fc8a11a1f4ff93e7d0cca51446
0x401ec84c40e0e36eba4961407ba3c78939c580d1,8,,7.952169,2025-12-01 03:23:11Z,2025-12-01 03:35:23Z,0x7b8ff810a9705f5bfeb7555802a7289f4119d01128c0a06011526c9979fd9890;0x80f8a9dd727f725b91da8791bd12e4081371b329ba715f045cae757d8e4554d4;0x531eb31b9402319c01c915d16c66ec5c144947ed621d2ebaaa599eaed1504489;0xc7e5163e1e9294bf335c7f73fdcb3923327f2caa09be4415fb79ed2dadc708f5
0xc983af6c455deb4fd23e6680e69f9bcf1b96345c,8,,7.953478,2025-12-04 16:28:59Z,2025-12-05 20:47:23Z,0xcc09ecf930744fe8044eb2a3fb431568358ee4d4a9f7c071ac2f690ffda1717f;0x9e6145ec924485f35c21d1ec7fa100a9ff7339696121529b3ff5b4be57987938;0x2a15f73323f698aac9d5b559d10716db0707c94b9c3cf9e0a294d8bbc72f8b69;0x04a77533967c7b9ad400371d868d694fd5fd65a8080f961b39b7ccfb40a99708
0x183bb63f6095fe2017179b5589ae4df2cd139de6,8,,7.953016,2025-12-06 17:55:47Z,2025-12-07 09:38:11Z,0x71b20fdb58c16f4d16dc65bc7a1a0e95ebb19b3a876b3eb04f21faa49ff742ab;0xde23d39156566ecb4eb967ae1c1770a1688dc20c00e401fb8cf12306432f0a84;0x8660c809b10d1c9fafb17bfc2b4bc22f50cda968f980853b7a66ced2aa3e095e;0xd728544b4fdc20f9ad816b085970db5505c0d338da02adc707041e91bc4d3c68
0x9a6822b2d883ecd10777859c36a5faf7fed72a16,8,,7.954507,2025-12-12 17:00:47Z,2025-12-12 17:07:47Z,0xac6a993fed1fc8a930ad5ae40d89101f149cf950990a0dd85e0508654042b962;0x5fb365d9b989ef5073510b32f6e6fa535d76c9f43bcb469a404a869a81a55aff;0x023e9eab518b89a7ece0d255aca4838b56a0f3827d0d88af5b6afcb3277f4e60;0x481690c41122e3c0ce4eb7d93b9407b9f165ce101c0799005ba8db81848ddc36
0xb187a3b50a6641ed5dcc35137de8ca04141a902e,8,,7.952483,2025-12-19 14:50:47Z,2025-12-19 15:00:23Z,0x0fb46ad057283153f40b3de0c06cbfbdf9c78feebeb4188e2617fab7453b006e;0x53d3e49d0e7beeb26d3cd3f3225f004afb89b5d544083375cd32758aa353d8fd;0xd6c6472a7f84f4f7dd73e7fffac6240a2dffc76349ebaf87fc9f15c09d3fd22b;0x33bef2db93fb7425eb532a6e565614938a0fddaf803a768f3cf092e9e4148336
0xb204870501aef0fc7f678d30b3aa121ea16a5f76,7,,6.958214,2025-12-03 10:19:59Z,2025-12-03 10:28:11Z,0xc37aea9371910b703625bba9938f172840bff621dfbbf1d9f45adf01c1fe0d6e;0xed5232f4dbdbec30543d3bc375c22377b56c352e18246d1aaf0d516878f3a8ef;0xb58e668d26a340be07616cc8fa6ab406b583be0963c6bcb277be21a7b5fdb470;0x06178cad6f9ada61cb3f6ecf8a6811580e813a46697a90df9df24c6d39afc9e1
0x4dc20eddb8bae9771602b11f46490daeedea726e,7,,6.959974,2025-12-06 01:07:47Z,2025-12-06 01:25:23Z,0x86a9e4587070ab49dc4d1463d935c40ec49642d175f9abf5748562c612c60107;0xf208f61a9b203625d15f6ded70df221600ab2c373054e66a869ed6808207d25b;0xff2034a16c45f874ed540e02546c78c29c2900c6e5a25e76de4a9aad5039831b;0x135523298e6cad704d0a383ac4515824f6505c6fdbc9c0beb675e628478b23a6
0x3811fdf09065ffe9d90fa31fafc6784b14a7d175,7,,6.957989,2025-12-08 15:01:47Z,2025-12-08 15:26:35Z,0x58f6e86fbb7c5edbb1db6cbcf17d72880902e283a271f243a21ba9a690b12a4c;0xc9df03e6211093e0558581523633841fefa269bd8a56eb5fa97aae8972cc5178;0x6b5e05df4efa0e85e2f9f985947f1ce60154b5bdb623bb4657276a9c2c8196eb;0x374fe86ab38a41c054c4355d014e72ad0f9fe1b380ed3c0285de6d8c92dd8303
0xfaab360c97a32170a6cdd7082b203ff739c890b5,7,,6.961893,2025-12-10 09:51:59Z,2025-12-10 10:01:59Z,0x70e306d8ae173227a10096ee985e56e9dc92a9d615c8dd73a05ce4432fc4864c;0x8996ebb646eafe8f111be46793ac94246642ce40595ac74f939a1ed49bad7e60;0xad3faaf289fc81b0de1f697b35ff13616bccdf96c1bac56bc10842c4319e9eba;0xfcdc2570a25c88b63c8e4277cb8c1c8527ab04e74f06a3477b114addc314e50a
0xa3a229915f62ba4f16c4a21406aff78ef5949eb1,7,,6.961703,2025-12-13 04:24:59Z,2025-12-13 04:37:11Z,0x6d46ade7e401f3bb37ff77d30617b97f1784cf9e7bd7cba3a1f121192a7affde;0x1cec6c3b698a736cb5ef3813a84597f4bbe7b1b0780b6858b9bf29b1e7cc2557;0x0422bc78cbdb95f22c28c15ddca8f5f1a9e1dc99c450bc82e50f7eede6680f31;0x534190e64689c0506b79a3c8ef1dd9921d62cc707253dfa50cee880d196bb027
0x04abb516deb2c4be55059842e830ef9726f073e7,7,,6.962244,2025-12-19 10:59:11Z,2025-12-19 11:15:23Z,0xfe129b293a3d6e0374a84cb0580072fe444f1fe6a72b8fd122d23c5bf332b761;0x607e471650de25eea9a8aea38345c2a969c6c8cec91aebd89f0326c87d08a632;0x5b3e37e144e6892599d09bdf515130450a40554473cccfa5d4a0434b5c4e1e8b;0xcdb96d1f3ec993f6b97fe96891a71621c04bc4440b2f7947f617653061f921dd
0xc0308c4b4d425bc1bb3a53497483439b616feafa,6,,5.966662,2025-11-23 16:34:11Z,2025-11-23 20:16:59Z,0x5f43060d6c3a1867bb4e7721f46ce6351b1843f3c72af66ee70f89fa9367504a;0xeb798cfea289fffa57353d65e3d887d1dbc3206c0732c29f6f47fc0da44f12e0;0x37155f26e87ec7e8264e6b601d99cec13acc6a63a5185167aea39d7140ae03ea;0x91841baeadac7a4016b04a2c1dc653b0dd3602095609ae8cf53162c396f36d78
0xc56ab18b1c0d9e907bc2ff1d00215a713b1c773c,6,,5.967327,2025-11-24 03:12:47Z,2025-11-24 03:34:11Z,0xb32e38a73158482dc07bb03d0cd94b24eb2697a33a4637037c88c48d59c14522;0xce9716f0abfe082fe006d68068610c1c4b1c76625eec904fec088d51c2f1e447;0x65eaef49cf5508b3b91483bb3c3f141d9c868ea2d8fd77cdb1c8b0b6dd4179d6;0xf3ff2892bcecb359365b55854d43980d6714748bd10ae6a4e715efb0b5480e78
0xa530c595e9d0a6558bff0dc6ce01a75e35481977,6,,5.967582,2025-11-25 02:58:35Z,2025-11-25 03:16:11Z,0xc7032b9c1c7c95d98951173b4c11085e98e8e96513c9c887dfc99d3e85a914a4;0xf03ca4a3c3d9417115847e03479e725c1f45c934bf7fcdcc9d2f8f8a6d7c7056;0x98118802755c1c830dc6c2bd199c1365a38e2e7411017c371cddfb9cd8eb0463;0xc1eac81a20af2b4303401830a152fa7c6b0ca6280654b22480c5584c30a5da33
0x1e146e78756ba378cd5c34c564853c10e3518ced,6,,5.967993,2025-11-26 01:57:47Z,2025-11-26 03:06:23Z,0x894ae4255d1c760c9fe26420472b515c037896ef19ae7cd0b96adbab1c5bf3a2;0xcd2f66cbab1a67d14b91f5a577610d8d47917fd2db3204ab685bd186c8f23e4b;0xa7aedcadce436280cde9c4d7ba10c0f07e2069ccb720b1c9deaea6611db9f216;0xadfdeb496c11c7865d100cbd6001bf4ca08f7d254df3e564c9629cfb7d1d6e48
0xd881c5d0a30ca6bf0dad9fb42e549ca80f7b457c,6,,5.967538,2025-11-27 19:06:11Z,2025-11-27 19:23:59Z,0x606c6aa0e0b73dd315c3996120a0352e915f77de8f5a66af0a2ccaf5953e3523;0x5b798e6fc20258ed6a9b1093b7861aa7fce200318e053e67db17bcb8e247a942;0x4d5fb19a1f3ec037aaa49a22a5741a27bed3eb51cac5db9523ec043b5f7810be;0xe9d736b52d5dc215a87a17788a0a541a473edffca78f45fc5499b23ad2df117e
0x053ff9a5cb9d9bf33bf2aefc1975650d4c7cf015,6,,5.961985,2025-12-01 16:16:47Z,2025-12-01 16:29:23Z,0x2e383d9a74c666bc50014d25ded47a63e05aef55ed09e472efd9d593e2dc4aec;0x13943bed640bc90ee4250c35ef248d41755bdfd3cf1e8f6eb5250012fed9fd69;0x5ad4533148698092a65b327761060d7c1c6c9631f6f3298ee175411b5d946248;0x74ebcc1ab197a108eb520e4d0896e327a07a54b221de49c8c6a10bf3a92af217
0x3bc9d5847e9bb385347b75431e366dc5ed382df6,6,,5.963446,2025-12-07 20:53:23Z,2025-12-07 21:11:59Z,0xb6267fdc085452e50dcc06c3cb8dbd01c839026436bda7e6606768207311b8ed;0xb3e2997bee7a0c463b2a0c884bdd4ac13e49831d8a53bee1d7912df12f1a888a;0xd0550cddbec1f57d3be065500f7ecb3f210395cebea5a50c5969053304d6a618;0xa5b9db09b78834636594b62c40f75b6fb4c2f170ad42d1b2654d19ac52825a9b
0x51d6a48286528c6c8d51bef81d56aacd9f9579d9,6,,5.963519,2025-12-09 09:52:35Z,2025-12-09 10:10:47Z,0x93e85ea13f81d5a1c01260cd3c62cc64b2a8af78ca54a622ddb1b83ae201703c;0x2835b5d78826f1e21811c7bc19bc27086d38127f45aebadab053afc41e14c103;0xd3ac84b76503c4bb7c107fc2c32c706e73a6572d8c34f8d1c8a20f37dd4f99e2;0xb844fd8e340e5c0aa1680b7bd7dd13d9c59b28630828da24fd553dd14f30edc7
0x05638ba438eaa2373c788810c412809c5df98b69,6,,5.96534,2025-12-10 10:51:47Z,2025-12-20 19:34:47Z,0xa782102808824a267a37403b2d8e69f19db455471bbf1276e57ee975811a70e3;0xf603b2acb1f62a5976a997c6779ee6ec08f903f95e1e1ac68ee73dcf6dff0bab;0x63b18da44f6ea75eca67545b87f24c36266ec6b2e7b2c6d3c3ce987d5e314730;0xe2ef4208e1f39ed5a44a2ee5a10799b9817d8b6781bdb01f45cd27fb225809a5
0x5606712a1b792bf3484357a5bfafdbd43cdb711e,6,,5.966997,2025-12-18 16:52:35Z,2025-12-18 17:04:59Z,0x6fe0c1b529dda2436487ab88bd3059c59b4a4f8151508a3a18f549963c96e76a;0x49b20b8703781d161a210fb8551bc2ab6150f51989766aa9e454d3525cd41775;0xa8f9f94c6b3de15effe1b013a5b9655b802b188d5d9953b2822e53b66de0abda;0x766f9df3ffedd73ce3707e87f0a86a16818b3cf302bd229e4b3454beaac100a7
0x9cdfc5ef5b4280f8c9cb9a1265ccea345d3ee919,6,,5.96771,2025-12-22 10:26:35Z,2025-12-22 10:42:11Z,0x49af860afdfb75c88b93d575d42d4dc5a308fccdb792923789a131e66d65f9b9;0x0536f1e969f146d3bdc22ce306ceb507444fceb30846f23cad4c35b7ebc5b70a;0x98ce64385b5b8f26ea238ffca92a279b7f2e0973f420eb06c1508ca92bb3fc1f;0x87ac422446d2f69a083bfa19436fe9d55a6de74b4e22985a8ef0c451dcc30629
0x6c3451cacef957780e9aa98a54e28776fe4288e2,5,,4.973042,2025-11-24 17:03:11Z,2025-11-25 04:59:59Z,0x7a77254aabd884db9357565f6a7b3783cc45ffc8b5500d678fff3f6737ffb742;0x779c55c326f2fa5728ae5ab5ac2e636f697297f90554c2312588015fcc7af5be;0x11c17191df97a2e48d19a1f8b185b935d8bd3313fe64d3a48686d1e1282c71dc;0x4bd5f1b99422e6268b29212a909eb017a1c83cf0939f2da494ab8ce84179238a
0xceffff0e1711fb3008a847572cfe27b941893d40,5,,4.969181,2025-11-24 18:41:11Z,2025-11-24 18:43:35Z,0x073db91af233b087d41a70c537ded83263aa6796a699d56fe30034be069e21ff;0x4844d056f07b40c5f39569d902267119b7affc793ece1bffe0f479c3c4ee8fbe;0x2c4aa88c7f4bc60e8c001ff196b66737ced5da7c16c10e2cc923c4cadc6fd269;0xc8f7687ef3664f81172495669044d8c51295fe0e08e3a25e03f13480effb3566
0x80728b56efce8c016f1ded2fe806133abdbf2f06,5,,4.970745,2025-11-29 09:08:23Z,2025-11-30 02:04:59Z,0xc83877b5950cd0365a490f54876c362074a916c3a51d9939be3f2f194ebeb3de;0xab7f3738e87fcb038f18f9c2dd4c17f7903761ac8cf64384e9c450a78152a794;0xd27bc84050daff607606d4253ac7eafe7a34ee319393605ed73f38814f90c6e1;0xa35e1b49a594b3e66b334e1a8f8edcc503236934c16772f97d50f8ecfa0e53b4
0x4066639e492580feb891fae486b5d1c999501eb3,5,,4.973608,2025-11-30 19:32:59Z,2025-11-30 19:57:11Z,0xd5d818f0045cc547446dc2d471dba5dd6547878c52670b956f77f87cdbd405a3;0xccb034ee6fbf5f57a4037ad79df9a18bdcd9d50a2fe8d3950531a41958ae98ed;0x297c79545d981485043d877adb619b352011c5f392eda42494deed51514b9565;0xdf7c1a1576d5f3a2faf372f1688c89695b1f4bbfce893a0c9d9856aaccb59957
0x4de5550d1d81d6af7318f4fedb2a73f900faf28a,5,,4.971658,2025-12-02 08:28:59Z,2025-12-02 08:38:59Z,0x7a5e53693e0725a0069a2fc3121a9ca5e4139821dcd6e5b509ae567fc3d8489d;0x31b988370fcb08ea03dbd0b138acb96006eb43d6149a52292c2aa87d6b0e4d19;0x8307fd48babd4f10244b4ae1e27a7a735397f03e0511a563c32df60836266c98;0x1bbe57ea6c3024714e38cb4419a445b0df529b1d8a8a4d52618bd7ea9ea82edf
0x629088cc0784c1c992c31ca67fda3655c255c3f6,5,,4.971096,2025-12-02 16:48:23Z,2025-12-02 16:56:23Z,0x36e6abad0513845f45aefcde7ecc9eadb2b233c4ddd48a018507979dffc03ea7;0x1cebb9643a8b7dbf7b1810ecf2d38dc1b6de342ba4998afd4316eb06012ea981;0x471fcfbf9d38f7a8e6f1704cf482d252293c623bb93fa87c800a3cd803f322a2;0x6cab5c7bfb8414a76cbb4ea4298b3dbcbe0102eab72ca7ed4de10c1799378182
0x35ae6379eb8f5f572b1985a4efbaecb7171793e4,5,,4.973232,2025-12-03 08:44:35Z,2025-12-03 08:52:59Z,0xeb7737a9ceb47c54d36d542c71aa747dddedc10f1d951e0cca86a1bbe373289b;0xe1c5704ee197ead25a2b6ff56d262aee654364f57d8625693af6cf66b61cf9ed;0xc468ceaeedde6e0fd7ac5efb186e52ec760f3ff085dfb78d18617badf362ad02;0x1d5468e5f4528e2769741a63a1cdfa3b429587733360792f604436b3d606d1d5
0xd43d8b65098a1addb2a7fac50ec84910e0838def,5,,4.972087,2025-12-05 10:42:23Z,2025-12-05 11:31:59Z,0x258c3e349403d35d301c48cbb36efb6c2dc24dda74519a2ef33508019ea5a61f;0xd9292ce8bc918dc4a6b613f9505470a4d01843a617d3880ecd4915b02948487f;0x70beeeccd560e6d3aedd51c642417f54e01de5d384fd5a338c3e4fa844da7f03;0x7252739e473d045aad5a3887ca4a3e4a6ee2d22c5fc6282eb6eb39386456e540
0x39da64de37b3a897fcce72a8e59fec59d719ef54,5,,4.971801,2025-12-10 20:02:47Z,2025-12-10 23:58:23Z,0x4207ab1959114572ec0ae8a0c18fd48ec7677d9e88b26db0821dd8849e805563;0xadbe511c6ae35206b34636c356c6570dd686c108c76a93a97f059033a9cb0136;0x383a7db6cf55ebee1c1ddb95ff77e98d2dca08963234985f3239ee353abf702b;0xbebdac37d53d491f0e980f08ffdd0ba36547388262623f7c8a8ee59de0cd9b94
0x3ec21a3ca1f91a274ecc239bebfb0509cb652813,5,,4.971568,2025-12-11 03:16:11Z,2025-12-11 07:10:11Z,0xeba8cdf0bf33746ed5617f48abf0be436e917a7afe75f2af6469b18bb9f89ac0;0xe8352b9b947b7cc33ffd620c47caad404eaaf7b5118a4b25d7d167f492ea9ba2;0x303f35b14116df72ef129cec518dab147ebcb491e6c65365eea9426fc18850db;0xad8f09289374dbdea9f63bb43d6b6884651a16c7502a59f4acf7a711b54ef867
0x68bcc49f80cd10ea842e25977d6f91f2ed07e04d,5,,4.973662,2025-12-13 17:26:23Z,2025-12-13 17:32:23Z,0x8cd6978c859a00128c738803eebd4dc66023100ac3d1b42cd22a4ec83819fe2c;0x6d76589e477db1a8f946d60dbeec32b423a2ea7b28e323430b84ea2a09bd25a1;0x96df50430da645bc60366ee0f2c29d9ba435e33073c72ea23c529836323acf2c;0x3b128eb06d73f106ecfaf4cf838ccdfa5b0ff6800514f48417868a95550d496b
0xad71a37f840905b480fba6f4c7ff338862a1b0ca,5,,4.972928,2025-12-15 20:00:59Z,2025-12-15 20:05:11Z,0x76f45e312bbb9d85dc4622004f3bac18513a87d6c4eb3f8c8bec0b9e70a021a4;0x683b839d41c9c060eea5f2dd34fda0040385de8fda6ee06169217cfa18178b8c;0x5224971c27bf046826117666219918700a3d138e8708ec40e222ccb458de128a;0xbcb112ae06faa82af397ffb174155d56b1442483112127a79b5a078bd3102071
0x05d1df85bed5f115b8dae0ee7f5e6262d7f5955e,5,,4.969896,2025-12-18 15:12:59Z,2025-12-18 15:16:59Z,0x685748f4dd5ed7cb8cd2a2efa959e84147c1c04a37d9c8f1b73f7257177bdc6f;0xfb3ea8baa7041d2b07fa42f8bdbd19f5b9809c8d223b0664495528d248652d8f;0x133b45a30439bcce317be1492f82319ccb4a5882fe2b02a759a486c282581e8e;0x7d311d22f13c1e77e1b3ecaad0c296a31901b2aff3ff79b08098905d9220c141
0x53319417e7ccdacf760aa859479bf9f5d7f9da81,5,,4.970177,2025-12-19 01:59:47Z,2025-12-19 02:05:35Z,0xeffda68b2d317b66dbdafaa4f33f8849ebde611e95fe8938eb36560f6281e5b7;0x9e812d5eab135964eb45a90361908aa5865f67e3e7efd00077a972b8012f93ff;0xa3388a46ca2c6d5f87055033e62c5db2600f1903210c209d0af2dd087e4e3ff7;0x289b08550dffec677208c6ecb0b9df4952d31a26bbe57191b6723e21890bdff2
0xa32647d612f1cf3fa857becf0d656dea63fc4763,5,,4.97367,2025-12-19 11:39:47Z,2025-12-19 11:51:11Z,0x44d1975229ea5390a496bc4b46b83ef81b8a8be36dd3634fd33b376172668eb5;0x200a5f436f1d87fec56fa04eb68ee693583e819f6d458d08eb797a0df47f05b4;0x5a2840881a0bfda45b939120a0a3819a419575096b11c07b5d1f81482980346b;0x76c5958e63045996a799e0b7d393752c65658b1239ffafccf8595ff8744d793b
0x99bb651c147104f7e64ad944e42af2aabe8e1ed4,5,,4.970174,2025-12-20 13:55:59Z,2025-12-20 14:24:23Z,0x0eb44a8c64eaff34ca22c7bcc5e8262c4bf7d3356e91eae3b71e23de966e8f08;0xf1ab25a1ab25569ed5ef665cac8de03f1d07a5e0317cac46255a22ae6fce6eb1;0xa3d274e5883d0f2ec32c8c2a083fa7badbf5dc15e9a68463d5bf51368dbfa61f;0x34aa74139c7dd4fbe046f8521277ba6c44399a73c280367d8d988dc18adf59ae
0xb440d6a6c6cabe2c5fb4d6488dda8333ee63d940,5,,4.973678,2025-12-20 17:14:59Z,2025-12-20 17:18:59Z,0xb347360d2b9de53a7049ffb882219e6dac20451457aac0a06994cf2bd0bf7215;0x2ed40090c091beecb414e126bf22abbc48e3c0890a1353cbd2ca5fd3fc49665a;0x737beefea0abfc9400ef08a2461857d9c14fcc9f0d80ebbd6895130b9f0de128;0x104b2fc2615611a3cf7cb07d8206740edc9515103bf9a2cf5e747679b0cc75c9
0xdc091b00a6c6e865ad8530b96a98708f0a6b0665,5,,4.970177,2025-12-21 22:38:47Z,2025-12-21 22:44:47Z,0xb11f33bd4e0aa0262b06f46d6320410b201d40cf0d0a426576483ec0c7800e37;0x1b7fa6bae2717a8f4da68aa5cc73baf3c3bce4afa88402bd3653fb5b7246a00f;0x85588eafdcbb0318b38080b1642a99e6ee0f95a0e78d8c6f3b9f7489d89873a7;0x70c82f566670f151d9efa3c038d48fc45d2d895dc77bd067a29867a918c897bd
0xea3a9268f4954d9d35fb3b4ded6ba5ac8bb3e238,4,,3.978086,2025-11-23 04:38:59Z,2025-11-23 04:46:23Z,0xdd119db2761f625df2d61c6e103fd49fb81780728252ac1d972ba0f8c145682d;0xd451f0e8db7b527ac6faf549819d08a56d1c04bcfaf542f7e2a2192f17826120;0x2b7966e7ffdcde1b19351ea66f47a6d99f3343b8d47f8be348f1d071af7a544d;0xba240ec4c9b8ce0463ca75c1c2fe743e216ec90590cdd01c563c4207223e32d3
0xa08211df7b91608b5d5c4c42ffee715085d8c29e,4,,3.978726,2025-11-24 00:19:23Z,2025-11-24 00:24:23Z,0x2899778f838b7e6e3548a37afc1acb4d37bfdd4e4bae2f2ee8cceeb642929dd9;0x3bcf860740e6dd64ca442142d5f94584aa85d39986cc8dfbf455c87636e3c8b3;0x635e60b35d787de1cbddc274ac157913b3f6490ee11e7ecddfd3b65b8d56571f;0x0942b315da0f12a04d8f756e176f6cfd860010f035057f6c7d50b9c93f34d80d
0xb3b14b651cdbff0b5be12178db7e8d361eabdb34,4,,3.978191,2025-11-24 02:14:59Z,2025-11-24 02:21:23Z,0x97f2a2be05c246b9f539fe63112e6b20844a88f0a5aaa99b5641ca2a9c4fda6e;0x87e7b68e729d797ca068fa4ca775e5ed4de34adcf5c0ee1bc884f8dc12155220;0x2e3039347845c03662e94146c6fd8e4292f3601b49e52230a7c7050a6bcdab6f;0x4f90c47d6d5883783fb6c9e885a8c52e3f8a929449efec3f26346a9ff92f1cd9
0x6fb52df2d44ecbcaea44931a4cc6269f2ffc0774,4,,3.976795,2025-11-25 03:34:35Z,2025-11-25 09:29:11Z,0x5ce74d0c7d3ee65bb8ed3e6eef9cd01cae55c36709791043eaea6e7a87253251;0xfe3fa0b41c6f67829fb27c754579af9d9ebfc50318f71aaeadb2b803de4b8d54;0x0845d8e84cd446b565fc00df42685d230606cb2f33736c19c6e63c14822a33d5;0x4ab99fc407e953c92dd6283f0679bc501c72d05c771d3bfbb412c7c826a8ed0c
0xf1a63f0732078473af8ed3e5f998c6cd31a5fb74,4,,3.976077,2025-11-26 23:00:59Z,2025-11-26 23:05:35Z,0x5542e1a795161c35f55a3ff8400efbfda2d4a92987f99581ce85aa4a6eca03f7;0x5c66ff947856c01b0d019827f9ed6726cd0ccb23b1de5a909da8976dd2fb5237;0x4698c39c9c316201fd343ecade280fe1318b16e925c9afd83cf3b46f8ff7958c;0x951f575730298c26bc1aa74031ac6e6f66b53a3f679bb643d9d72e8cb5ad864f
0xa1e779a2458fc7e88f80855f3db78e7a7c47ede4,4,,3.978482,2025-11-27 02:28:47Z,2025-12-03 08:42:11Z,0xd2baaa54e265e417fb0ad7392e133573ace6c45fcbf6e0650c4d83cc63b52290;0x89d5388c6da82463d56e5cfb5cc1b47d079ea743270d69da84014c9fa85c39f4;0x3b59b7356f8693e2342e4f363fa1e6926decc38c2152be585300698da44b7ccd;0xd24db96281a274cd9b161759bba6406978f20d99757b19c73e916a01242f959c
0x7e2f69e241efb04093443712c523754a4adf184b,4,,3.9768,2025-12-01 13:20:35Z,2025-12-01 13:29:11Z,0x7134b572f12c559447e5cef03e95b904cfc0b5e6584be8a7363da9834b56a8e7;0xeccc9b26161831a361e5ffa6a699d1ac017af2a6caf5aa61f9752b850a20ef10;0x781984feb1ad47e743c4c679e2608ae72828013d1abbd2bf784d8d65670c4a81;0x697058d3a8a4824efbbc6027e82d7755e64b15a1c67685a7f374991aefca2fb7
0x9cf4f705bd8216376128bd71f001e06f060a949c,4,,3.975176,2025-12-01 16:28:35Z,2025-12-02 15:10:35Z,0x45ae4e2c2e300671212e41a605cfaa3ae1911fd3c32d5ddf2f4bb15e31bf24a2;0xa2498839beabee651300f11d23fb6417b2e6999671a4171878758224dcf2ad79;0x5fd676f36bc1e9f91ad4e1e57f5a2b1205774e5750755e12c9d93525d2ea74ee;0xb30b9a9b4379768e6c6e08dcfd7e56abd32c1957c87a66ef10bd2224c858bc38
0x5111c88e57d28a4a42b844c58c3b16ff3e5f80bb,4,,3.976125,2025-12-02 08:14:47Z,2025-12-02 08:21:23Z,0xa906b89e2918ca6ac8305b93db0490140a217bf8ca25cbe0131df49d7f2f2a34;0x088f4cada771bd2d51926b892d7034aa0903074b69639d61f9fea8a59f70e33a;0x0900ad84fe7cd97131e1eb4e0a6cfd7c3f06facd1f0c0759cf7e7fbe5e4825ab;0xe9645b0d0d1e637dfb78b1f026d0194701b5ff45bdab27ca68cb396b784d07d9
0xf4c6b5f77871a8045d3501d599d54b43d9b5237b,4,,3.976611,2025-12-05 08:10:23Z,2025-12-11 03:42:35Z,0x1af7041da456a962535cc62af07bf0c1b77a3eee56867d499b1ec824e14dd840;0xfb5be627b7255d7152b2de7cb71c628b379618188a12503f3530fe7bf5fe1b54;0xc8f255a3e6c350dac31bdd46b931db252c24294cad577c53cb1dedc052aa0ae4;0x97d47c3d641f7f777a307ccb7da52b40322ec2a192c93767dab66e0f20ced5a4
0xb33641b8a7ad8d94d74b71aa28d1f1f757e171ce,4,,3.976288,2025-12-07 21:17:11Z,2025-12-07 21:24:47Z,0x3807d07423ccdf9e7124ac6206669f72da45157aafcf0c37c89aa8657b638ec5;0x665fbb1c1b9cab520d815130bc2100ea09bde0b334d847ea0eeed0d5ed929ea1;0xd40f3bb46e801424f5abf24ef01090b335765004f777dfdb7883e32b056c4b5a;0xa7bfe7c23c5e4e1ebe645d888191ae65189b0c91568ba628ac95ab54db9f1a48
0x0fc9526e91516912ae6d360f91e09f2350a39adf,4,,3.9728,2025-12-09 23:48:23Z,2025-12-10 00:38:11Z,0x504d924f33594ee576c901e6d891359e99a0f205cd0824934eb0303bf7ab0789;0xdf7be9492cea30cec275fa795210b088a4b4961a653a9ceb092cb16d6e84e1f9;0xa555ef94cc2da7c8a57762a3f6933054d6e1afc3e0f2d7e9a0390f8681e7be28;0xc98068c9066ae619a873f44f63680bdf74d392ef384500253594e89bbc754b9a
0x4fe098d4b1909d65805057adade531f84fc07888,4,,3.977369,2025-12-11 22:08:47Z,2025-12-19 15:48:23Z,0x0c565365f934b2e3f12b56668c8c0db62cd7d54f9bb8f937853e56ed9104eb1c;0x1fbbaaab2c976a72c70524cd753dd2cfc593b914059e0380948a26a62322b948;0xa7257bdc4b5b9d9ac034f7eb775788310f6e688a60c3f7350f7a3a78b3d3cb2e;0xc52002c056f6bd67b39b1bd30a6df3e7de1bbd6f4d88b8be7cb2736e95522656
0x33879bcf7b5dcb550dd3ec8cd6bd05536120da8f,4,,3.9756,2025-12-12 13:13:23Z,2025-12-12 13:25:59Z,0xa45775a884e0d35a09cc8213da7c64c366bceb7cb337b279dc63223b9464b0e8;0xd6e09f1c8272084a36c6744bad55cd8bf68a33c05afc2e78b55b8636bee8530b;0x792082e9ea28abd153e561241bf1a24d699c1fadfc1c5b998f0490405b386cb7;0x20ff3fb089b61257e559d694c613ad68327ef942a125b258f66e092ae80d21fd
0x4f6bc0893f11ed7e9f38c270c92bd86c4520008d,4,,3.976093,2025-12-15 20:09:59Z,2025-12-15 20:12:11Z,0xde8ae213db37d4d872567717dcf1b668225b79c90c0a59ed949562296b83fc2a;0x9a5980c9ccf3024e0cd74a65d189251a69e135052e5f658fea2e8118986512d4;0x655b3509ba88105bb54dd691abe40fc2cb07e09bc577b324e66dde488e894c65;0x96cd2413a01db44b17b266eb48b5046ac2fc1cb5dc63a95eb7e5935d84a563c1
0xe7e1afe4a8160718a56975232afd9a335d748545,4,,3.97792,2025-12-16 21:47:47Z,2025-12-16 22:31:47Z,0xe9ddead3a4e894095c5ca2bb529f1e934b6376da02a8d23b0e54bec638e3a979;0x79664dbadcb1d3c9e1dd87045b136d58819ea7f9d0cf4157b77ed191e21f642c;0x45c197fc756f5f402bcbe4d1520de821332e5db89334b36941221672d868e2dd;0x761704a2115be5d0e87d56bf0e98cd6a98de4369c91f96859c95740f57d9b855
0xce69b8a22cdceb996925288dcf6d1bfc3387ec9b,4,,3.977019,2025-12-17 09:25:35Z,2025-12-17 09:49:35Z,0xe82592e00aa950fa9d11eeca584fe70bf21feda1bbd8ae86b165f66cd9373eb9;0x7e49b760fad005ed89f846452f1a25bf4b1c77f42ccc2d2aded92d4ae89e2662;0x5ea6baa8b33375fc180f3a6853f52300e46bc274fb94d49a77f3a23518d4988e;0x8b1bc0ddb46011a104e96cd725149a42af0d53fd16c825093c356a0f6570873b
0xc8d33c97fa946060712fdb3b61d42ea182c163f7,4,,3.977541,2025-12-19 02:07:11Z,2025-12-19 02:24:11Z,0xe4a611b957145788558aa5abdc2c2c25e94b1e9e9825fa8f5f3064ef9cb0b5e2;0x7b5bc440875adde0a44f03dcafd36e1e9f17c7762313129cf8ba0aa340539d8c;0x7ed138777d32f84bc799dabb650c2e0474957f405e463a75140cfc6f259bdb82;0x8d62b71497ddf1338553517bbc7b35806558ee1d9ac7f0c27c2f7c87f3db8177
0x5f40a9bad530079c6166ee7d2572fd4a443de5da,4,,3.978225,2025-12-19 12:56:35Z,2025-12-19 13:17:11Z,0x1db93dd132919d7819f6a544aafd5ddfb175ea8d29393e4dc66941e7d0fe371a;0x7be729de0e6d8ea0b2481dc072dcc3024437b1ddbf1bda8918594a045896c0c5;0xd85951cdc057d9b750d9ec10538de9ae84d00fd8c29f1ecd3ed873a5195d368c;0xcee1d44d2f2e4fca185190ac5e8bd03f3a27b0c01959de9708d5aef03a901eff
0x876c94fea760b58b3afedb0681c9b67d155e9802,4,,3.976368,2025-12-19 14:08:35Z,2025-12-19 14:14:23Z,0x82fa1ecb230e0642ea878d3905df3701689245f1454e833488197d97675c24a7;0x3650446e68c672bb0947c1b62ed42d6ec197ec3f5835d23d9edc26e5723d567f;0x93913bc4b40b0ff455b8039b16a519b7b09cd128d0f809c266529c68159197aa;0x4b2032e71ec2775299e8e81be8aeee9a2069a27b6ef73f845f32adce3fd5fcb3
0x531dcad54427e2821deb8eb262619574f150ffdb,4,,3.976473,2025-12-19 14:27:47Z,2025-12-19 14:32:23Z,0x288356a1544d0222e3e0957d68f38ec78db2d743f3f5927179941a43504ac49c;0x64ce36a00c892968a40898944235288e3d7b172e9cea5b7a9943b18c2170ad12;0x3bd8efadcb23cddfe74cc2aaa15d4f367438c88ec1daf74f658873d9d1019982;0xe1fc55cf4c89021fb1dcef1a34edb6439a35a496cebcf092a914c0a6910f7877
0xc79c05434cf08488a69342ed821d7c1c95b60057,4,,3.974031,2025-12-19 15:06:11Z,2025-12-19 15:17:11Z,0xa7e8d61a5539969c56bd4f904b7383655cb6b1cd524ae0cfaa5a964ba4f90ff1;0xb1c699db962c2082af7e194b0e54440ef7d187de091eff56c331f91464cc8b13;0xeca1ea0fb14ebfbda8ada3b27920a7e18ad506378b8f299078ac36af25ab727e;0x9f75161ec3d6b0b8fea7c69d773b2c7a001b1365930459120e2dca288ebc6b0f
0x4e0b7f2f27b7dc2a4bcd33e5655230b306fee86f,3,,2.983001,2025-11-23 08:57:23Z,2025-11-23 14:03:47Z,0xc27214b6cb343b77b705f5efc3a9f76efcf4c57fb8e460df93c1b1ac4fa9923a;0x1caebddf40283e8499b40f4a6b0c635a6fe72d4030bc8f48afabd2ae6bb27d36;0xed5478f63099b67a46f0d863d97c92abd292abc0c43271e99b34c467f8eea963
0x6051165a93548620173d65bf3833eec6f5d79b4b,3,,2.982908,2025-11-24 07:20:35Z,2025-11-24 07:25:35Z,0x8c7c27d3b75456b7d9a7ef0714c4244aeb2d8068118b070169378ae3a5a4f59f;0xe48ab6f70e2c1ee4857b60195236237b071d72eda79160e0d14f8a87bf4079d5;0xb17236ddf8da2441db0ab16d5d275e03b0ad474793e00fbe5929266305e699de
0x0dc070b935979290fc7c1bebcdbf3d35d4706083,3,,2.982807,2025-11-24 08:37:59Z,2025-11-24 08:43:23Z,0x7add60236f4a6657bf59b3fc1b1e8f050ed4b4b36a854058d407b42537892aba;0xdbac8839f9f6b1e2a311d7ec1122cf0f547a680034e23889283bda75b09581b9;0x27218395a722d8490f9fea5c1727350ee0006ade19cdc738c8d7006118eb7d65
0x519f0b9ce887fcffd6354e18697acc8629184c6c,3,,2.981991,2025-11-24 16:48:59Z,2025-11-24 16:57:59Z,0xe3e1edf464c5ec9e170e141415c34f75347b9ac81f2d400e08b06a5d71b50120;0x250be7b767858cc0eb580a17992fe6f3e2d4d648f0487358ab0330c275af00ef;0x1dc9aa52663e58186027f05d09d54b26dffe43640d5d6a3d38d38a5f9207918c
0x020185174c7a250f39e6ab00f2f341316edb98be,3,,2.983649,2025-11-26 12:53:35Z,2025-11-26 12:56:11Z,0x6d3c8cfbf318eeb9a5e324a92d73752c52a7e230787f659da3a22500eb2b6cb6;0xf5e30e8bb59cc99e84781a783daae4d68316f2cf67f752eb9a74e81b9222f510;0x6ca6e09c810b4a55a47c56507ace3aeb5ec0a5330eab62f1e8162df5558552da
0xba158ce46267326ec7e4f6fa4b24acb86515c0ea,3,,2.983377,2025-11-27 09:49:35Z,2025-11-30 04:00:11Z,0x1417906db3d57d9a7c15ebdc959eb1a37752f25abfc94d29b3619124f8020455;0x4c89901a0a732d037970fbe3193736cd65dc9c10092a7a1cc4f3770d2bfcbe20;0x7bf82f977aeeafc5e651a9a87950f926b368eb66ba5c11d51ba6439421b550c3
0xcd249062af4bba50da9b27f39ae4012d2b8cb527,3,,2.9826,2025-11-29 19:26:11Z,2025-11-29 19:31:47Z,0x58274d58f2c4bd5dc3538d05c7959321944c42df11f868335ec53280ae41e1ac;0x94d6828be01994c2ce98e5a14cbea8e9d1246dfa625ead745acb71c15e8a491f;0x1321e8dd83d159aafbde5f97d86e29325db57f6542d2f36b6bd21602cc2eadb0
0x6e271862a374718798f2af7ceb8e420756f14bb0,3,,2.981975,2025-12-01 12:52:47Z,2025-12-01 12:53:59Z,0xe69f62317e1d98fe1b9db60ad64cab5ae3b5425f7c9c4a72cf5e6fcf35aa4535;0x2507b081c15c3874eeda245c9eb36955870f847f4f0f318b73f2281d5d4fce1f;0x273bd4fcd4ee83bd9aabe8b7950456542e92876abd3009f2e1ee7807596b4f06
0x5b7156a65697278ea27b294dfb0116c998e24814,3,,2.983795,2025-12-02 03:40:23Z,2025-12-02 04:07:35Z,0xafa4cb22afd67b12468c5091ea2d6f7fda170d99223a2c9d97d13000aff8b1e7;0x222715f4548af214338920265f54c5b4cbf611b2df71676bc3079cfe51092d84;0x4eff5f069ba20e9769a42a840f631b32db9058d7debaa702965d9801b0df696c
0xecb443a6f66bd220c1038d5aa56103d03d295caa,3,,2.983293,2025-12-02 22:22:11Z,2025-12-03 00:49:59Z,0xc38ba1ec0a227107ecb48db6727a7880150dd219504e4a976689528c43052256;0xb07b31f6a206bc53f59ba3eb2f6f680b2a70bb582d7fc6d6fbc33809fda9f76c;0x083be5feb7f12aee1adfcc7f19ff4c4dc5bc708a19a8382d22d7675bfe470863
0x7c8b788981ff2b201a80bb063e9bf1baa86aea65,3,,2.983867,2025-12-03 14:05:47Z,2025-12-03 14:12:59Z,0x20f85e908bac4b22d6d044472b6323f53e3a46b76bb5400095239fdc4a1907f4;0x65034920b91c2044c72af9dc3bc4f52f198c223918a00f7f6a984b367829783f;0x896ab40bfeca8f590088d416de2e240b53b789ad0c419de90debf550204a7fa0
0xbf213df2989beecbf3c04544685d5d472aab3ef4,3,,2.983017,2025-12-04 01:09:47Z,2025-12-04 01:11:59Z,0x913aaf0de8b1b390eb66a7cc17aa02f83c2ccc391da36ab93ec78edf6419c741;0x7fad79f01db242b354f641fa54e72120befaa445233ddf1500278437fb69be9f;0xc6a55e97262ec196cb18c2311d854084b9376bad313554978ac2529661feec87
0x7ce94f0e4683940a804d864b156d9203412d3192,3,,2.983051,2025-12-04 17:48:59Z,2025-12-04 17:54:35Z,0x18c7d332d17058e9e7b8cd27ecee4e4c105f96eff75c82e380593e4749f8cb3e;0x140f8b85d08ac033fcb200c43aea17760347056bb72336d050cc1c62f3e23be3;0x3d79964530556ddd9d08f736c5f6d6983ffc14eeff494e5560a59ecf1c6e66e5
0xeafbaae73090d40911fb00372073cd4eac528005,3,,2.9796,2025-12-05 04:11:11Z,2025-12-05 04:17:47Z,0x8edcecd7d103de1e90c1f2dcab44e90070a35e623964cb2ce520b3a7f58d733b;0xff4da3013493e6d39e20d048f8f6b41b8e8307a0d24351a3953bc4af6e28e38a;0xb8ed759066c035606e8941933dcc791fa9ffa5b9dc0658e5ae92adfa022b1040
0xd2cba30c50011cc35c26afc4ab395d0585405717,3,,2.98389,2025-12-05 10:06:35Z,2025-12-05 10:14:59Z,0x70f7aca08e4c86c7a0309504bdde5d884f2ae81efca934fb68e1cf213567d759;0x500f7e631ea64b4af980e496b17d43bad82dc557e66c2bad850275da65693c5c;0x2f717ceef898be09d1e5b447447d97f5761250c605433fc2911f9151aa48b1e5
0xceaacc11e0c97bb147d099b7ad736021bcb80be0,3,,2.9829,2025-12-06 12:46:23Z,2025-12-07 02:11:59Z,0x5598db7db8f5b6a1c808c813927ec32e1328db92966397071e5289c99460cdaf;0xc29f898384197a7c8b73f493aad202825ec86d37ff71363618733ebafe078f6e;0x647ffc5d950f43cfa96d08b12821cbd53dc5c77a8b7250a8522d437a7806cffe
0x0ff72a54a05fdafdae9d52848b91c9534cdaecc7,3,,2.983607,2025-12-06 17:39:11Z,2025-12-06 18:08:35Z,0x7a58eaf119ff79d53275c89ca7cda4fcbf506bfe4454b28f38d86c134f9ba8f4;0x548030b17665517ee5a19b554ce7f08b6673db68bfa8623387db7581c4787953;0x3a3275dd6cb929a056b99244bab74e099a883aa00f53421258a12325ece2ca9d
0x8a57b3d2f2d187eb552ff08527161965e69c2393,3,,2.983513,2025-12-06 23:51:47Z,2025-12-07 00:03:59Z,0x37f3b643509ac71b467ffc4873bdc96e39bb78e47a94b35e468db829f6fe1a98;0xd3be738755a089a83ab1376a7a363bc9b96de5c825359ea984072f72a9d12aed;0x9012a05bf8ef5daa93531ee09a61f026e221bfc17108192681c4ad65e3f42f1a
0xd5567a074b2606788f7bd2379c66978875c5f98d,3,,2.982846,2025-12-07 22:27:11Z,2025-12-07 22:29:47Z,0xaa28f7db0edcc850fb343c8a4321ca2fa8ab7c1668ce8cd1ecce20c7dc4cc791;0x2eb582e7417bcb01c19da6115565a2d416ac2aea8883a24541bec0fc94570ad6;0x75dbbd3927f0c049a83f6279fa8fc6b3c33ced0b29469fd8c731904a56b7f87e
0x51716c0b0489857c0b5ffb0d10a8c7c8c9a17275,3,,2.981999,2025-12-08 16:40:47Z,2025-12-08 16:47:47Z,0xa941d8443a27be48a379adcc7bf872081e555c588b354541bf91d880af607cd5;0x83f18e5b75f0929366ede800e8886bc0b02c9896145790d165edf9180fd27bd9;0x95ed2ada80cdb2a6129e43f3cd36cb66e8be3f23add22aa350a0afa6ce7271fa
0x2368b04ebe87cf1b00360f6a56be2b7d0bb42ac8,3,,2.9796,2025-12-09 12:50:23Z,2025-12-09 13:03:23Z,0x86b39f371b70e41bfed5cb90d9993531e0b5e3096d5cacc0a18c09a0e78be8f8;0x8cd7daa1b56d62b632181df2f79f2afc0ab71f80b039a6306dac4af3155bbeb7;0xa4b8e6c29df609f24b40587e0020a0cdce109bfdcaa4da8efe415ede2230938b
0x0d7a1646e197f7ac847bc2e588e84efec9dd3da9,3,,2.984005,2025-12-10 17:52:23Z,2025-12-10 18:05:47Z,0x12ee9334b9223001359f62fbe310fa0e15b0cb6c8da7e75bc708c67daeb30076;0x19feb00fee5495a71a2dd1609f8bc53db746e92a8634ff3c39b526248b1044a5;0xcaa3b8b42b35badc9bcfa5c274a1ffb04c0760e3175e422e7dbe89114bfa07c8
0xfc6575c5a4fba55e67d781bc1e6a4fe65d99d303,3,,2.98351,2025-12-10 21:34:11Z,2025-12-10 23:15:47Z,0x42a398a8982715f94c6429347a511d182e0d9b09ab1fdf3f61e3941b79dcec80;0x7c960c5838bcb79cac51d3de913f2a53f0466a6562eddb3c5c2fde79eb34a2bd;0xa303747d48253d1d9eecc8eea8b3266884b36f2139e4f257f93d636c098ccb65
0x85b9543495ab374cb1d67e15587089e78ccaf721,3,,2.9817,2025-12-11 12:39:47Z,2025-12-11 12:52:35Z,0xa98f382542fc6311f6c2f12f0376d05d55a9a07fd1358331eb8476153bd80b5c;0x18a804a54c8cbc023841b0d88ad7ee8a90e93c7155b8e79a9010aaf1ff048ecc;0x5073bd89f5eaf0b149f27ada4a259626d5c1f609f97f12ed4e38635af7ebc367
0x693c1c30190aef6c911f0b01258a058de99286a2,3,,2.982578,2025-12-14 06:27:35Z,2025-12-14 06:45:11Z,0x2e90336085fc3bf22306618710d3b65ec3a4626a24f732b77cd0d324ae634847;0xaad31cc87f87c4bc7177dffc8830e6c26c7b8a4f2e8c1281b67e1b73fd1614b0;0x7032366edad482779591e3727a21f1771b49c09728fdc4ed56e01dd1d2cb9dd4
0xff88979bcbb579008debc5d6c108221804ee44b5,3,,2.982077,2025-12-14 08:01:59Z,2025-12-14 08:04:59Z,0x51e6d96b88553ce2180c2b5cc8d12b9795783d79689adae9597eb38a90bcab9c;0x2d34b1bd959be89fa08f2b3f399c9309f1fe003318b8dbc94184ee619427b29e;0x4582dff238a237e1fcdd4357aab5bc8ecb45c7c1216ccbcd1ef4d2c498b1c0c7
0x40c3d1656a26c9266f4a10fed0d87eff79f54e64,3,,2.971075,2025-12-14 12:29:35Z,2025-12-14 12:37:47Z,0xbe44b240e0595f3a57868e8e65777fb868ce05c63bc76ec7f80a6b797894e8a3;0xe3dbbad2f9aa37d8d25be88e0118ce9bf2f2c0fd49fcf11cb3bbf2b151877e22;0xb25916cabaa51cf997427f5e394b1bf776fc527d4ba13422c25186f887e6b941
0x958f3e53abfc48066d4140857a4beae6ff1a163b,3,,2.984169,2025-12-14 19:42:23Z,2025-12-14 19:45:23Z,0x874758404baecca555a73214f1899d08daa321c55aef8af1e7e0010900dd73af;0x0c1be3e3fe519731df2606a9000293080f8ed499d75212ebdb32c8b6d906168c;0x61d63c67d177a166494c0b06435694a8a08543ffed0ded45afc5acedb83b610f
0xef748c45ee3af2f0b5b31d6ba9da9b91cbc24992,3,,2.981889,2025-12-15 17:19:23Z,2025-12-15 18:07:47Z,0xf41848a87444860351ca3febb8842a8e0cf811da9e3a3b3b35545b1a3a192fa7;0xfd0ea095c484e24c1085061f9517242b28ca7fa3013e76705e2ede9bf10bbbf6;0x346c3ab996c63632d7c1f3d30eaf024ecf341ebd248d72bf08f87c6c06a6c2a6
0x712a1afe5727c72b453edd882bb5f1f1cf22b2e2,3,,2.983595,2025-12-16 22:34:11Z,2025-12-16 22:37:47Z,0xc0b9a0a64fdbc3d5dad9d9d4720a6d67f1bf3fd0c35e9d9de59df535a407de2e;0xb9963b783379b546924cbea61ea46205cb68c897c262a0558e9d821fb5974722;0x2aa896749a7c8e0d3f4090f71a7d521ef8fed0e8b659ec7959c81e1dea9f3610
0x9f21213d3a280857138212f6ce8592346e5c66d6,3,,2.983438,2025-12-18 15:56:59Z,2025-12-18 16:42:59Z,0x90d154c82bacead82c40bfdda2fa0e5f2b5978e32eb32b6b1f5e64979d67fe66;0xb992fe96e46f4e933672f03a3faa824c50f0781b57fae2fc58b8203f8cad493d;0x6d6abab20cbb8e0615aff5f25b8dfe4e0639ce430372bcb1b3fac0aa5b6d5ac8
0x4d44d186e293dc94218e8a7fda1a1736b4e55087,3,,2.982084,2025-12-19 07:02:23Z,2025-12-19 07:09:11Z,0x94017c4ecdef909d783e5a92d9e2a6c80dfc29f1e77a7afbd814dfde107345c8;0xd1e175de07221c9215785aad1268dab131c7852c6cdcf887b699dc413d9a2a24;0xd2842852d1065e1004d886757cea6ec5f1756fbcdf3977b08dd84fe1ebc61552
0xf4c9bcff0a21613596b38ad0ee8cf5198835bb96,3,,2.982104,2025-12-19 14:34:11Z,2025-12-19 14:40:11Z,0x2fced871fd5ebdb0e3572df1c5bae4d442bba564929674a670b742b5bd749eb4;0xfdca31f2792985e8f7cf662216227777010f7cd1fe190f9163c07ace233d6396;0xbaa3c9dbb8d4ae9d8ec79f16455c6a3c10dc350079d2d027dcddbe7d8e581c21
0xf8d959b1f07832fc7ce7cf946738f080d4696ab2,3,,2.9831,2025-12-20 14:23:59Z,2025-12-20 14:38:11Z,0x2b382cafeee4bbb88b40aafd65ec573aff76df652ec83f6a2cecde8acd6552d1;0x37e8b6a67c27efaa05332b43bf3b8f8c3b391cd787b8fe8dcf14f5da1c7926ca;0x111e46433d6be196859fa5cc93ebe91d8a87b98d0df17c37818b1eaa61f46727
0xf0ac19abb9384d3916996fa509315bd96f37a387,3,,2.982103,2025-12-22 11:30:35Z,2025-12-22 11:39:59Z,0x575c518b10c15fa6d249e52a76d3413fa8dfbcc47f98a2c9f81a134eb2168e1e;0x3a4b465e7e605e7a9fb5277b6f5abd1677b38b82b539ba28a39376be21208bd1;0xbd1f40de9d09e69a92abc02dde900ec2c0f1261b2eff0b1790deffe921802eae
0x5ace0ba661861c391f914eaa553df58077bcff1a,2,,1.988903,2025-11-23 15:32:59Z,2025-12-03 15:36:23Z,0x4eea7672887176f77cb22cc65426c7fc8beeca7b664b6ed58c1b4d948a1e8312;0xee49e3cae46d53b73f46ec193218c0522de354a3891af7aacfd68d29134d5862
0x4e806acd3f0b8be66e38fab30df55e7cdf2bbaf9,2,,1.989281,2025-11-24 03:31:35Z,2025-11-24 03:32:47Z,0x263b671c1df52c9ddf8366e107efe31110f035176ed22795607ee9d5672943da;0x3cb001d93d7a1821580b626a7d6429ce22f525de6774dd58a26086597b527936
0x72a00d4374739a805f4c44d7b35370fe0ccc7d3d,2,,1.988811,2025-11-24 03:56:59Z,2025-11-24 04:00:11Z,0x28f92cfc5e5a5af01e314c9d58d513922e34992f67c20aab0b134cb8cbc02a3d;0x5f9fdfbe2bf8f60bab9455ba7f3333432ff8a0df60925255a65a4beec4b3ffe5
0x5ec4888fd5f4ec25a17c71e399e8e5cd553b606f,2,,1.989394,2025-11-24 08:19:11Z,2025-11-24 08:21:11Z,0x14b54e47488505c5870a833818dbbe00638023e1bb9e70c8da0caa0c5579a354;0xcae2b467c2a744633f08f239af90d81fbe56172d0d5ea61aa1a129ff7086a785
0xa2832b8a5673dd91e069c8ab9e690e82a19dd96f,2,,1.988557,2025-11-24 12:00:59Z,2025-12-08 14:18:59Z,0x3898368ce8225622ce1c6629d1b75f0af0bab7ccefbdafadcc7a13f5b3f9645b;0xb4e64096652e4da365997401e307b19c6447f54f55e810f9fd39e661fb67bfb6
0x4c6c970193cee99d5126d9eac43cafbf8f876fbf,2,,1.988253,2025-11-24 17:19:23Z,2025-11-24 17:22:23Z,0x8c70ce2848c174c2ad52165720db638db5b0f8049280828497db5c6f12fae9b5;0x3a6125bbfadda3e4d1f7e50803b71587a6c7dc30b8e57bf7630579b144a23d2e
0x7b539f44d55a0d000b10942068b1232086ee60a1,2,,1.986851,2025-11-24 18:06:47Z,2025-11-24 18:11:47Z,0xea7e6955faafeef1a8c72a838b8bd1b01eb380930d21d68720dfdeafc5a6081b;0x63e477dd0dd0eaede3902b094e97fdd607369172b81ad18d09e27d1a42871e11
0x87de9f7073a6176e3d2286a0e36a9c226c6913fd,2,,1.98842,2025-11-24 18:45:59Z,2025-12-10 17:56:59Z,0xbdc9170abbaaedda9653d6043f93a86c6d68dff4a779106b839e127f801743b0;0x3e1a09b41ef95b3dc63188102bb6dd11b3676e29ab3e4daf3b7d6d8eb85cde6c
0x48c6089c7c6411914db176b03df3ade39fade815,2,,1.987692,2025-11-24 19:26:11Z,2025-11-24 19:27:11Z,0xd14d9676f70484363c64ab1c81bec712b58cb9a9463b935e00775c7f4bb41aeb;0xcb06299b9e883494b57107b6a3b55bee617633faeae41a7366c9f54d9317ed80
0xa0ee6a5b53601bb7442dbc293ccffabbc8e29b99,2,,1.989181,2025-11-25 00:44:11Z,2025-12-10 17:45:35Z,0xd8c886ed3b1dfd95512b0d1511568b2d3fec437f75d01a74ef2a6e82e8a584d0;0xcbdffadd41deda489ba92d42fd4f4f8956ae3561dc6d1e378f04e1f2daf486b1
0x532cacc1304387ff7e24cbe7da1c107dcbc7aa7d,2,,1.989344,2025-11-25 02:15:59Z,2025-11-25 02:25:35Z,0xe6732146c54e446347308252c8164184e7a8572160e42d94b13941a63560a86a;0x227ba105dc08d71d2f0085cb62e69e4f0bba3e8e302a6bb11c26ec29313747a2
0xea7cadff629a8ccf9509b7cc2c3155ecf9cd1d00,2,,1.989316,2025-11-25 23:05:35Z,2025-11-25 23:06:35Z,0x025dfbb663e6347388c9fa32ffa776048b1df953660ed47c8e216475b5680fd8;0xdfb460f84b554842a48d5a1ca119ae5ec1ddba81bb8081306101b355f3521dc4
0x40172b378e37d087e09551bcf94b36b4ea2c1efa,2,,1.988537,2025-11-26 05:01:23Z,2025-11-27 06:09:23Z,0x0daa278f22b8d8a48f1a5dc049c7ae9657df6406d5183f979d56beb3ef05083d;0x65640a64eaef42cba23a7e8e9c4b29ebe0fc4cf87183e11c7d705e5937ac6ee9
0x085988e595dfc0778f431e985f609527ade2ee4c,2,,1.988028,2025-11-26 12:02:23Z,2025-11-26 16:05:59Z,0x36ae1c8517ab05dbb48396a6cd38b2c5e315ceb8b471f30b295184bdba9fa055;0x189b0befab07406cf46298ac9595693a5fd57576b4403a29d4a4bd79a0506ee1
0x6d8281339e7c2198bf5f088877928a9bc3d9b439,2,,1.988615,2025-11-26 19:09:47Z,2025-11-26 23:19:11Z,0x9bee803525cb8c29c87f402ad392277ad49eec50708235741c258aa652754195;0x800f37e3dadcd098e6175858010dcb631b78b5cfffe692bf07c02bf8ded0fb15
0x47417f7ec64721a2476d306a2ff1082098414f82,2,,1.989439,2025-11-26 23:35:11Z,2025-11-26 23:38:35Z,0x470353168c0af83fbae653eba924f5d84d4058c35d48a712e9b55aa4f278809a;0xd488a98e9961f0bb8d4b6e549b5203e0a871be79e3caf8005de758dc71df6a9a
0x8acd98d06c41cdf04022069742e8ef85f4c3bcec,2,,1.989337,2025-11-27 04:12:35Z,2025-11-27 04:15:11Z,0x8282611ef04bc6a19df1dbe5202b0f255248b45493a3766c273968e2d3fbc046;0x1b45d5e6e99e85fb56d0a94278d4ebcd05a0b3703dce2d41934a400bd15b7807
0xc86616ae87bb9e72a57fe693841cbd8063e538b3,2,,1.988652,2025-11-28 00:53:11Z,2025-11-28 01:22:59Z,0xd796b7a8f30ff1520a58ab9895c2e5d22fb1371f3574371c4c04d36b874e14c7;0xb1380cda85fd8822e56ae882b42cf4b9d66754fbd5d5ad5ba7f2fe4ecb6a7249
0xee4c45cc5eaa535cb8a8ffdc92f2839a601fe226,2,,1.988647,2025-11-28 06:52:59Z,2025-12-02 11:03:35Z,0xff5a0e0c3b97f93606ec0af13dcfaa15ffb2666ca952810658d895c6ebeaa127;0x147bb570b5895ec25199168c05ffb39a45268a1a736e19150add1266f91f4b80
0xf51a936f42079768169b4259dad29adca30c79ab,2,,1.988058,2025-11-29 11:23:23Z,2025-11-29 11:26:59Z,0xb32b26a481188ea789007d411ebbe798332a64bbd82d7e08ad387af09a1673ae;0x5afe9c89b92ad46784cf1de866b4b7523392e95bd6d27c347cd22c852b32a0dd
0xed5dd795f6874a585bfd14df75e5e12d5d23746b,2,,1.988458,2025-11-30 01:13:47Z,2025-11-30 01:15:23Z,0x907bd73854a790a3ed824e428a0a6d73db55efe07628362f0a210d902196aa16;0xb0d25853a0e635ea8c419e513d37530d7479f99caa45d6e676fccde149d509ce
0xa577fe535339ee6384fd1699cacc3f4c2c8eeb14,2,,1.987733,2025-12-01 00:23:35Z,2025-12-01 00:27:47Z,0x143c8ef64b9459bd8b53a01629416dd355c6e005eaf64e64823feaba6dc73655;0x75901a482c682747aa3af9379b28ed2a8d7edb7339d0dfd971d975809065e4ab
0xedc342f97aa62f80b832c105323f5ed54970ea60,2,,1.988747,2025-12-01 04:03:35Z,2025-12-01 04:14:47Z,0x62028d076a8b340b6615304d345d0e7257989765e0953510311ce6d9783019b8;0xa5b5de76a3d88df8b6742bc489639b4b39d9911405b156d37baee8acbf8cd1c7
0xb9a630d9299b6be21740bf4893855e6c6f082318,2,,1.988245,2025-12-01 05:32:59Z,2025-12-10 18:44:11Z,0x0df147c7994681bf711ccfccb47518245bc93f6a7aa8980700973703e1b2b85c;0xf5aeeadedc7e9f88260d7f8ae5a39d38641f25ba500a3fd5eb9ccfbf0d2930ea
0x87766c7569baacd6f735693a6186e2d304ba14a2,2,,1.988355,2025-12-01 08:03:59Z,2025-12-01 08:22:35Z,0x523e9d2a992c64a1a5690f77855327be60ada0c063920ac7eee8eb5c4eff40b9;0x090364710cefcd9177b8e37e6a3f0fb0f74c3bcd81a6a28aedae971402c99a84
0x587ee86845e3c1251f32941e1270c01ce3833a3d,2,,1.9864,2025-12-01 14:18:59Z,2025-12-01 14:20:59Z,0x762cdb79a06d792b5363c4a66900f36ce4c95ae780c16952d5d408263dcb0fdc;0x219501e2651d4512f8b21183a843f64b418b049cfe15898ccd70fc90de6d2938
0x218103deab7b7def04a62ce0495ebe3373901455,2,,1.987929,2025-12-01 20:44:59Z,2025-12-19 15:20:47Z,0x22905a9e3f16ab72fb612502feb25c0b7b41ecc76084707bf64d509e743fa212;0xc71cc6b5db247459050a0f77916c46aef318704f6ca6e4de92a090d5ca1db971
0x648512f56b1e3979cfe6d52fe971189c7b406509,2,,1.989463,2025-12-02 10:32:23Z,2025-12-02 10:36:35Z,0x4e015e39061f37ee1cf5954a6560bef43a832a6d160f2b32d293ac8702c31e18;0x939816c06557a197c5174db3a100b5c1d76bd3124522e80c0dbd9c6657858338
0xd95705e5259cd6715cb588b1cd0afd4d8b053e77,2,,1.988664,2025-12-03 10:05:35Z,2025-12-13 20:39:47Z,0xc02a8593bbc2a8bc9abc640a505ac70d4c118b9a547abbe529d5da8b6d69052b;0x68dbfe537c96fd9f0d7e64d57fa38780426f333b67ceb6e543688cabf4b7e849
0x3b8daa8566e631b2457c512d93577fe21a8758cb,2,,1.988496,2025-12-05 16:23:23Z,2025-12-05 16:27:23Z,0x2b9f733620bebfe26a83c210f8d3b93c7430e49974373635796ecb318029df88;0xd3a8b9e65165cd279e3ec39137604bcb5f6fbab3e3f500854ecc110b1f3d6c73
0xfad4bc74fad028c494eb5190784fb65e77716b54,2,,1.988074,2025-12-06 08:00:47Z,2025-12-06 08:09:11Z,0x132a05c056c4cc3d7f745eafcd076982af6e75f805521e25d1d48308bea1e2dd;0x37f411d3c3a5c5c035e28bfa48b04403ada82320274903d79dfc54517b1e1735
0xc1e55b6b40799d576e60f3b4b02dbcdf677bbf32,2,,1.988518,2025-12-07 06:38:59Z,2025-12-17 21:41:35Z,0x16ed09ff403bd90dfc71c1c6bd6992169bf18fa0372e41b12e2aea68708ae420;0x7157a0a0b69b389aa1eecb0f294bdbfe31b4e17eb86104f0c8a41408e7ac3bbf
0x639cd71442d43dcfb6b52427b83cafdfde569da3,2,,1.987848,2025-12-07 10:38:59Z,2025-12-10 18:09:59Z,0x78cf28b346dc133575a29a1968b20d1ace01c60ee11ae898229e5e4b05778f9e;0x8b85b73294669dae3faf1fd3b32ee2cd4c5d072b292e2c5060a016309903a8ff
0x503f4c20a7e0a11c31b7b36ac5aa8dd10b798272,2,,1.988084,2025-12-07 20:14:23Z,2025-12-12 14:42:23Z,0x3a69b4c70c014d9b645d3c4bab10bc93df3926a01cff0aeb0c6c1b3a07fcf2f6;0xb6f76d7dfde42a4f0dff1388dd17c687367e0696038c595e59750ddfa5787e3a
0xf4c14819cf7045b434f4f5e6dc5c3c67f3d6e856,2,,1.989346,2025-12-07 22:44:59Z,2025-12-07 22:54:35Z,0x24b66dac85dd4539e2f0f006c792c3f02138fa25b1601d03dc7257d6ef3d015c;0x9a2e71e2cafe7a646914716378676e243a499d063598ede8759f029f6a495931
0x15e69f62b0e0865d20cf7ca9f1d31134a8df5abf,2,,1.988905,2025-12-08 05:41:35Z,2025-12-08 05:42:47Z,0x38ad3e460bbba23325fe9fb0d4cf2361a868932d549cae84482d08724ae75c62;0x6dd7803e6fb8a92e9e7419b707050e7fd7ad853cb946048a0c557a208d1964d8
0xf833ac797cd42159ac237d2203819796e2150c19,2,,1.98851,2025-12-08 14:42:59Z,2025-12-08 14:46:11Z,0xcf04a2bdf78027f4486bcd89a30db28dee356acb5bb4d4fbf4070531f1eb45f3;0xe3794fcee503a1cda2ff8c36704964bf5e03a7c7ded37b312f127916200a0665
0x3b10acfdf41350a947d07e944e6985fa5c5557bc,2,,1.98871,2025-12-08 14:45:23Z,2025-12-10 05:54:11Z,0x66fb5206951d295dc1ef1096392a214c7eede58ac3c1e095a085bdd1cbb7a7ec;0x5c162ad96442137ae1007cc411c3a350a2a0ff914db04d240a31464c02985deb
0x4ec26342a028ad8871ba4c968c57819c9b032c59,2,,1.988929,2025-12-08 16:08:35Z,2025-12-08 16:11:23Z,0x2bc918a2464237dde3c156eac7b97a919443490a1f818170beae8dacb3fcca27;0x9146544ec2a009c3a7a945dc1e50a2dd75c89210f24036fbfd7b9b3a9be6b1f0
0xbc5f7face9e6f57e212a2781271fee3710edc49c,2,,1.988066,2025-12-08 17:17:35Z,2025-12-08 23:30:11Z,0x8b60db6b9872ad2271b9ec460dd95f76c22a987b20764a2707f3d280dc78a0a8;0xd28ce83d6db80e79f5888b0f4cd5310975aaf3990b3d358bae089cd57f83fff6
0x9435a8ef86822eaa7e85fd9659ab83221e6c7887,2,,1.988405,2025-12-09 04:06:47Z,2025-12-09 05:33:47Z,0x1bf55444fa6a5cf644dbe6930c00eae1f917bf02ca1d0b2a0c775e4343054c7c;0x6918daea49affadc059192ff7dd9dea84e8be810e95ff581295687872abdcab9
0x4f8affe6cd269d1f8352d0542432de6975c3912d,2,,1.989321,2025-12-10 13:42:23Z,2025-12-10 13:43:47Z,0x3a061f4ff92d4dad3723ccf580f8cf0a2032a8bca9b9cdba05c75bf03b94cee3;0xdc2dc3efba4e2badacb30fbb9fa07809281ee33e2984e9fa251a64162f615235
0x18cb4cc4bf8e59b986538338eb525ff6d3c05d29,2,,1.988623,2025-12-10 15:15:59Z,2025-12-10 15:20:35Z,0xd3bb25ac5d1a6ff76fcfb0179a5352af118161c25f3f30541101fe8d97acb30f;0x0ae0de7d930fc401bfd242237d4b4d389fbfba0531dcc8b353d29cc7769e549f
0x0fa9ecf73b6875b548dd1d72a5d3c9e1390a121a,2,,1.987944,2025-12-11 13:05:23Z,2025-12-17 09:24:23Z,0x3171825fe813cb359abe7b129975566df254c8a77bd738a5550ec97bcf8cd73d;0x8cceab2d073845ceebe8d5c7e1f389f627c8ad79ddd8220febb6f04490d6460a
0x89a57e5aaa0ea467a5193469ef2dbd13de7ba130,2,,1.989145,2025-12-11 14:59:11Z,2025-12-11 15:02:23Z,0xe9918ca8ed5129df77499a5eaf1b0aad810af8964203e1638120fd576b318cc2;0x7842abe135d335e8ae4130a7707c40872693121308a92ad1e4f80d923d740048
0x69bf23ae6e5de82b05704702f8f53299b119bdff,2,,1.988969,2025-12-11 18:04:47Z,2025-12-11 18:06:59Z,0x325527afe93b47ad0bcfbd01f08e2375cdc0b288eec65ca6cd955d3d40eb5da1;0xfc8f080f4bab5cfc6d6511c795e50fd0a5dd46ec08b47331fbdef617cc29d4df
0x891db22d3c2347075ea7039b05e0bb0e22ed050e,2,,1.988733,2025-12-12 16:20:35Z,2025-12-12 16:23:59Z,0x8d98f4934c1f001ae5a5f21ff265f2eb4be113108c4f03f963d297c1619bbe52;0x3b06391ccebed65dfa7cc03f5959a35dbab7f4c506579ca064a2e734ec20c928
0x6667ee5c83e9cc06cdc757fac7abaa159505f147,2,,1.988762,2025-12-13 15:18:11Z,2025-12-13 15:31:35Z,0x3f0e319f5c3ba1197af5db0c9c2c896ffd31d6bef5adeaaac796a6a956ef48bb;0xd00efc25c3c165c03d6c4cfa47365fb31aebfe9e1bbed44b4c30f954c6bb8918
0x6c8413e9facb9bd2a3a9243ae6ba86eee59d356b,2,,1.989454,2025-12-15 07:34:35Z,2025-12-15 07:44:23Z,0x373583d674f82efd63ffab4871fc3bc344070413cb8f3657709102be8fa2a7e3;0x6221928b8c58992279ec5f4453c4e0766208c94074cb0cfb2a2b4b4a3c5a5cb3
0xece3b30ae77460335c01611c04bce94d9357c721,2,,1.988657,2025-12-15 07:46:59Z,2025-12-15 07:47:59Z,0xe6ac1195db56aff8279d2382f755824a00581e65620b37050ab28e2d30a9afd3;0x4f994b5290f49dcd647fd5da3f11569ed76b9c59cc634e8e50241f1158518abe
0x0f3d259ecbc78c01b6bbe631fa623dab57d3bac9,2,,1.988653,2025-12-15 10:02:59Z,2025-12-15 10:05:23Z,0xb53dd39a62c7115e85ee1777b629cacf0fea4058ef2bd1873054812f194aaa67;0xce0dfcfbd077103dd8ebda4b384244e255a4f54e8c36ee6e62317908538d5343
0x3303d12e11a27e242f27046e9e3141c0d15eb877,2,,1.989459,2025-12-16 02:01:23Z,2025-12-16 02:02:59Z,0xc4e7fdac9d52e5d65a6484edfb081879d53d9be0934b224848a90448503d945a;0xc07e1c8d534d0cc50a6112d52b8d0ddea852f96697dedaadbfe365e9907e061f
0x2d6a592dbd4660448de299c3b264b45992c3e983,2,,1.988047,2025-12-16 10:55:47Z,2025-12-16 11:01:35Z,0xe94cb4e52b59c7e22b4fec2277a2421c96658be5f362e643aa81c1d832c90045;0x3eb3e85f0aac9f55e8acb9658dd34a5ce40cbbc33874277792cc2c71df42e86a
0xcbfcac3316b8a95ff8f1cd135f1b17c35a4b11ca,2,,1.988868,2025-12-17 07:06:47Z,2025-12-17 07:09:47Z,0xb65ae2c5d6a17adaac9899800c59666ab4953ef1c6efae59ed79f19edefb76d5;0x113a86471d57fef214aaa01cd7939ddb745b9439cb87c5c84f9d67d43ab86cb3
0xc0d3d5ed21cc12ec066e0b94b4d0566a078b46c2,2,,1.989065,2025-12-18 11:05:23Z,2025-12-18 11:08:11Z,0x4fd6002b7fc42a7aa03044abe9ef3b7a5cb0e1602fdc880e1e032f3712983d86;0xcfcbb94d784b13188e3ff9f761b3f43c88f217649d6a4976249c70e16d87dcd2
0x91a61c1930f3236235b5a77f387303fabc15bf38,2,,1.988071,2025-12-18 22:13:47Z,2025-12-18 22:15:35Z,0x5afd9d9a25126470963a4b96bacb1928e249dbac41250bcd2d772ee3fcfb91ed;0x920056ebf3e623a6960bc16cf07a9d11dd37a5d5655d16fc3cbb8b50a00a25e6
0x81226e2af34bc84aca82fa78ca693176365efc35,2,,1.988774,2025-12-19 01:32:23Z,2025-12-19 01:39:23Z,0x1200c9dd3a7850817288e2a805ff85df4a4fe5b1eb7472daf6f0e2d4d49c8987;0xcc184d7227487fad3d37fa581b682bf3352f3fc0a58cb5bf17b1a3875e8684f0
0x1389136575602d7968d6507ac5027b71209bddad,2,,1.988969,2025-12-19 14:01:47Z,2025-12-22 08:15:47Z,0x1dbd6f8afb53733e1ccca690cfa641321fc95b91804be7ec287436f4bd3a993a;0xaebc68cc830cce78f816cf90fdbf086882caec7f2d9531fe1662c78dd9cf7b52
0xf65186c759f612ed99676eebbea8a90aa586fa87,2,,1.988065,2025-12-19 20:12:23Z,2025-12-19 20:14:23Z,0x3fd4802031d6b8a593c4d07d6fa809eee1b04800b623d6aa8a0804eb62b4117e;0x619f9a476745ee8cdc7de43bf609869d3fd44e343ed9905b555fcc1305002e13
0xaae0e89de29d2b80e8afb764494b0dccc4f87963,2,,1.988657,2025-12-20 15:00:59Z,2025-12-20 15:01:59Z,0x2f1b66ab6ede5e0d3655e673dcfe35022c0272bc8bf86cccba3befe0d001416b;0xbda47c3ba76f34c14811ca715e633ae36dcc58de66d068162fe7b24b8b310832
0x81fcb7107ed0ddb80c5549f50c28d24f5ec8793f,2,,1.988669,2025-12-22 11:30:35Z,2025-12-22 11:38:23Z,0xcc5387bf8054bb7fa2faf8a8e26d93eb08c5d958c29dcb303bde5377a45f831b;0xdc23a1d3b70e72141cde764c8138827c09bc3797afd47bc62722737ea59c3c2a
0x581ba276d37efebcb59707e181c169f2db0cc0bf,1,,0.99435,2025-11-23 01:24:35Z,2025-11-23 01:24:35Z,0xbad1f8109f2c72436c7462d8ab96777ed51f212e8dfdd6c52102e21e394263db
0x881be6fdbe15c1cf17d0cdd4fb0a4cb1531e3d26,1,,0.99465,2025-11-23 01:29:35Z,2025-11-23 01:29:35Z,0x78662839ee2defa5d5af182b25ea3772722041bf04602392f2b741803169df48
0x6d3129c8e1703a929202b8305b359797de4c8ef7,1,,0.99465,2025-11-23 01:32:35Z,2025-11-23 01:32:35Z,0x5c28792624fdd6288cd03281f00facccaa654041678bf246321a16e8f2d6894e
0xbba1237b3542848a683de0fc0beb5e55773b9e26,1,,0.99465,2025-11-23 01:33:59Z,2025-11-23 01:33:59Z,0xa52d076c6c37ccca28854a14bb01bd582c32e8fbe8f23c029bd20cd87498d9d8
0x372770268b355a12c035ad507d323348709ef23a,1,,0.99465,2025-11-23 01:42:47Z,2025-11-23 01:42:47Z,0x93037be76acc7f4db4ed33a03e7d0e06095da00eb1a9e7e0598cf18b24d2df4e
0xc994b2515388eabeaa385c0026b592c2a2c98dca,1,,0.99465,2025-11-23 02:11:23Z,2025-11-23 02:11:23Z,0x6785545d3c945a24084a494a214260360048e248b3e5a9d93330efeff498bc48
0xd4a39f69e39c5a91f678ffaf3b09df5a3fd27e25,1,,0.99465,2025-11-23 02:17:23Z,2025-11-23 02:17:23Z,0x3ac2b60aac7182dc46dfaa2c971798a0737a09221fce51e0ba330fa4dcb15d48
0x78bbf0c40167e246d59739e68bb84069abe413a5,1,,0.99405,2025-11-23 02:20:23Z,2025-11-23 02:20:23Z,0xc711dfed4959e401541059373ec7f967b93f3acbaebd10a5c2c519ddb8a5db0c
0xac7fc2f61ff2630e76cb7c7fcb216e28218b2338,1,,0.99465,2025-11-23 02:29:35Z,2025-11-23 02:29:35Z,0x24203c32bed56085e795c1b9ee95559d5c8155ae1820db406a7bda83fe78afac
0xe048b0415480f63c08aa8e7473ebbe9f67ea357d,1,,0.99465,2025-11-23 04:08:47Z,2025-11-23 04:08:47Z,0x691599890810f8cae6694b91aefe57d3975f109f33ae0d2f7b6d7177d446cac1
0xd8a6bb76af4c75ee200817e15aa016110bdd1737,1,,0.993978,2025-11-23 04:22:47Z,2025-11-23 04:22:47Z,0xfc24ba37739088631742b3141176e87106f1a72c091723b3adf63a8623b806e3
0x2531c0fb230a4dbb6e3daf7d51bbbab5f7fb274a,1,,0.99435,2025-11-23 04:27:23Z,2025-11-23 04:27:23Z,0x6ab26ee5f94bde079483b7ed07262860d7135b90dba54132e603eade1052c674
0xab6f9a4dcbe5a759b8287270ce5b5764e460fe0a,1,,0.99435,2025-11-23 04:42:35Z,2025-11-23 04:42:35Z,0x623741666e8714685dbbe90bc83ee7a0d073d351f3515cf14ca78db301133e37
0x6ed14215e3f8fad9a2997205c157851bbf09b17a,1,,0.99405,2025-11-23 04:52:11Z,2025-11-23 04:52:11Z,0xb8bbbe65c36f08459a25bcaa26848b4ec2b23b95233e104981fba79c4ebdad43
0x2e3be25fc847059fef46551c9b1565d9a14e12d6,1,,0.99405,2025-11-23 04:52:35Z,2025-11-23 04:52:35Z,0x7c7114661cd97f814301ee09447f20f3cc10c75903f16f4b2bf43741b076d901
0x4a66921973e613d2dd02a0d64f16e561fa02de58,1,,0.994,2025-11-23 05:30:23Z,2025-11-23 05:30:23Z,0x4e7d0422cc90e402142c54dceed724b71055ab4d41b557928d6eeb8f5463c7b0
0x8850f23143f206ac2bb3664f7d9242f6112f468b,1,,0.994004,2025-11-23 11:22:47Z,2025-11-23 11:22:47Z,0xeb4de2831bf444111e4fd44ae1fc62da8970cc73974c8c1d6135805709d56023
0xd7ee31ac282f2ac60cad12ea41192011df1ad653,1,,0.994304,2025-11-23 14:33:47Z,2025-11-23 14:33:47Z,0x223f418a8b3e509454b9a8f91c415b0ca67474d62ccea18e57973d20c2ae80bd
0xdb7cbeccab367ca405c0b828035d71f3f9cf27d1,1,,0.99435,2025-11-23 16:16:11Z,2025-11-23 16:16:11Z,0x8473269f613801ab9169f7b46c3ed5776310235c50e4c878580862a4f027dca6
0xd6d559d9f17cb27e7edc51c0206cb9756e8d623e,1,,0.99465,2025-11-23 16:16:11Z,2025-11-23 16:16:11Z,0x2bc68d0931b859012abbe65c84aafc5b132c30a7dee635238b447de9e1a8749e
0x80c486306dfe1c9841d225bc289e93a0123f14f9,1,,0.99405,2025-11-23 16:17:35Z,2025-11-23 16:17:35Z,0x9edbf23d47c8a327bd32a14d533236a4114b9b57abe74f8a73e0bfa1b6702403
0xe1ca5b49b90c5ce10711d00724e47e9adcb73a81,1,,0.99465,2025-11-23 16:17:47Z,2025-11-23 16:17:47Z,0x6fc2a3788ff3f026f73b4c78f3a2804b9d169699a7e2ac3561a55da3c518845e
0xbc837a221f2162bfe07d66568fd0fdf8dc4d6779,1,,0.99435,2025-11-23 16:20:35Z,2025-11-23 16:20:35Z,0x10b79ab4bc39e4771b1093d5d7335313aa64fa41870a5008f941c4cd5092802d
0xded815beeda0808ac38fdc728c2247ba9cec393b,1,,0.99475,2025-11-23 16:21:11Z,2025-11-23 16:21:11Z,0x4e35f9da7ed9b106aa176bafbf2f0c9f74d81b66630574385689591a6b5dbae2
0x56e5c2702681464621afcea09370c74fad6be06e,1,,0.99405,2025-11-23 16:21:59Z,2025-11-23 16:21:59Z,0xf1f4f5cb1d26000ea252d2b92c700a4f10f4d960b83b3697d090a96dc178420d
0x593d7418279782b78ff7b5afd43d626b2b84c5f2,1,,0.99465,2025-11-23 16:22:23Z,2025-11-23 16:22:23Z,0x5228fca679b1eede1f007eac4b97aa0645a536f1c4b5152b851035ebb6cf7cc0
0xeaa9f66b689fd053f2d42635f50375fd5755a3d4,1,,0.99435,2025-11-23 16:50:47Z,2025-11-23 16:50:47Z,0x4727c121a2130d8377dac5bfba16a3f07a8f7640cf0600b33fd327d3faa67aeb
0xdbabf41b36a0f01ca00054996debc5eeea129917,1,,0.99405,2025-11-23 16:52:11Z,2025-11-23 16:52:11Z,0xd3576b5ec0a373add408c9bdbb32e2434795577cd11c11e93bf6e9c7f7e62a45
0x7ac6b3979bccb1cf542a6f2b5f08a0c05ec52036,1,,0.99475,2025-11-23 16:52:47Z,2025-11-23 16:52:47Z,0xcc149d28bd52a2ee2e632e4aae76017439cee4bc23cd52362cb701917c722acf
0x35b39c3e801728172d02012f11944ca502072ca2,1,,0.99465,2025-11-23 16:53:23Z,2025-11-23 16:53:23Z,0xd70ed4f492ca40e0316a0f67d2915f0d542087da9cbcbf0b0913717889ea1486
0x29bea22fa87cb85acc36c0bccc3259a475b1dc3b,1,,0.99465,2025-11-23 16:53:59Z,2025-11-23 16:53:59Z,0x013367fbc27b3fdacf80b3bb51a20d6ae0019c31bb0c882e85f975e252d9840d
0x85f2dbd81c8a27b733e457d21919d4604f5a578a,1,,0.99465,2025-11-23 16:54:23Z,2025-11-23 16:54:23Z,0xacf6df8766406d63e1fe993d46f7cb75e5060f42c5d83289535d845919df050f
0x7171b3f37a8d1564f10cd32185fca8cef99d224e,1,,0.99475,2025-11-23 16:54:35Z,2025-11-23 16:54:35Z,0xbff0f946fba84e1820396ac055845eec98d731ca999f806dfdeca0c8c52be0c7
0x177e99dbd8e9b97239824b3410d580564fffeb03,1,,0.99405,2025-11-23 16:54:59Z,2025-11-23 16:54:59Z,0xf66cff21e241cad185ae068f14f93c22edb776570d65d16c81848178f79d433f
0x5955115f8eee4e3303006a501ad962401159eb6e,1,,0.99475,2025-11-23 16:55:35Z,2025-11-23 16:55:35Z,0xf939c6bc7285813164b9f6ab3bbb142fc54c5e9037faa9bbadf89fe6af8e6e18
0x2e19f4427d81e8c6f3548deb3be7c9c469fe2b2d,1,,0.994005,2025-11-23 18:19:59Z,2025-11-23 18:19:59Z,0xfac627eb7e0840b1d0905bcad0cfe016438c9c165a512ccf3aa9ea9af51207b2
0xfecab73881cc94214cd81886c386e728ef0e283b,1,,0.994601,2025-11-23 20:54:23Z,2025-11-23 20:54:23Z,0x0ec9329436cc94bed25b7e9bfb0c7d1c51fd1423fe66233f2e01a7f88a1a206b
0x328e6608715ee23c511a0d0800660a4c45fc23c6,1,,0.994307,2025-11-23 21:04:11Z,2025-11-23 21:04:11Z,0x5ad21160d307b85bfb2b4a7b2222e9bb2da92768ab50d09d9a2e1e8f73a993b4
0x14860c30582b76345965cb92366ebc5d5a3005da,1,,0.994506,2025-11-23 22:22:23Z,2025-11-23 22:22:23Z,0xd475875210b905d61a7ab13c58f946e20d88879a79aced331d292546d4fc26a7
0xd9f63d430beb2638b313aa23280b577e3e201343,1,,0.99405,2025-11-24 02:30:59Z,2025-11-24 02:30:59Z,0x77815110c58b7175707f48b2b9d7bcdd7701d717938a02397da0a3f1f4b6d715
0x0b51d8bdd39e2c9efd70014c22e36b7ca6182155,1,,0.99465,2025-11-24 02:34:47Z,2025-11-24 02:34:47Z,0x9f930cf59713c90cc1a5dec891eac9eeceb0447a2e74568562fe194247bd74ce
0x29dc1cdd4d6f0a6bd397863ff9ee7cab80632e96,1,,0.99405,2025-11-24 03:02:35Z,2025-11-24 03:02:35Z,0x7f773db56f86daac01ca368f1fd866577fc5486df087f1d1e671ca5466be9d35
0x82493415d2bca920c530f44b693d9c2295b6d981,1,,0.99435,2025-11-24 03:14:35Z,2025-11-24 03:14:35Z,0x445e828aa26f31985c79d86b68ce658869483795bce77eacf1054ec6295f35be
0x8aa16e238fb984d09ae4e43f0384797952fb2340,1,,0.99405,2025-11-24 03:19:23Z,2025-11-24 03:19:23Z,0xffeb2936068531180d820c85a190a49a42978fb955becce193aba88ee666d87a
0xd527f1bfe53d35c8692870e865ec4a9d4be73ebd,1,,0.99455,2025-11-24 03:19:47Z,2025-11-24 03:19:47Z,0x296d95273c9725c907902babe2ea54600ba451103d548fae0b2c02df82b31c2c
0x6d745bf45b6ceb41e2d3963ebdb6399eaf50113f,1,,0.99465,2025-11-24 03:26:35Z,2025-11-24 03:26:35Z,0x30ee5253dc140cd1066d7dca0110c520189300f5b58141bdbd99dabae90cc255
0xd4b5b5bcaa78e6051474fbfeba0ece8fcfe9b69f,1,,0.99405,2025-11-24 03:35:35Z,2025-11-24 03:35:35Z,0x8b6059d82c89db9f90270e4cf0941438b9e862820c78f92d274fb590a607185b
0x63198bf85b8ef4ad279c9318ad725d6da4576812,1,,0.99465,2025-11-24 03:40:23Z,2025-11-24 03:40:23Z,0xf9abbe26d74719fa929d9caca9ed0a03768cba45b93633d725c0de75aa59190f
0xa4867ef525c7cf8aca84a7d7f8e8fc5c32172f4e,1,,0.9943,2025-11-24 03:41:11Z,2025-11-24 03:41:11Z,0x81661021d310ba9c059c1d4305a5b7ac3741b58fdbc985c852e0762aa565c8d3
0x0410de6ecac3376dc960a579a569ef01f73eba52,1,,0.994707,2025-11-24 06:23:59Z,2025-11-24 06:23:59Z,0x00aa912817d86acf0423c0f6b2bd17ad586911d084c4937e4acbd54de3a25e8d
0x583fd3b7c59eefffb6b1f1e09d715cd1be2adfb4,1,,0.994602,2025-11-24 06:28:11Z,2025-11-24 06:28:11Z,0xd3e792659316606fb91006839d3a338087a93cd427432e5275f95780bf5b651e
0xa65d6cf3af7ea2d29245844eb96d1e78e6cec47f,1,,0.994602,2025-11-24 06:45:47Z,2025-11-24 06:45:47Z,0xbabb12487dc3f7991165c90e5be277d5e4e70a715c012c6667a00c103ac0cacf
0x688d499283e020efc1f7254802da3d70dd3067d7,1,,0.9932,2025-11-24 10:42:59Z,2025-11-24 10:42:59Z,0xc8f0bcdec29bd3e1166beaa6f5aeae15dac05313baa8b4e89a55ae23b97d6a4e
0xa78af0da761f9922adacb23a9f0bd93288e4a436,1,,0.993976,2025-11-24 12:27:59Z,2025-11-24 12:27:59Z,0x7d134e86423658e6da6847ccd7e623c03b1361d89a8a6056b7af3b1df2503a7e
0xd75bdd0900488beca7402a12ffb3f710dcb22293,1,,0.993928,2025-11-24 12:44:35Z,2025-11-24 12:44:35Z,0x250463249296940a95d586d471776a7b21e3ed8c050c843ce6905086f9ee6886
0xf735e0bb799aef92ab9506a2248d98be93608601,1,,0.994582,2025-11-24 14:02:47Z,2025-11-24 14:02:47Z,0x658687d033c2120c235b34c6ca912ee2251da47e547fce57774f58af1e30be6f
0x3706b59323064c3c1ff50c7a011edf9401da9a88,1,,0.993989,2025-11-24 18:31:11Z,2025-11-24 18:31:11Z,0x568a0cee5516cdb11eb02de7f2718d4081f851c4e05ecce045f0f515256a2007
0x918fd2f7589b6272ab116e834101f9b4bc2c0766,1,,0.99428,2025-11-24 18:53:47Z,2025-11-24 18:53:47Z,0xf1eefaa00a2d4f8c023cd1de492a8b5696ec82e5f330c4b5ddcb161c032d3bd3
0xe16378f8e1b779135e9ebac6ade2edcbe6c7aa44,1,,0.99389,2025-11-24 20:02:59Z,2025-11-24 20:02:59Z,0x2fc2643a5f810458ebd0a8ce69c6780076355e797cd79bb332340e1011f3323f
0x9206274b2f94641231f540750909ca35f73a67f6,1,,0.994307,2025-11-24 23:58:23Z,2025-11-24 23:58:23Z,0x8daf269388d66b50f57fe060a40eef2540ed17a1c0f049c3745c26a4dc3a10a6
0x95fc4d390c8bd58fe154e9f01389c7b430cfc638,1,,0.993988,2025-11-25 04:16:11Z,2025-11-25 04:16:11Z,0x6c5445522c1f47a1c942c051e23086cee8b71e6a293fb25a4e647c4a8ae2352b
0x891b79301b0e86489075c24e58a04fefb4a19a1b,1,,0.994291,2025-11-25 09:13:47Z,2025-11-25 09:13:47Z,0xb0da3e196ba4c008f7054f81d101ac9f34eb80bb2efa9c727ae6d6ab53fe93b6
0xa21a80549ce4b778c314af41399edd6e49b19168,1,,0.994704,2025-11-25 10:15:23Z,2025-11-25 10:15:23Z,0x4dc29caf9665a904d4c290b926d4016aac918116cdd9b26e81c716835d3701e2
0xa79dfac41be9a63f0ad546f77aee6a7f9103634d,1,,0.99435,2025-11-25 10:56:47Z,2025-11-25 10:56:47Z,0x354d96e762b523e5bb60e6147a3a39355696e8eb496b431252e4faac3f8cb142
0xc6057216c345b7f87fb505c7af49c34a4dcc3f8a,1,,0.99465,2025-11-25 12:07:35Z,2025-11-25 12:07:35Z,0x27388e2522cdadc396290228d1a43f993b98ae153723f240824215cf0dad4495
0xeb733cbd8f0d36edd7ee274c9fa15f85a092fcda,1,,0.99435,2025-11-25 12:20:23Z,2025-11-25 12:20:23Z,0xcb684748bc57745a407ce6e52031a67dfe60ed270249e00bd11abd67ad6faa1a
0xc07ede270518cff71daafed01b7ce453d073e01d,1,,0.99405,2025-11-25 12:26:47Z,2025-11-25 12:26:47Z,0xed978db9a23d5153fc73a0169879025a64277a72219d184f5db193af2eef122c
0x5798a6783637a2aeb26e18eb536103c0786ad73a,1,,0.99455,2025-11-25 12:36:11Z,2025-11-25 12:36:11Z,0xc406304faaadc05f0a391c1d5a125161d79afc52b55600b215aff89211907643
0x53ae07b8fe77edff135ee45d41f5d147de2dab6c,1,,0.99465,2025-11-25 13:02:11Z,2025-11-25 13:02:11Z,0xbc4197c1871143334f27d4857634cd0b71e569e221b7837b7c2bccc149db4b6e
0x242a9d039f0345cd123a494baae433909c2ccc2a,1,,0.99455,2025-11-25 13:08:23Z,2025-11-25 13:08:23Z,0xba8840f6cfa4b9de6d3b7bc92bf577f7700978230c281bc22b4429612b3ff6dd
0x200ec2182d8910c1854d4d6ed5717b19840c883f,1,,0.99405,2025-11-25 13:11:35Z,2025-11-25 13:11:35Z,0x93e1c4eabe2e8e6a092e6e3e91eeebc0719710c1e8389a825ed61158333fc6a9
0x315b603980a7d392f71de4bb150e98d02e610301,1,,0.99405,2025-11-25 13:31:59Z,2025-11-25 13:31:59Z,0x1ec1c73eb15be1204ba264182c916eadb87b66b9e55967f7f1c6ea49818d7072
0xe0660e3569dd5a8f47498dd9a369286b2199d550,1,,0.99405,2025-11-25 13:56:59Z,2025-11-25 13:56:59Z,0x2a0ff60c5ec934c498279aab2dbb6cc2aa4979adf986fef2d37fbb3bfe0fea08
0xa09da9594de2fcfbc45d2de2a885fb37aeb8e222,1,,0.99475,2025-11-25 14:17:47Z,2025-11-25 14:17:47Z,0x4a40263d4466a6a598df688426024e6b15a8d6d811cc1a184096ff6a440281f0
0x9981f622abfb2b1d8b66cc8c05d21b2e74ec3ef6,1,,0.99405,2025-11-25 14:43:11Z,2025-11-25 14:43:11Z,0x47a9c029c8ef192cf981f4523eef40283bb4176fcbe1d7f09dc748fef520949d
0x6031e694aa50753a17f1599aba945fa73eac9fb4,1,,0.99465,2025-11-25 14:44:47Z,2025-11-25 14:44:47Z,0x32b4c3738ef917f27a5c8ff81ad623a9e4e83d303086054c13d1ae75df67d428
0xa9788342425538ebd37ce4734f97281338d43d97,1,,0.99405,2025-11-25 14:59:35Z,2025-11-25 14:59:35Z,0x77b392109c88d9166b0ae0041d4c3f66d8d32694c4f99d6a02b41c9f5d6e079b
0xe92155cff9a96a8d51b9d5babe8b2533ac9409c7,1,,0.99475,2025-11-25 15:18:35Z,2025-11-25 15:18:35Z,0xf8f64ae10360398c6f86f47c6878608a1de95c685572aa98ad7135744894d78c
0x387a1068633f92a01dbf0b50ed4888744ec00e4c,1,,0.99465,2025-11-25 15:25:11Z,2025-11-25 15:25:11Z,0x7dbd5a2445206a11d823377df6cd0eb2fcaef6cc49643a888224c1d18ed40afc
0xa6e69101c6827eee0d13c792d3331af24449b9e3,1,,0.994319,2025-11-25 15:32:59Z,2025-11-25 15:32:59Z,0x9a4940a81c566afd380ab52a64357f37aa18ac58e1d4d2cff9b4516533cdd56f
0xfb98d0c9ebb789fcd868d1aaa70111b6e73aacb5,1,,0.993416,2025-11-25 15:34:47Z,2025-11-25 15:34:47Z,0x4091f99ee0e6d9d39a8df1c5cd3c8010c7f555528688d41429dea8ce1ea7d3cb
0xe4e6c45c24859716a6a12ccd6d98dcedf96d5c09,1,,0.993823,2025-11-25 15:50:23Z,2025-11-25 15:50:23Z,0x00ed2c28a0482cfdb9ee446fb34df74e03d2e8dc513363c4ed7fe61028f03b6c
0x51220f33adfa35a3ea93f29cc1071e85a3dfe7ba,1,,0.99475,2025-11-25 16:15:23Z,2025-11-25 16:15:23Z,0x870c2bb48a290b0b43c54ecb78b6bb137cd894bbc7c8341a0fe87241ce7105cc
0xbe1d86434d103ff3c36b71d635e51a5d0ad2c793,1,,0.993938,2025-11-25 17:48:23Z,2025-11-25 17:48:23Z,0x56d666fbdde2285601c6d666edde46df7a7e09d50ed0a8633e6a3d1a252e5429
0xf820be6e733abda33a94c9fce919c60b929a91a7,1,,0.99401,2025-11-25 20:59:47Z,2025-11-25 20:59:47Z,0x2611b0be689cc205f21c599f2ff5e015a01b8e37f2855423c3c80b2376d5e4b6
0xdc29851e80ab9970812c081c71c713c0025c0ce2,1,,0.994014,2025-11-25 21:00:23Z,2025-11-25 21:00:23Z,0x7cef07490583626c6e6d0ef29b81d6890f1567352d9d8937cfdbd23552276874
0x0af903d077774cb3a5f758ee52e638a505e02401,1,,0.994012,2025-11-25 21:01:23Z,2025-11-25 21:01:23Z,0x0f83e9ba2db100de6c77c91286b01db7260407706066958ac2136199e5748f69
0x1abe6d2cf86d9d89bb7bd65da69c8a59e8987621,1,,0.994716,2025-11-25 21:22:35Z,2025-11-25 21:22:35Z,0x687be7888885f39c2842d2a87598692c65b4109909c6a46b8e171b8300c28cd4
0xbe8725e56f4ad3c775483dcbeaff9909f39587f2,1,,0.994716,2025-11-25 23:27:47Z,2025-11-25 23:27:47Z,0xf92ee51a29e072b98b4b7300dccae596d7f93ba85f26ab42ae7a442d3e781477
0xabfcb14de8b7277266152fa353e38e0e8f63df02,1,,0.99402,2025-11-26 04:33:47Z,2025-11-26 04:33:47Z,0x25ec9da7d6678c0b8f2e9f9f6ed3ef89e79fb4897ea0ee5c60d723b73b937529
0x59cb3971a42b2dee3737719fe2ea46111c2df9bb,1,,0.994615,2025-11-26 08:31:35Z,2025-11-26 08:31:35Z,0xced52a0e7f8df925d2cef1c047863f22dbec0b3d83a8e32f444ce9edc8ab2fed
0xb7ea8e81a2829a4560478193aef426382eeb9ff4,1,,0.994713,2025-11-26 08:46:35Z,2025-11-26 08:46:35Z,0x30aab4ca56eef6dba6c238ca759eda9e521a3d7456d82cd56cd76f57f56b31df
0xf0b7db04fa350b7bb039ac11a55b75f27e7c0fcf,1,,0.994616,2025-11-26 11:45:23Z,2025-11-26 11:45:23Z,0xe00d0464f4c9fe0b304c5a4cf178d94651fb205f9b25b1a3093fa7c777ccae48
0x0baed646fea43ff92e80cdf6d3d5968f52322807,1,,0.994718,2025-11-26 13:54:59Z,2025-11-26 13:54:59Z,0x186fa10dcf626d0f1c1536ce32d4846588d2a0f27840a5aeef1be1fc9738e128
0xfa8979a037a981c72d7588e3e160b2e55e3ca655,1,,0.99435,2025-11-26 13:57:23Z,2025-11-26 13:57:23Z,0xefd16d7425bcf756b1a6d57d582a5ba2753a5871f5f63a61820007c666d98c8c
0x23ebc761ce0ee835227fd376a7ee2b3bc6e8e885,1,,0.99405,2025-11-26 14:05:23Z,2025-11-26 14:05:23Z,0xd41f83286cf91a9e742bdd54a1d88fb66e9405c82f967d6fcc98eeec0583490a
0xc163451e7cad7823a2c7b9fc8a840b6fc31d6cd8,1,,0.99405,2025-11-26 14:08:23Z,2025-11-26 14:08:23Z,0x757c443974610ec3d2df72c9caab7a6695dcc7773676ea436ffec401869ca0fc
0x83b2f80a609828c56aef8dae36f8c53f4ca84059,1,,0.99475,2025-11-26 14:17:35Z,2025-11-26 14:17:35Z,0xaee4deeb715f67f40e2fa942384b917b049481d6a4d4c41aef344d8397013699
0xbdf58f5d84277ca5b8f5b79c5b16e95471f5512f,1,,0.99465,2025-11-26 14:23:23Z,2025-11-26 14:23:23Z,0xe806b96a8bdf545cb946831bbbece67f422beb75bbe986001775e4fffcaa0d3e
0x3fa30384b7ceda116ded177c12628944a9707857,1,,0.99475,2025-11-26 14:26:35Z,2025-11-26 14:26:35Z,0x10424011786bf5043faee4c46277cf34468f8961dacd3d834f328801c08855c5
0xac24e37b6d502421e7cb5bfe47b5f702403a970f,1,,0.99475,2025-11-26 14:35:11Z,2025-11-26 14:35:11Z,0xa93c0003585c52f7e057ba4b1f7adbb217c0cb55078232581d839b38a2450323
0x2094c083473f0b21ad7a1809ec563b7965b2a689,1,,0.99405,2025-11-26 14:57:11Z,2025-11-26 14:57:11Z,0x4069668ad5f0f1a32d13f3340a5d0d33936fc8f0d4c1b48713e12796b4457561
0x17c6fbd72a938da54ab6b3513f2ce5bc06b420ba,1,,0.99405,2025-11-26 14:59:23Z,2025-11-26 14:59:23Z,0x41c4459f7f2ae593e3320cf41edacebe9190995cac47bc936ff965a715226718
0x3261d0575f7f2d0052a76681e0754d2dd1db7e55,1,,0.99405,2025-11-26 15:11:11Z,2025-11-26 15:11:11Z,0xd740ba9713ac32f3982fd24f2834eff87a2935a9819e75cf189c60d2abdffd6c
0xd48fe599f65a6a95ebc13432315e0d74f9ec9929,1,,0.99475,2025-11-26 15:43:23Z,2025-11-26 15:43:23Z,0x6ca29f04ea12505a023b053af7978a4f19ee59911887a37490cad93cccb486dc
0x0206bc8a1efeb12305fd3f1c428cdfb17849696b,1,,0.99405,2025-11-26 15:57:35Z,2025-11-26 15:57:35Z,0x3d81c8288656e941c3f07d16c6de90d4dd822b576f7a2dce19c12de7a260987a
0xe4c181e617dbca14c0f68d4127e8a94071d9ffa0,1,,0.99405,2025-11-26 16:01:35Z,2025-11-26 16:01:35Z,0x69a150ef2e571bfed1bdbadbf5bfb3fc41826a0a470c4cd51f5ee18989e1d35a
0x825bdec0442860b121dfad9ae3935f8988cf9d65,1,,0.99465,2025-11-26 16:04:59Z,2025-11-26 16:04:59Z,0xcba07dca4d2e94cc001c769ca8731f19628413fc6eeb9b9b1adb98879dea21ac
0x75fad6f72068db2ff0b53b812c098a0687f08be2,1,,0.99475,2025-11-26 16:10:23Z,2025-11-26 16:10:23Z,0xb8f95047ffcde0453ec37a3463c90c73843d9480e03873b15269df5cadcffec0
0x1dd1b8a6772a704d8160dc286bef081da868405a,1,,0.99435,2025-11-26 16:11:59Z,2025-11-26 16:11:59Z,0x17d8d7923559c0eba5c676a7b0f621cb71739c3049c04852dcc6b83d6613fc3c
0xc0749ffe554363d0547c2273c2aca1d8882ad98a,1,,0.994,2025-11-26 16:23:47Z,2025-11-26 16:23:47Z,0x5a76291e8430ade4384316d74e3f9acdc9f91ce268257263bcc3a3ed1b7690d8
0xa4feb7e653f3a5a2b9b9f7f060d3d30e544475cf,1,,0.99475,2025-11-26 16:35:23Z,2025-11-26 16:35:23Z,0x51b9f7d1ede18fc83d2080e495b0839c1cb4ba00cf91673b526524c510b6ee83
0xefe48740ebf2fd1dbf828e70b10011d26b7b1c9b,1,,0.99445,2025-11-26 16:59:23Z,2025-11-26 16:59:23Z,0x6fa789d3bb3733317e0fb5910529e4df961ac08cd440346d94f492b73fb7beeb
0x892634d03ca6405cfdc7d9bbc4878af72273c8b3,1,,0.99405,2025-11-26 16:59:59Z,2025-11-26 16:59:59Z,0x25c065b81fffd0a200cfb4e0f796f4ff26d6baaa2995a0657c08080985cc4fad
0xc4ff5cb17e7a81bd263e87419a0dc64a99be2a11,1,,0.99475,2025-11-26 17:08:23Z,2025-11-26 17:08:23Z,0xbc4cfe075b19111eec5ec206c14be32b017cefa7b92d77207ab324a030e7e6cf
0xe09d862f88209d2c3b178c8c736a4d26ffa7363c,1,,0.99435,2025-11-26 17:39:23Z,2025-11-26 17:39:23Z,0xb24cf6aa9cee7b2ffd2ad9c2c7f7e3b794795b81b8eca7c45aeab347dc34af7c
0xa37740b28546565fd18eafbc85c6a933d6dc20bf,1,,0.99475,2025-11-26 17:44:47Z,2025-11-26 17:44:47Z,0xd896fb93c77bf5c35fe568df5994b3a1ff0a5a2d0dd744bbe3934a3825ba1753
0x866cc0a24ea822ccf8ae5b47a70046e7140e0ced,1,,0.99435,2025-11-26 17:52:11Z,2025-11-26 17:52:11Z,0xcdaa6b3848d2ea216125e0998fadbc4cb8178db5520991c89ec2ff85755b0d77
0xc32cd581ec0be3748f256d8c973d1056f02cd2a2,1,,0.99405,2025-11-26 17:52:35Z,2025-11-26 17:52:35Z,0x31c777972310d22f02eda93ea509275c233d7c81e45376ca94801248c197e5b1
0x22c53e1720746a7f96b5df84a9e18886ee0e92c1,1,,0.99435,2025-11-26 17:53:47Z,2025-11-26 17:53:47Z,0x53a68d8a13f8a8a0de154e262edee8b84333528dd3a7be6141ae39c4b1ec3e2a
0xd304664557eefca26877d04d82c84ff2e705c48c,1,,0.99435,2025-11-26 17:55:35Z,2025-11-26 17:55:35Z,0x95206572a40244ffc841d98cb8287cd1f626ca5edcef6b0864c7ff5453c176df
0x0129855211112ff6e4a69fbc55d4a327d9f8ed10,1,,0.99475,2025-11-26 17:56:59Z,2025-11-26 17:56:59Z,0x0f216dfecea0c7923fde311b274cce3b0ef3a066a667cba735f73573a9458065
0x488853ef48097908da48c147d8b67ef2fd836403,1,,0.99465,2025-11-26 18:29:47Z,2025-11-26 18:29:47Z,0xa7325faa29fa6ad565652d8c9a650f181e75aa5802f925bbe9c2711956ee348c
0x466e63daa08a5022b86fe04fba7668e38525a6d5,1,,0.99405,2025-11-26 18:37:47Z,2025-11-26 18:37:47Z,0x6c4a29eb77d720d9259d4c85440613324e674172536a45776c9b0bff457aaa38
0xcf06a8ac1d46e91f82738ec16916e44de5da9378,1,,0.99475,2025-11-26 18:39:35Z,2025-11-26 18:39:35Z,0x6192670541f09ae74501c2d9e7a12d16ba51778bd9cf464a493a065c6db5113b
0x504dbaf168ce9e249961ebd9f4bc2f103e2aad3a,1,,0.99465,2025-11-26 18:51:23Z,2025-11-26 18:51:23Z,0x2e42249628c56ec0f497ecbb06847685fb6ab7d061007765c0396ee665f551e2
0x533e0e4605774c20e9f3bb6665b8b5c8f4cf0992,1,,0.993962,2025-11-26 18:52:35Z,2025-11-26 18:52:35Z,0xeae3c9312049ef3cbcd9dcde6f7d860291d01d9af3b01a74e05115fdeddfb7b0
0x44413487296b553e0725de37fb52ddbb8218e64f,1,,0.99405,2025-11-26 18:53:11Z,2025-11-26 18:53:11Z,0xda17dda9e92a52a3dafe6f3c72e2f6a6714bb180e94df086130071dd53537cf0
0x6c550b134e170b0a319fd7b61e5698be08d56018,1,,0.99405,2025-11-26 18:54:59Z,2025-11-26 18:54:59Z,0x5502de3a46722a8595655550f31e750bae99e63135c16afc0938f2721c24e92d
0x57d6d4621ea16d37dbe91786d6abc3fb8ef8e365,1,,0.99405,2025-11-26 18:55:23Z,2025-11-26 18:55:23Z,0x60c28616a5a5b282ec82e560a803c9d854c953215a442c2a876d80dfef3b4d1d
0xbc483046bb1fec1dda85af44a41c026afda0d65e,1,,0.99405,2025-11-26 18:56:47Z,2025-11-26 18:56:47Z,0x060ba2ebeef4e73922a0bf63713ded07b1cb70c81cc6fb66110b04550c04bf14
0x03f811ad239121f2f000c354f3958adf9a75a718,1,,0.99435,2025-11-26 19:37:23Z,2025-11-26 19:37:23Z,0xba9613ea6b77b6b60f47102374f0758102cd44ef1320b7c45c3b923257aa9f4e
0x7c391d2e95b0338ec4f96f91be43addf57bcff74,1,,0.99475,2025-11-26 19:39:11Z,2025-11-26 19:39:11Z,0x8d5dcd76dcba3318f6d1f13ac3bb7058f3fcb38e46530a1dcd3a894c8c4990e1
0x61de1b1857c8cadd59fd3426c6ee77580b3dccf9,1,,0.99435,2025-11-26 19:45:59Z,2025-11-26 19:45:59Z,0x89611d6ffbd9a94db148a736c6283a6dc03521a92bf0a2774c9b11e7b2348141
0x3e38c0568bb46aa76aa7b5ad67562442ee93dafc,1,,0.994617,2025-11-26 19:51:59Z,2025-11-26 19:51:59Z,0xd0f9450e5648126f240bda45cb66d779ccbf1563df7b2276edcd2463525939c5
0x20d699c19b5d9d10aeb1dd4f537d25bbe4d160a2,1,,0.99405,2025-11-26 19:54:59Z,2025-11-26 19:54:59Z,0x80b9113107d418fdebcd7d1d75088e52618d900c4ed94a52322e9a025284b333
0xe0b6e5ea8728b1144f709b48e822de42fa3a2d88,1,,0.99475,2025-11-26 20:50:23Z,2025-11-26 20:50:23Z,0xbd81d72457df90942fe45e866f07d24135de9a35b46095c086af9a76dc7aaa41
0xbfdc7d9381388571d39e0767b7f3462b921c82fa,1,,0.99405,2025-11-26 21:10:23Z,2025-11-26 21:10:23Z,0x66988a04a7c6667006a6d34787728439461db9b2dec7d0290fad5d3f5ebfb19e
0x189042405137b98f6f8b14de79e5c463b24afccb,1,,0.99405,2025-11-26 21:11:35Z,2025-11-26 21:11:35Z,0x2e9f3e5d20db3b285fd79e6d21c28ff8be106e9f4c84856b0d89a52ed0fd0c44
0x961924c050a3422d2395d9aeb1c7ff5fce5f33f3,1,,0.99445,2025-11-26 21:21:23Z,2025-11-26 21:21:23Z,0xf8d8a27f4c68587a4fe9096dfdd752ffbc381160c900ffc68d36903bba5b83b5
0x5082fe94f6bd9d9281422665984b0db991b9d04c,1,,0.99405,2025-11-26 21:22:35Z,2025-11-26 21:22:35Z,0xa988a1aa9ac434952068ade7103528239d546be16b6e7fc38bbb35bc7cb43895
0x9bc06920671ea947c19781801f08df5f0abb5ac9,1,,0.99465,2025-11-26 21:28:23Z,2025-11-26 21:28:23Z,0xb4994e1e05ba9a9271d6ad78bcbb074b260acd40587ca7b7bee8f3a81fa64e6c
0xcaafc62a9b5946a600ca2696f323a6cdbcacaea8,1,,0.99405,2025-11-26 21:30:11Z,2025-11-26 21:30:11Z,0x1ed1d86a95ea83f10c852273d638f70ad6a35eb1301face55532a82306fb2f8d
0x0b17ab41680228c3dea050fae2c7bbc486ad465a,1,,0.99405,2025-11-26 21:56:11Z,2025-11-26 21:56:11Z,0xb960c63134f31c29071563c0d54fa6def37920c3f5adc183231b1c3500d9003e
0x8e9000d69aeea946c297f9af83bb023de4b12023,1,,0.99405,2025-11-26 22:05:23Z,2025-11-26 22:05:23Z,0x0c155cd0a512809e321527aae906649a4e3d2b06372aa8233aacd90884b47234
0x05369b460fda184fb0c9ec642e1dd789234474d7,1,,0.99405,2025-11-26 22:12:11Z,2025-11-26 22:12:11Z,0x214a3ab7cdace5b3350d911eb11ce986920b79268bffa4233635386a044e760e
0x4c35a4789c7d174814bfc5c95a47b78c7a8abf8b,1,,0.99435,2025-11-26 22:51:23Z,2025-11-26 22:51:23Z,0x73998da5bb6e06246033945d33c974b35ffd493730ce64d86ce317afe052cbdc
0xce2cab5bde468dc2530b668a6ece75d09299faab,1,,0.99475,2025-11-26 22:51:35Z,2025-11-26 22:51:35Z,0x4af3e881f3a251b880a3dec134d4324e8160f0747ac654903dc7afd687d3f243
0xf3b2b89d89774571f1c96cb9671f85fefa9e0121,1,,0.99405,2025-11-26 22:51:59Z,2025-11-26 22:51:59Z,0x57f85ed06c9ba6b953b35002762cbe4f1380b04df2bb341078963dda3b504858
0xdcd174fae0f9d22d940c88b6e366c2049b1fd6a6,1,,0.99405,2025-11-26 22:53:23Z,2025-11-26 22:53:23Z,0x20cadd01b54d56b5ad1ca2fbba197cb8969f28366e667593f0beed7195c238ba
0x4716fa0b3028cf0b7f4ec779b58ee247666d4286,1,,0.99405,2025-11-26 22:57:35Z,2025-11-26 22:57:35Z,0x6568f806e962bf54ac2c88eca117231d7c5ff86e933d38f8ad398554014a26c7
0xe551a01a027e2568576965102da417c956696b7f,1,,0.99465,2025-11-26 23:12:59Z,2025-11-26 23:12:59Z,0xdd5d6ba32b5a1b13a3fb6f9a494d94ae1eae5fd4f213774a3ec255a10414ac57
0xf4e7739170c9549e8a752435646ce8c72d5d68b0,1,,0.99475,2025-11-26 23:27:11Z,2025-11-26 23:27:11Z,0xbd8633d1f9d5685c4d7dccfac628063868401a3d6c99593fc89495aed6ee18a3
0x9ba945a87edf875d125cbea62b3438fae90d803b,1,,0.99405,2025-11-26 23:34:23Z,2025-11-26 23:34:23Z,0xbaf1f2ec98541abcaaa8f6a92f7aeb1ecbf77374a06867291fdcacd31a8fafc3
0xc8120572318afaf2cc6dc8e8b9add265bc2e2359,1,,0.99475,2025-11-26 23:36:23Z,2025-11-26 23:36:23Z,0xd52bdfd94c85c95d9b63c823f17d6de84bcac3c2092fe4e65fa3475fcf2994c6
0x6375450f589b60fb36a3b021d7518ff72eb656e8,1,,0.99405,2025-11-26 23:45:11Z,2025-11-26 23:45:11Z,0x8d3ee302ea751de255ad905cb24a621170e44855fef8ec4579e546381da2cc9f
0xd134127ddc41951bea1b0b6e079867a5b5c588a2,1,,0.99405,2025-11-26 23:51:47Z,2025-11-26 23:51:47Z,0x4fdd610afc6d51f3db30e6261e7a731d0519fbed87cfc29b8b1b7c1dd8d989dd
0x5fb5a33ec2110d3575d01f16f9c3a75d69a8b954,1,,0.99405,2025-11-26 23:54:35Z,2025-11-26 23:54:35Z,0xa9085d75096cf2e0e5a1b27a0611c4c599a21915986bcc164214c4a411a2c91d
0x0a89dfbc95107cd6b11c71ace7d40960400efdd7,1,,0.99475,2025-11-27 00:18:23Z,2025-11-27 00:18:23Z,0xc7a3d33f6c12a2d20a25609ccc49ffa2c6782bd5bbe4c0b616d90429103be088
0x7274327aec1fb7d3097754834c1b00cb5eb5e9c0,1,,0.99465,2025-11-27 00:28:23Z,2025-11-27 00:28:23Z,0xc6128e89d82ced790278553496415d399d5525af9a22f19e60d1e260dfd5827e
0xa84431c93e0a2ec78197308ef1e16546b914b1eb,1,,0.99405,2025-11-27 00:36:59Z,2025-11-27 00:36:59Z,0x03a967d0bb096f3206dfc096c82ec0264964a7dcb46c66fcbfd1c08fd853ef64
0x7ef2fca86f4e950aca6833ff8985996f7e6452cd,1,,0.99475,2025-11-27 00:52:47Z,2025-11-27 00:52:47Z,0xfc255895227c21e9cae070bc2130fe918e0ed3873ad204af7851a385cba7ce6f
0x6dd9d018fed0c0007b490c26c7e51cc0ed311772,1,,0.99475,2025-11-27 00:55:35Z,2025-11-27 00:55:35Z,0xa2178e581f7fb8acc9d22b0ea69ebde07144e7d1d31890b950dd00b4f4bb25b0
0x12d7a72b7a754819436ee56b8dcff4ff7bd00eb9,1,,0.99435,2025-11-27 00:56:11Z,2025-11-27 00:56:11Z,0x306051f403534d6f1d1e55cbe40c0113f7c73d5a04afff3ab5e3dca7c51aedce
0x318a57c97fb526e102706eda7ced0985732113e2,1,,0.99405,2025-11-27 01:03:59Z,2025-11-27 01:03:59Z,0x268f085eba7ebbbe96ca058355704c3a915b69ce1aad470cc6a58aec8e0fe46e
0xc17b529daf3a3223487a7a0672dec0a86ec06aff,1,,0.99435,2025-11-27 01:08:59Z,2025-11-27 01:08:59Z,0xa868fdb05cfc8ee41d29527bc4910e5dd82ea62f1168bb3fc53cf51cb2dfe335
0x0407ac5c996af57329293fb018ce736c4342550a,1,,0.99475,2025-11-27 01:30:59Z,2025-11-27 01:30:59Z,0xb755bf03a3e32decf80f864b3382b2df10181d0ad639f8bfc26105b74195718e
0xda391041bcf2631078f465cb14e4103929bcba40,1,,0.99445,2025-11-27 01:34:47Z,2025-11-27 01:34:47Z,0xc359ada5a7334870f21f134cc2fa6e25a2431817639ebb2e57bfc57bb5071887
0xe61d6259aedf056e4d6903f308d9591b2a1a2e2a,1,,0.99475,2025-11-27 01:55:47Z,2025-11-27 01:55:47Z,0xef1e61cc412afa15720b88888844119038a3daf177afe1e06673be8f4cd16334
0xf90dd4afce633280456df9c009179d5de0454b59,1,,0.99435,2025-11-27 01:56:47Z,2025-11-27 01:56:47Z,0x53ae9fbea9a7a87e75143e7fadf06366a045c060c7b0430efff2d502c7586816
0x47cfdafc359f11137c9a7bcc30a75d9854e278d9,1,,0.99405,2025-11-27 02:21:35Z,2025-11-27 02:21:35Z,0xf5526df879f137ba3b8c4c588b7643789896290faa053e5a38af4059642f04b6
0x13b25fbe87cd198394b80c4bb11f2f8357cd5ed6,1,,0.99405,2025-11-27 02:22:35Z,2025-11-27 02:22:35Z,0xa6972fe67b06962b8303455da2ed2223f5fdacf31cd430e3dc32aeed2bb7210f
0xac6b91abaaec6eae48ebd5aa5e706ce07a5ed712,1,,0.99435,2025-11-27 02:25:59Z,2025-11-27 02:25:59Z,0xdfafb7714d92217a54572fb1571e4dfd3597c39c10aa231ea1d8b54fa9eabbbf
0x75fce6e977861dc5f5f67b3dedd03fa9c0506a24,1,,0.99435,2025-11-27 03:19:35Z,2025-11-27 03:19:35Z,0xf7200a73b82097fa50aec6c57e74bee0aa95b3c7c4006dd17a29f08a3d3b4e02
0xcf4f740a13b5b3ab70ddf9fe8ba0ea14fe61c5f8,1,,0.99455,2025-11-27 03:51:47Z,2025-11-27 03:51:47Z,0xb8d85129ac0cc0df32e7b1a675284ad2b3493f33ef8134347d7560437f2eb20e
0x92888d83b34b2cc590061019a86c7627f701badc,1,,0.99475,2025-11-27 04:03:11Z,2025-11-27 04:03:11Z,0x5935907c31bb7b53718a1271a23f9cfb4b9aedb791413af4221add6e349e9726
0x329515fcd11ef0abbb6cab17f4d182482f22c06f,1,,0.99405,2025-11-27 04:10:23Z,2025-11-27 04:10:23Z,0xaf8ac5886ac09cb3d9dc59c59ea42ab25a7b8a2c17c5da663cbd125b2bf03644
0xf5d12aadc01cc4b75f894064fcb63f760a91d4cb,1,,0.99475,2025-11-27 04:11:11Z,2025-11-27 04:11:11Z,0xd08db35441bac4c2453c1d8690f7341e2932f3b3c1b86b0668603c0f01b74f31
0x04faed37d5fa118bf3533c83879e3395ffeafeac,1,,0.99435,2025-11-27 04:11:35Z,2025-11-27 04:11:35Z,0x55bc8ec32d28e984f59562193281f530f6a2c2db2811b8bb6af0210aedfee682
0xd7805858035005adb4fab79189a54022a6e7324e,1,,0.99475,2025-11-27 04:16:59Z,2025-11-27 04:16:59Z,0xe0b95c6054175a49530f416e6888dff6eda3cc2c0b1ce10ba757e23fc79296a6
0x03a3ed8956188e42c14f3ee6eafd056ba3053008,1,,0.99435,2025-11-27 04:46:35Z,2025-11-27 04:46:35Z,0x84103b7e5cd6227f9bd0eeeabd74cf55d4d23229039176f48f44ab141ee1906f
0xd046d8cd4fe1c26e351bc532b00380040fcf5220,1,,0.99405,2025-11-27 04:46:59Z,2025-11-27 04:46:59Z,0x7611e38c0a873b80e52c588ba8017f83ce7e5f7ce1eb68d4423cca39c4c6c66b
0xa5ca61f4f11ae06910ceddeafdb1ef27392f528e,1,,0.99435,2025-11-27 05:34:35Z,2025-11-27 05:34:35Z,0x380b54926cee8da7401b5d8e33af01f4f708bfb166b030a74f78637fdf686fba
0x42d8d5ba3120689b7788d93188a41d7ef9e4b0e9,1,,0.99405,2025-11-27 05:46:23Z,2025-11-27 05:46:23Z,0x49409e82665918c6c8bc3946d9ab3aa2349614fdb6091aac090c36eab18ff9cc
0x202d9fdea00e15d78999bf77bb0e2ad88f1a63af,1,,0.99405,2025-11-27 05:47:47Z,2025-11-27 05:47:47Z,0xae7ea663999972cc386527662b512d2fa01cbee386f871bc40a32e02a91527d4
0xb788fdb8152890348f791a0c0591d6ef47d5a84a,1,,0.99475,2025-11-27 05:52:11Z,2025-11-27 05:52:11Z,0x99fbc2b09c2fbe5aaefda1e9ff73c1d655bb27df89dff62ca31bb68a7d89116a
0x91bb141c23949930998216f85ce2781ccd272ec5,1,,0.99405,2025-11-27 06:01:47Z,2025-11-27 06:01:47Z,0x8e65c46741ad936d739d4ec0417c9c474dc512f22fb48ed78fa05810670ca466
0x576997e748619d3cab2f789851c5dcbd87cde5c4,1,,0.99405,2025-11-27 06:24:11Z,2025-11-27 06:24:11Z,0x7b6c51862774594e027dfa944da0505d6ce29ec1635c2ab7c22ee3477b8d87b0
0x55905743e3476e07907deb6b92e4d09a2b510550,1,,0.99465,2025-11-27 07:14:11Z,2025-11-27 07:14:11Z,0xe1cca94dcc006f903bb9699db62b074e8de81832c2baaffc966ff63a4e32ffc0
0x2ba8d003d1fd10cd7a896864d4a62dc67977d311,1,,0.99475,2025-11-27 07:42:59Z,2025-11-27 07:42:59Z,0xcd1b3f40b8745c5c0348502e80f83a1d004e45e9eb1b9354ef1b1114e490f309
0x1a18e9b782a2966048305568c3f59edd949abf55,1,,0.99435,2025-11-27 07:44:23Z,2025-11-27 07:44:23Z,0xe0658e814c79efa01c533c0ba617aeb38886b0a75ca5cb051b662ab9f3aaff1a
0xf850132781201c5a0ecbbe8f9797fb82391690f5,1,,0.99405,2025-11-27 07:47:35Z,2025-11-27 07:47:35Z,0x52611d827a13160a8ad1b5b580fe7639e30fb1d40bf42e3cd4d4773bd12216bf
0x66579d8f6e1aadfab99da848ad00d4191640f8dd,1,,0.99405,2025-11-27 07:58:35Z,2025-11-27 07:58:35Z,0x4757ea20fc7f877a57774a47bc5965460c86cba0d60ecded50e5a91ee3d15343
0x0258808a8dbad107b55f1dd569f9a3bd57b2c301,1,,0.99405,2025-11-27 08:02:59Z,2025-11-27 08:02:59Z,0xcc9f5dd962131a6e83adf7b1146f2ca3aad611cc84d69940ae7c620315ff05a9
0x1ce8c9f4f329fd1909df3d2e7e3ae2ffcea8133e,1,,0.99405,2025-11-27 08:18:35Z,2025-11-27 08:18:35Z,0xf8698b76619dce0c7128a092a5e1654215b174e3f9a986cf659a0df90aa75e90
0x0cb143b12d6ab0c75c4aa4413ea6870a4d6317c0,1,,0.99405,2025-11-27 08:21:23Z,2025-11-27 08:21:23Z,0xb157f5c4a14f89eab54b76edc72a09b3ba5ae09bbcd2b3dfaa0c684c052219bd
0xced4153e2d1af939436157a4a72ce43b0b138b21,1,,0.99475,2025-11-27 08:51:47Z,2025-11-27 08:51:47Z,0x6ea524b1b7357a1dfe96597d21b1e5edf8f34550b79be1736a335567fc881576
0x376e4a368f408acde19e72e541c3a9602d989929,1,,0.99475,2025-11-27 08:53:23Z,2025-11-27 08:53:23Z,0x2420508fd755a18a5b042494d909ffcc25af079971e36fa30f3ea59e824ef25e
0x9b29db24e637fa1598b0ab4701b1e346986d4f26,1,,0.99465,2025-11-27 09:08:23Z,2025-11-27 09:08:23Z,0x8699839b2e9e7198988455d55b3b4e7d738c99e7e8e33ed3926a5843d69e87d4
0xc5c40e35ce285e5c42c361273f093445f3df2c3f,1,,0.99435,2025-11-27 09:23:35Z,2025-11-27 09:23:35Z,0xd8ce6407c040daf6660661acc62fb7ab0b0a95d8c81c8cc4c427429666bbdd64
0xd0a667b9994ec5cb438e710054ea9a3d7c923c64,1,,0.99405,2025-11-27 09:33:23Z,2025-11-27 09:33:23Z,0x6b5ab9bfb7061c32a2a788d77b33c7fd6eb57354b5eba8c11471d156e971efaa
0x50927153ec24bd5023d7016738c1997ddf6527e1,1,,0.99435,2025-11-27 09:38:59Z,2025-11-27 09:38:59Z,0xd7fca7308c6ce610863ad8ad5509e956ef5c8b750625eefbde63a4e402600acf
0x7729f0b5ad1bbe27b209c68c620d7b1dedf08157,1,,0.99465,2025-11-27 09:42:59Z,2025-11-27 09:42:59Z,0x34ac9c4c30577313fdc20b281ddd1b1ce5376dfada3869b106fc41b3333b6f08
0x567e412f5a7ca9fc7be6c75f9ea083f72e9e792c,1,,0.994321,2025-11-27 09:45:11Z,2025-11-27 09:45:11Z,0xa24a1b3ef6fd31bde47fa33d8a2a28c414705e90beec1932bbd99b1406683cbb
0xec555f994d0add2277ff3ef14167e3188bf31fa9,1,,0.99405,2025-11-27 09:48:59Z,2025-11-27 09:48:59Z,0x04c39838c384a376b3b4862f04a9ad61e3700602cde9a28c615570bedfdebabd
0x29c4ba33f9d4c61527b88c026815c6bdafe895cb,1,,0.99435,2025-11-27 10:09:59Z,2025-11-27 10:09:59Z,0xcdb252af5cacd7be1fea6503896545e61d7b6f87d1faa74129e372c1cf57c8fa
0x51de130bdb74c683c0d16b48feb936cdeb3af6ca,1,,0.99405,2025-11-27 10:10:23Z,2025-11-27 10:10:23Z,0xb8e1238c471211673551d77fbd888ae90ef7ee87a4f2be8ea3f582ff7b87e1f9
0x26a53f41ea645cf9f0a734778fc92e8e3e670015,1,,0.99405,2025-11-27 10:13:59Z,2025-11-27 10:13:59Z,0x921fc3bb1d292a12fe3131c76b6281579ede2aea50e172a2c4948bd705d8708c
0xea2674907342c040e8123e7b4021d94ebc970fb6,1,,0.99405,2025-11-27 10:17:23Z,2025-11-27 10:17:23Z,0xb5574763049df2f9b2078e63d1c43bc2c46c112a14f0414dfad117870f71be91
0x5eab5fd9dcae6a03fd9aad4dcdc758450b73e87a,1,,0.99455,2025-11-27 10:19:23Z,2025-11-27 10:19:23Z,0x7545924df16267adb4396a853aba6481a95309ca4e67390b1847cabb6a3c0eeb
0xedb821797847981cc093b92fef503172d275ab7e,1,,0.99405,2025-11-27 10:20:47Z,2025-11-27 10:20:47Z,0x32f698f631d133469d32a48ebc06d08088fa71c383ea2bc7cfa57efd6b2b0786
0xc6db83fb52af182802def1fa69a9bc686219b400,1,,0.99475,2025-11-27 10:23:11Z,2025-11-27 10:23:11Z,0x5a28b14269b9bd1a7c6c79a433063b724d7183744426e688ab10de59b9cd7493
0x31bb1b4bfbbe9337f5d3458a8e8c1e664d034f9d,1,,0.99405,2025-11-27 10:23:59Z,2025-11-27 10:23:59Z,0x41548fcf6408df5cd986c46bedacd352270c486c702cacd8e39205a3c2f62ffa
0x829e8dd945f12a7bacf15165a4da636184bc7b6d,1,,0.99405,2025-11-27 10:26:47Z,2025-11-27 10:26:47Z,0x77f4609be86789fa5fe64825556a4d7610f2464d940e5c83d8f734ff4279dfbc
0x1e1b08cab1086934b149a41aaa6fc5c31ae212b0,1,,0.99475,2025-11-27 10:28:47Z,2025-11-27 10:28:47Z,0xb257ca26f625cffd43ad4113ac7911c6bc3f0d3aa14c581220d5a05a2f597bd4
0x3be53b67fac857d637be20df3d229ed683dbade9,1,,0.99435,2025-11-27 10:29:47Z,2025-11-27 10:29:47Z,0x8fba4d4444373d423062d71fc863a7f9542cb7830eeaaa0f8629eb83b3dcaf74
0x845375fddb8700e369836f0aa4c42c0d99451712,1,,0.99465,2025-11-27 10:30:47Z,2025-11-27 10:30:47Z,0x9461c618fba5395d88fe7cece8c70940b88eefb4e4cb610e0a4d106991792e92
0xc5fa318941fb4157d67f6a8a8b104e01e4107637,1,,0.99405,2025-11-27 10:37:11Z,2025-11-27 10:37:11Z,0xc369b8bd9142328bb0af227d4e2bf9b0d41cea71e786c0a82c0573ec5f3b9590
0x4a1efa4328787e391bb0f9a6e55191255c138a48,1,,0.99465,2025-11-27 10:39:47Z,2025-11-27 10:39:47Z,0x9f487fa18785b6026e9b27e5082cbbd6b150760c345af8df56459b3a1a5ed357
0xdf4ee9f7aea37d31c02d00a48b8025093d1edbdd,1,,0.99435,2025-11-27 10:41:23Z,2025-11-27 10:41:23Z,0xfbcfdc5c205abb66fbf06957c2e402f78f022742b78c968678a4d02b3a631bad
0x76647195fd6ad0518a0957c87b7575debd56549f,1,,0.99445,2025-11-27 10:57:59Z,2025-11-27 10:57:59Z,0x72657a38f7e5a76efa197f0a9bf8c998543663be156cac299ff54d486adb924d
0x520783c321b6cc5758b279a36dfa2c96e51746e3,1,,0.99405,2025-11-27 11:25:11Z,2025-11-27 11:25:11Z,0x8e11166c1920b9dacfb6622521a6800c78d0d829d0c2c63e427a734e39e0c6d3
0xb3d96f1e4bc8719015d0287267b3c3a51a87e5bc,1,,0.994019,2025-11-27 11:25:35Z,2025-11-27 11:25:35Z,0xe03d5300eb70d22335ea215a4636c29cad4ee20f0524cec790d827a8878d319e
0x589f77eabb807b2e0f3aa31abd08cbf6f0aadf9e,1,,0.99405,2025-11-27 11:30:11Z,2025-11-27 11:30:11Z,0xbf2e0260037acbd9ae3b1e3b7dc558ee029e028d446d9a8325c9555aa4ed6ee7
0xf6d8d44082b397fdf4e31db8914d0ae2de4f34ac,1,,0.99465,2025-11-27 11:30:59Z,2025-11-27 11:30:59Z,0x503ca9d17bc10b26c2c734dd48ac846575f0471848e0c00b7122c23439179bd7
0x5f268d420368763d0f86a5bd5ebd523910acaa11,1,,0.99405,2025-11-27 11:33:35Z,2025-11-27 11:33:35Z,0xe3e7a94796ce932af6543c29f329839b02b3200f7c2c194a275e7f245c5c44dc
0x31423d00cd92223214b81eb071118b5a00dddfa3,1,,0.99445,2025-11-27 11:36:47Z,2025-11-27 11:36:47Z,0x110450f2bac4dd52ae1a46f092183ae38ef3aac6f2b4af06adaad8c1eca8aca6
0xaf94bcdc5ea2aca72c5d46b92514b39f76953be8,1,,0.99455,2025-11-27 11:41:59Z,2025-11-27 11:41:59Z,0xf9ca1fbb105b4c08671ef552bae7eaca2849f6e076a47a7cc3cfd8cfd11a51f2
0x049bee044ff0df0cc31dd5318b28b8d4894923be,1,,0.99435,2025-11-27 11:44:11Z,2025-11-27 11:44:11Z,0xf87a86f8803943e2c0e86a3468956400f419caf405b35cf04269d39841d81394
0x991506b5a03aef0cf71f32d8322f0861f699f9a4,1,,0.99405,2025-11-27 11:51:35Z,2025-11-27 11:51:35Z,0x1ad3c5de87cd30db64a9971ebf7272dfba00f4e169db1c9721fc7a9f2388d3d1
0x7c5d38902d788b7f3f1003f610d24edcb1a41394,1,,0.99405,2025-11-27 11:53:11Z,2025-11-27 11:53:11Z,0xe7b855d50cb12bdaf079b1ed0cef60961ee2fdcf3a280ecea4315cf132113e65
0x53ebeace86710b5e8137942482620964157ddffb,1,,0.99405,2025-11-27 11:53:47Z,2025-11-27 11:53:47Z,0x2e003e8ac368a92cb558245e9c0f9c532bdc689952e3e8e5e2c0c980479d1f3f
0xbc5912869d19623dc223a7ec4e9495898d3c6034,1,,0.99465,2025-11-27 11:55:59Z,2025-11-27 11:55:59Z,0xa91dc30bb903cf0d3d16ac912302e8168e1eec9eb08b0ada1eb32f2fcf24c34e
0x03b5099936216eb7f8591201718c6db6e3c1614d,1,,0.99465,2025-11-27 11:57:47Z,2025-11-27 11:57:47Z,0x1a3bc64f3c0f4e94df23a792208f3ae1ab37468740489965525eb0433bc4e469
0x6808ff30a3b3d9fb79074133d20bcd9b8f297d3b,1,,0.99405,2025-11-27 11:58:35Z,2025-11-27 11:58:35Z,0x7afbfd2eea7613311931f78e4ecf8a168453e38ad1586877c44768c2d2f62a86
0xeb13de6599e699cab17db74d9d964feb20416fd0,1,,0.99405,2025-11-27 11:59:11Z,2025-11-27 11:59:11Z,0xf34f6a583e7d8c624a4a557cc54ddfdbef0cbeb61a5f9ba1494d1b68d73ad2bb
0x2562ff74bc7f979f009155920a0c0460d5d3fcb1,1,,0.99475,2025-11-27 12:00:35Z,2025-11-27 12:00:35Z,0x5076acba149b74b699b9e15325e8d0dc07790bd65064765cda9fbdd995554215
0x84e2f99b820cdb4485c2cce88f41c22db1734c67,1,,0.99465,2025-11-27 12:01:11Z,2025-11-27 12:01:11Z,0xdd2183e5df2c32b9d0e1b2a856987d6c0159e5fda73863d96e9282df17a25022
0x8750faf76b53de25e1ef7e435d4e138527f645b0,1,,0.99405,2025-11-27 12:01:35Z,2025-11-27 12:01:35Z,0x9819321f74764e0e6752b9ed6700c849cfe1cf0c4133b7a30315951bc014d558
0x6b9069d8b05a0dedf8363acf3133b52245bb9cb5,1,,0.99465,2025-11-27 12:02:11Z,2025-11-27 12:02:11Z,0x3b85e54375b596716f4b7e5e8de6b934291f3fe6cdc4e8391c9f7510a7c57bd1
0xff17e937c16faea00bfdf6da55123f75e6504a44,1,,0.99475,2025-11-27 12:04:35Z,2025-11-27 12:04:35Z,0x87c99aea3f6786b5d7931c1c288f832e28f12dc32d991e0f5ac70924f71c6794
0xc1d2ca5d4385e2e45b58e98dc72dea6ec729fe38,1,,0.99405,2025-11-27 12:04:47Z,2025-11-27 12:04:47Z,0x54541e2463ab03ae633ec5bb794b266f3b9f190452a4818935af05187a3d4e5d
0x3dd80334ecde64dfefcbefe670c2bf6fd94b19bf,1,,0.99405,2025-11-27 12:05:35Z,2025-11-27 12:05:35Z,0x6bd066dbfbd6ecc4ca10a7eeb3403fd2573323a10e3c23a911109d9256718d10
0xa9f774402923c35e367365839593c815a279e48e,1,,0.99405,2025-11-27 12:06:23Z,2025-11-27 12:06:23Z,0x8b4d13ff0ecb7e700e5c3c173cb7dc3287ba0a55aaa13bd62b204db7965e27b7
0xf9f1bafaee73590a20740afc1e62f5dbca8fb1aa,1,,0.99475,2025-11-27 12:11:47Z,2025-11-27 12:11:47Z,0x18712c1bfbfb0120132db8795b882049bcd6bfb0638cd39ef932d2b7b5b9fff6
0x95f6a9dc28942245964adda15b3f795b08abd85a,1,,0.99405,2025-11-27 12:11:59Z,2025-11-27 12:11:59Z,0x16bbadc947f71a6ee861184822d1b143600826832084404fbdf53d6f179ba126
0x612486914709cf8323b6a3fa3679c0a84db0e776,1,,0.99465,2025-11-27 12:12:23Z,2025-11-27 12:12:23Z,0xffa6f6213b0319ef8235c3e059065acc986a47a80b49c1be5b48691c59a55545
0x18eda052ad0d01763957f37f1cc9ef36a07d9142,1,,0.99405,2025-11-27 12:16:23Z,2025-11-27 12:16:23Z,0x2937803c1a8e560799114b20d56be1724fe63762c03fbaec2fcf34a5a23b81b2
0x37df31bda0943ee3d9a0d794d0faa8b8062caabc,1,,0.994625,2025-11-27 12:20:11Z,2025-11-27 12:20:11Z,0x6a55d46223f435f81a4a5c09523ae635adae334fc48afa0d9a42d9f48a3190ed
0x10d496882277d5a2b81c5838b7195ca9afea5e54,1,,0.99435,2025-11-27 12:21:59Z,2025-11-27 12:21:59Z,0xcd2e26201344e239158cad77078badaa8411662f4fc0d06b894d47f64e3eb8e4
0x84a7ea39add389983429896354b5948fbc1f0311,1,,0.99405,2025-11-27 12:22:23Z,2025-11-27 12:22:23Z,0xf5544bc0846b2241b34b3412155ebae5b92330eec03b1d27e8d27105bb7c685b
0x476499a049efa8c8d3931ba21cc988c433109b3a,1,,0.99405,2025-11-27 12:24:59Z,2025-11-27 12:24:59Z,0xd53143bb0dbc8d176e7e3966f8fb04a0cd84b2d2d7030214303eec61bf56ab12
0x011624c18828393864004d4756b338062421cf80,1,,0.99405,2025-11-27 12:26:23Z,2025-11-27 12:26:23Z,0x4e9267277f7f58479fca25e3dce0906a637e86c75a64426f18995ea230766a7e
0xef1025703cea3a05641256f2509e80ef6df1181d,1,,0.99475,2025-11-27 13:00:11Z,2025-11-27 13:00:11Z,0xba94073637b1b65db36846fa2a7f66abce250add9d50d51cebb0c2599e020008
0x9ff47852bcec36bb9dba58326babfd89585da348,1,,0.99475,2025-11-27 13:04:11Z,2025-11-27 13:04:11Z,0x5c576bcc67d8f161d4d983c14a3f4e3b788664c5b1aa9e6a08397f1eb3b34bb2
0xa4aa51010af4fb152ecb8ebf7c2d07465c05fcb1,1,,0.99405,2025-11-27 13:12:35Z,2025-11-27 13:12:35Z,0x81a0e94c900a82c6840bd90b45b9b3210af1fd529a8df62fa9a3973311c88037
0x82b3fca12856840fc776370b27c66491dcd865af,1,,0.99435,2025-11-27 13:15:11Z,2025-11-27 13:15:11Z,0xc31423cd0407dfb9bc8a334251f6a9813f370ad8c8557b774d08b4f2b2505d0f
0x66640366ea7b38da425abf6eebaf047cbbc69629,1,,0.99405,2025-11-27 13:17:11Z,2025-11-27 13:17:11Z,0x3af0b15d2d2bcb87f5e070a0c2c7cbf60a1e523de1ebb0684ea9fdc3e215d1bd
0x2f9e69537cca26b1505af62a8b89873d957ed65c,1,,0.99405,2025-11-27 13:17:47Z,2025-11-27 13:17:47Z,0xbbc47799fb0033cce5f4361a35862465c37a68a278edb4d1667f00c2aa288ebf
0x8b3aef338567edf6e63985ec77756a130ca633ec,1,,0.99475,2025-11-27 13:36:59Z,2025-11-27 13:36:59Z,0xb41c616c7d04d2f469963e3d6360cd08b39aac17977e178310c8e64914099d5d
0x628d81970beeea30fda3ebf0506c5b336aa4f69d,1,,0.99405,2025-11-27 13:41:11Z,2025-11-27 13:41:11Z,0xca1474a312160850d69046ecc1274a73db73c05ff26739957a1bdb82b6149a73
0x79420fd34de6ac82e84a7aa7cb5d5d09b171c251,1,,0.99465,2025-11-27 13:54:47Z,2025-11-27 13:54:47Z,0xa00c1bb3ba85f6134a7889a03d2da268b64a8445a75c7421935292ad62786361
0xf0e89730e9f652a9b8b14204294be79ca468e620,1,,0.994016,2025-11-27 15:05:59Z,2025-11-27 15:05:59Z,0xea2fdffcafa76ac299a4cffbdc21062f31d5b3b614f50e7a0e8223646b1a35d6
0xf0f35e1297078ecb8b56210ddfaf0655a01f3ade,1,,0.99435,2025-11-27 15:35:23Z,2025-11-27 15:35:23Z,0xbeedf3d6704ebd05d8bb999cc4965a5444f28b3d52c347020101659cdaf6636b
0xa07d20d2bc745f6e390d5a31fcd2072b30bfe1e2,1,,0.99455,2025-11-27 15:38:59Z,2025-11-27 15:38:59Z,0x5934a69b0532aab1dc452153316c747730c89524dd54808fa25a5b3bf4130e0c
0xff470ffb1f0114aec19eaccc51b714c5ced1d7c7,1,,0.99435,2025-11-27 15:39:11Z,2025-11-27 15:39:11Z,0x42b60222a8d3aa323432fdb818d3c386ef10e5297ad817109982a28474310e15
0xf218541bfa5512072da5b9c09816a5179d90ebed,1,,0.99405,2025-11-27 15:54:35Z,2025-11-27 15:54:35Z,0x0c9d08b38719ce2cf06c04e32040198eb974800a2cd901396c9b84250323f8ea
0x99b210e09deea08b24447ba6b9d236ddd35ed6ec,1,,0.99445,2025-11-27 16:20:59Z,2025-11-27 16:20:59Z,0x16def6c1f96040bdffa9bf433c505dae1beb877ea92995e09c58ee187df5217f
0xbf292547eb91c759102c2898eb7efb4ee065eb9c,1,,0.99455,2025-11-27 16:22:59Z,2025-11-27 16:22:59Z,0x524c5724a036d24917bd8c180404a3f127376e3b09650af76f08d2b09582e432
0x04eb8ac2f1c28086f5e475e63f0ba98531f519f5,1,,0.99435,2025-11-27 16:23:11Z,2025-11-27 16:23:11Z,0x6f348aaf39e8774d49af6dabb1419653d94cd888177857a7e5477b667d28e455
0x8f6c2e652c32b7d53faeb9de81c7cdffb4d337ab,1,,0.99435,2025-11-27 16:32:47Z,2025-11-27 16:32:47Z,0x2f4c2dd3936891660ea8fa0dd754ee764f507a79634da500006e17308a498c11
0xd320ddbcd50b606f92140e9c090e256008daa5a8,1,,0.99455,2025-11-27 16:43:23Z,2025-11-27 16:43:23Z,0xc77903ff02b0c673359d338689765e569ff2f8a723d6da8d8d2a6ea7873aa379
0xeed3a869b9f466721262bab5921b2da1158d3c06,1,,0.99465,2025-11-27 17:17:47Z,2025-11-27 17:17:47Z,0x41b509fea066e998bf6f9d4b8fdc80ba7bd7bd5ff7847d47cbe908b24c511fd1
0xfae837e964f942b0411469b69f5e8fc48d06db81,1,,0.99405,2025-11-27 17:18:11Z,2025-11-27 17:18:11Z,0xa91051d85d308917adcc7fa88fd7451785245fd628ebcf7c4da468e196072488
0x6aedfb199e73055d91bccc7839771cc6744ff626,1,,0.99405,2025-11-27 18:57:35Z,2025-11-27 18:57:35Z,0xb32608f8d422abac0704e6bacb9bd895932047dde5f20a8ee2da3bddd7d87fe3
0xba56a7aee9539ce68c42bbf4a374b10e3b7e7959,1,,0.99475,2025-11-27 19:04:47Z,2025-11-27 19:04:47Z,0x58c1fd1b7324d675e7c3eb151911f381fa96d2dde1ce95440ff70a2c8014aae5
0xa74196ea47b774296e0dfa6e427e0978944d9b18,1,,0.99435,2025-11-27 19:06:35Z,2025-11-27 19:06:35Z,0x54ce3d42d1b344fa37007a5d73acdddc3431b234c26c44fe996a59031729fb6e
0xd87a3656f86b3dad85af80dc2130fc5298847cfd,1,,0.994326,2025-11-27 19:36:35Z,2025-11-27 19:36:35Z,0xa2407dfb301896bd5af7e14617f1dbf45947b979e8be92a59a4d72c35d65dee9
0xbea3fa4be3c22bf677563077c35ce81f582a25da,1,,0.99475,2025-11-27 19:45:23Z,2025-11-27 19:45:23Z,0x9fecd9402293022bbcd1c2a469a229f4fb4b3b40f0db1f8a64f1cc19fb2ae440
0xfe1848eba3e5b699eef455ecf2a7b77ac1c219d3,1,,0.99435,2025-11-27 19:48:35Z,2025-11-27 19:48:35Z,0xd6c15fb177ef9444f9b9104b80971bb8a951b9cff6ebee6c1598063219b4dc6c
0xbdb68fa2a4eb7504df76f349cf734db27c6bc3ee,1,,0.99405,2025-11-27 19:53:35Z,2025-11-27 19:53:35Z,0x574a6e845251622acfbe138473968011d33f80366a86aba1e5aad6fd82cc019a
0x2b68ba752ddd6bb6eed3565faa8ddb68d8ccfdac,1,,0.994626,2025-11-27 20:04:59Z,2025-11-27 20:04:59Z,0x479e944077873e55275d34d02342e08d4ed86c93890925233f5fb315fdd908e9
0x507e0799d01461d0f77087f92784763245a11549,1,,0.99475,2025-11-27 20:06:23Z,2025-11-27 20:06:23Z,0x4deb2e83b7f9a471c340b82f23a057f8e3232b025d572c1cbe76c7f2a9961db1
0xb8ee6e2a8264e3608b052cc86f88665888c71d57,1,,0.99435,2025-11-27 20:29:11Z,2025-11-27 20:29:11Z,0xee61c8c4ce60268131e47ee67160d2229b4b868b3c07666b0f7ec88df2c9c045
0x6e49fc3f0343927e3131a9f20cd0f692362d3f8d,1,,0.994728,2025-11-27 21:36:47Z,2025-11-27 21:36:47Z,0x192d4a999cb985d6f30161959a24f58307732ea2e2c38d2cc79a192578a1258f
0x2a104cce19a50443c53cc514b6927b87a5a17399,1,,0.99435,2025-11-27 21:54:35Z,2025-11-27 21:54:35Z,0x0a14c1b6b715ba55bfe0b159134fbbb713e1e577c22f640ccb89679016971b21
0x5e662def5e6fbb6fee048546a518ec47c32591fb,1,,0.99405,2025-11-27 21:55:23Z,2025-11-27 21:55:23Z,0xc83ccab397f8a674889327528c6ef6c1cfefaaf835b9415dbf1b24e2e006e795
0xa2a11869bbcf67dbc4c9d4f16ffd8399ef98cf33,1,,0.99465,2025-11-27 22:15:11Z,2025-11-27 22:15:11Z,0x39a5db497f5ce726bcab71f73b2c7728da34efd6465ae7814b7b4cadf7fed1b6
0x52201b6c6107281b608899617fbb4dab2617685f,1,,0.99465,2025-11-27 22:18:23Z,2025-11-27 22:18:23Z,0x492532f44d8e4f0af093afc5eb2d78255f8c18e58fe2da4a28c84918032ae0a1
0x9e78810205044fb3e6ec4e8c826d70e936d10069,1,,0.99465,2025-11-27 22:35:11Z,2025-11-27 22:35:11Z,0xd373b83b37568ecd22a6be9ef372e959ff02712e27d4ce783e392ebbafc2124e
0x937cd3f25e2cdb4c3ebd247634e41daae1f93011,1,,0.99405,2025-11-27 22:54:11Z,2025-11-27 22:54:11Z,0xec78b1400e8addd687510e802d1aabfbbb9936da08597c5c54c566d33953e6bc
0xaff24e4932c999d89ef207f2f3921cb748e7f026,1,,0.994527,2025-11-27 23:41:11Z,2025-11-27 23:41:11Z,0xe5695182913724f1d64f0f96994f35d9e9b2a6187accd75a703aa84d21b7d193
0x15fe1579482fd9bf3d0d83657930b184b397782f,1,,0.99435,2025-11-28 00:51:11Z,2025-11-28 00:51:11Z,0xc4f9e2dcfbd256f8691942422a9ebae3f5f81a25d001f0aed710118387c71316
0xff969fe74a0c81f7a13d749d416f56c8b9df88a0,1,,0.99405,2025-11-28 01:12:23Z,2025-11-28 01:12:23Z,0xee39aba9dd4cbc2f72266e5be04a7f4fe9261ee32d4bae36bdbae84d18750824
0xb5c37ca80934e1d96eb961825ff8a6001d0b4987,1,,0.99405,2025-11-28 01:16:35Z,2025-11-28 01:16:35Z,0x55a0b4a38eae7218832bbed7273c994cdea7aa7a8e8574c7bf91485e2701d992
0x649bd9caf4bfc783ea0553b3baa70ec7900e3334,1,,0.99435,2025-11-28 01:21:35Z,2025-11-28 01:21:35Z,0x0adf3ddf771cf450ff55fb18e1e5f8cf8d7dc8dd242f1d2c4cda2ec53de41fa6
0x25d0540060aec3826526d812d0d3f3618930e539,1,,0.99405,2025-11-28 01:31:59Z,2025-11-28 01:31:59Z,0x46447a9610a63336034f47f8172fce48907bef23d13f0fed37ffaebc23059f65
0x3d257f82d6fbc1e83f23a3ef1312dc805d6f0efa,1,,0.99465,2025-11-28 01:45:59Z,2025-11-28 01:45:59Z,0xd64886db16b6cd92b85e800636d58ae74bfb79d0dcfd5e8217874e9a062cd72a
0x3c4294222351398e28c46d9f2c7bdf20628ba483,1,,0.99405,2025-11-28 01:48:11Z,2025-11-28 01:48:11Z,0x78c528db0834e785f3603119444cbcc94638b4e486c8fb7b93292ac1758a9be7
0x87ebecadc93005bf1d91d3816395763afd85c8de,1,,0.99435,2025-11-28 01:58:23Z,2025-11-28 01:58:23Z,0x3a0a6551baaa0e713212a848e98ceee0ff6053d8511ed67149ea0a8a79850519
0x2e6bd44044981a9c1d34a03dfed513ddcc8de939,1,,0.99405,2025-11-28 02:21:23Z,2025-11-28 02:21:23Z,0x6d9be1be1381670516d3ba2515497f325b6b44a245c1a26ae95afb679e1e7230
0xff69dab02c4db9770b5040983a23d027793a9f2f,1,,0.99475,2025-11-28 02:31:11Z,2025-11-28 02:31:11Z,0x63ae6d1586259d6564c7453fadcfac992471e0be059209de8345d20c3e7d340d
0xf3316cb2a248d01de42d09e45524561558f237cf,1,,0.99405,2025-11-28 02:33:59Z,2025-11-28 02:33:59Z,0xe29342e0f47947a32c01ab306cfa2404f445fe853b750e94b4d874c64d3126e1
0xe7875b593b088d1d815acd79f2a8c073f53e08ef,1,,0.99465,2025-11-28 02:38:35Z,2025-11-28 02:38:35Z,0x81b87ddcefa5e456e5db81762ab9eca4384c9f0d11411ed6dbdd52aa235f88a1
0x16a5ecd7e6b13f9ad7c91ba97f0c0354fbabedc0,1,,0.99465,2025-11-28 03:01:11Z,2025-11-28 03:01:11Z,0xeeec23370df8db2cbecbced105ec009b440604a4ecfbd1b053ca3c9265170eec
0xa33e9f3b7fd3f4a49ef5dd45b2559d773a2ccd0b,1,,0.99405,2025-11-28 03:27:23Z,2025-11-28 03:27:23Z,0x15036477c4d6e8038d51096996d268dcdfaf66870ef194ade96dcf106a3028db
0xcd46e9527d48357636d6740eadbb12d74476a928,1,,0.99475,2025-11-28 03:58:23Z,2025-11-28 03:58:23Z,0x971abb9a6a2133a125595bc0a70fd09be0120b79ebd3892635f2963ad0bdf942
0x1dd11a08958825634e309187f16c2e04fa2bd59b,1,,0.99435,2025-11-28 05:00:59Z,2025-11-28 05:00:59Z,0x1cd0ecc6e8a0fb0d343734a186958b2003fb6dc1fef75bf6139b6ef242ff378f
0xa0e5a62273ab8f17f3ede7a11d0d5f7b830f48ba,1,,0.99405,2025-11-28 05:07:23Z,2025-11-28 05:07:23Z,0x707eecee31b7a0063b3b2219a8229a7062c8066d4363898240bb1f362d9e93ff
0xc710e94e6089f054c8e9de1982155599ed42023f,1,,0.99435,2025-11-28 05:19:47Z,2025-11-28 05:19:47Z,0x21257c1f11eadfe6b12c3c416b02e92ecd5d1e9b91d21d89088c736334555f4b
0xcb3c747e1266d2ab03e155e9fd4c200bdb0fa8d5,1,,0.99435,2025-11-28 05:20:11Z,2025-11-28 05:20:11Z,0xc6825c5d5f4a5f386faf7aca4d029778269d9aef1e6ba3f1779356b9a8059736
0xbe06d146ac2fe4ebcf1ba7c3825b343f3a2a672c,1,,0.99475,2025-11-28 05:34:23Z,2025-11-28 05:34:23Z,0xacbb6eeb30becaca37c75e6b89dc4dc345d7e482d8991c51e2918b96ae3d1067
0x0613444e41eb882e4b30460f3dc7dec86be06ce0,1,,0.99405,2025-11-28 05:40:47Z,2025-11-28 05:40:47Z,0xcc71f588b8913fa39c142019db141621489248cbcfdfcc5fe4ebd9d123b25229
0xc4ac2336f392bb527a2e1696a61b355068bc7727,1,,0.99435,2025-11-28 05:46:11Z,2025-11-28 05:46:11Z,0x3a9748b4db81379d29b387bf3fd935bd167096287b2bc8131f2dc7d807a634ef
0x9edd3362ab36a5e9c1f3639453da6ca1d796eb1b,1,,0.99455,2025-11-28 05:57:11Z,2025-11-28 05:57:11Z,0xf4bb5f2c1098b4de7977d11461e4bf50dfa8d3b3c38c96a8d2e0beaabef1be78
0x1b8a89fb576d936afd762244c6409e5cb84dc520,1,,0.994027,2025-11-28 05:59:47Z,2025-11-28 05:59:47Z,0x1d6aa12a4de52bfbea12401d6b1532083111b083d664809b1a469134de393b5a
0x4dd7ccc4d30f40f6efa3d884f0b2cf7eed324f72,1,,0.99405,2025-11-28 06:07:59Z,2025-11-28 06:07:59Z,0x22d324d0d3787a0cc999d95f2e8c15f3d4aead1ef913721abe790e867c05eb04
0xad90cff176a1836fdf4b1326ba7af7518b32806b,1,,0.99405,2025-11-28 06:23:35Z,2025-11-28 06:23:35Z,0xa8c702f53ea04c3d30e890d9cf545f7afbfaf9ba8844c20aa181f54679046bbc
0xad922dcddcabfab6d2d67e4a3020edede0eacda5,1,,0.99475,2025-11-28 06:40:35Z,2025-11-28 06:40:35Z,0x80548aed1d9e5bc0e22a7adfbe7ab796ac8cc764cd5b1e65088b3dddb85fefda
0xca1c1637938bb37a890d765949636e5f23f48c63,1,,0.99405,2025-11-28 06:54:35Z,2025-11-28 06:54:35Z,0x2bf2aa822f56cb969b7032a30de8ff647ec33521b8d135fe5f97a4f51ebc766a
0x553b1e8f745a076741b89bafbddf729595474ed5,1,,0.99405,2025-11-28 06:58:35Z,2025-11-28 06:58:35Z,0x585beafd0ea31c12508bd0d5015f7f742dc1abc1960c51f37527d50426e45168
0x9f6b4a84e938841e412af1cb9279f49124d3887e,1,,0.99405,2025-11-28 07:10:47Z,2025-11-28 07:10:47Z,0x0759e9841f94007cab0575da50073a2aacc101bfea21678572a5131476ee08b6
0x578ec893013be759655ee133e8d383f60a2ecc9b,1,,0.99475,2025-11-28 07:22:11Z,2025-11-28 07:22:11Z,0xbffed9fc7a4507a327a4beb06430a8906ce79c355f3aa25a52621c38597d635c
0xb8a14b2421acce3b63794c1f61f53d0db06ce88e,1,,0.99405,2025-11-28 07:25:59Z,2025-11-28 07:25:59Z,0x723b4418b04d20ca217a29f73b89850af6bcfe9476984a5a2ee6d2cf27314905
0xe5c1494df46438f1e6d3ce9d430a447853f32726,1,,0.99435,2025-11-28 08:00:35Z,2025-11-28 08:00:35Z,0xe0db054c239548a3c9dd380e270a810c34259ef32389d303a8a43a386c8eb027
0x14d4dbee99dd9ba8ccc8c10af737656921829843,1,,0.99435,2025-11-28 08:25:11Z,2025-11-28 08:25:11Z,0xc4369d4d1fb4604c9bb610713ef5b889e3f74c30c4dd8ef0f1f42cc1e14dc5e1
0x2a2e6a8944c4004f3bbf24d0b1658472044f856b,1,,0.99435,2025-11-28 08:29:47Z,2025-11-28 08:29:47Z,0xa98ff172a432c247994b7f4f2385be679f8fcb16dbdef3b7db06eb97ff0aaddf
0x6d725553be50d57e0f7be8bd6fcfb2f23f2cba66,1,,0.99435,2025-11-28 08:42:11Z,2025-11-28 08:42:11Z,0x437fc057614e12b8072b2725f562428d61977b8c171369a322e2aca2232b08de
0xb5bb02f036ba85fe16cbe4d4f3502c9482d8b7d1,1,,0.99475,2025-11-28 08:44:23Z,2025-11-28 08:44:23Z,0xe6a96484d1a403be10f7c0e79b4f9a007e47d94035c8bf62f7cf384f36a955ce
0x5f40d550574f1e6424d322a09ae51ad3b1f68dab,1,,0.99405,2025-11-28 09:19:59Z,2025-11-28 09:19:59Z,0x80556ccc6e6273950cd2241ad4c80a2a96268162db4e30fb07a9bc92321b5309
0x947819e1a08dad8def68d3165e3e49fff956b209,1,,0.99475,2025-11-28 09:40:47Z,2025-11-28 09:40:47Z,0xce746679e17711f9e499867d3f8b08d1de1d6a9049f3dea709e9426eaeab4445
0x13cc1b7a9edee23dd87e9b08de0925544c751fb5,1,,0.99475,2025-11-28 10:02:23Z,2025-11-28 10:02:23Z,0x713055c7320d90fbd77781eb9c61542a0d8ac23e2851baf9456cc8a5554089ff
0x51a439adeec881b6eeb14823110fd577eac22d03,1,,0.99475,2025-11-28 10:06:23Z,2025-11-28 10:06:23Z,0x5ff81f1743b492f857f6ab8f5ea81cc512ef561c33fbdcfb3432da7c867dc80a
0xe3bc846f79ece53ccd03106c5d27d53a05153d4c,1,,0.99435,2025-11-28 10:19:23Z,2025-11-28 10:19:23Z,0x118fc3a26a693ff8003bbac23034e349fd3b96ef74b9507924bbe893a4d0781a
0x21f94026ac4d714a2f9e9a41280038660d8828b2,1,,0.99435,2025-11-28 10:21:47Z,2025-11-28 10:21:47Z,0x78e7f536d22b16ed5092bbd6c2a4773a4afbbc638e6d44b154e6050081bc255c
0x45bf81fc6fc7d51a54634dab748dd60d296760f0,1,,0.99435,2025-11-28 10:35:35Z,2025-11-28 10:35:35Z,0x89c3c0024ff598c6aefa472868bcd29e1af81ef6337b8aa3e8b7737af7386c94
0x6eba1f42f4ee8d5f9822c753014ed391503be9ec,1,,0.993993,2025-11-28 12:57:11Z,2025-11-28 12:57:11Z,0x9317f317c672de908f04d6d1fca7e574ef89ccb79bb34ae8f661629f54977c2c
0x40e2376ed4fadfed5a17fb0c86c502afa68c7497,1,,0.993989,2025-11-28 14:27:59Z,2025-11-28 14:27:59Z,0xdadde74be06a1e590bbdf103c63fd1ff59aa3833fc4b4d0ae76f9b0c3a51359e
0x65193cae3591e6d585ba0736aa78b4accb977f9c,1,,0.994589,2025-11-28 16:29:11Z,2025-11-28 16:29:11Z,0xec9fa8cd113077472d982a4d31ac6cd845a82ad9fa5546d48fe7b295cc4bab0e
0xcf6ea0dd608893c4105112386df2af2d82c1e90a,1,,0.994426,2025-11-28 19:17:35Z,2025-11-28 19:17:35Z,0x3d28f5531c27226b756ae8505af82ecb8499a01835df37c928cd95bd1e7a3694
0xdffe0960ae93c353a5013b50a5ed6a951a92a123,1,,0.994017,2025-11-28 20:44:35Z,2025-11-28 20:44:35Z,0xee314eab84a24d81a47db33c5cd54d8e5eb31fbc3b2070248120a205575253c3
0x86db05199c0a096775aeff6023e23e408dc5800b,1,,0.9942,2025-11-28 22:19:35Z,2025-11-28 22:19:35Z,0xc5591fdc89b5a250d716c751026d448ed307f16a0dbbf4fc0350f2a0fb22ecc4
0x1c5110057e061046f1832a1e813d5a748bb6618b,1,,0.994722,2025-11-29 03:53:47Z,2025-11-29 03:53:47Z,0x7eead4fc44c5e1a63810f6c6c12df4b715e2116ab2f76c6c03c06045e2311977
0x4dace7e0fb3367c1edba53e4b4099c0511cc3882,1,,0.994327,2025-11-29 07:02:59Z,2025-11-29 07:02:59Z,0xa0c068e3ef3ddfff50528f71ce4da6ecbae3774c52436bbb8adb74c78ed339d5
0xfbef5b9634124468fd50849b5e763ab037749ba2,1,,0.994627,2025-11-29 08:57:47Z,2025-11-29 08:57:47Z,0x7a8bd362c710102d8b7e0ea007e93876f72e978e60952003add3c05d47eb74ec
0xa804aff71a52c85219404c2f09a43638263e6ec5,1,,0.994028,2025-11-29 12:45:11Z,2025-11-29 12:45:11Z,0xf96dc7f8ef14fa6308bf898ca48b92a49a04d9592f7fe694bf47ace717b7433c
0x4ead156bcaee92035cead3650c24bbdb40e036b6,1,,0.99435,2025-11-29 13:15:35Z,2025-11-29 13:15:35Z,0x0115a884d1003b424ceddd5b3243cf4fc8ab9da040b4cee7a1c16bd2fc44b0dd
0x47ce21df573a292a793db2040169145aba5e4520,1,,0.99435,2025-11-29 13:17:11Z,2025-11-29 13:17:11Z,0x7ba0161a787e2f0492f52f3bb04af953512f4a6ea9b6026611f081c58378c65c
0xefc3841f283bdf15ff972ea686a8db7416c657f6,1,,0.99475,2025-11-29 13:17:35Z,2025-11-29 13:17:35Z,0x6ebab0e24f1cb6cca87f50d00b046797c9746557e047091a67d485497a54507e
0xd4f5b8bd50c3718b56f49e885810e50339f356da,1,,0.99405,2025-11-29 13:17:59Z,2025-11-29 13:17:59Z,0xbf1e477f63572c3a3cc599c9644ba110ad997187863db1c86ab5d24a1ce88261
0x42c23ebf382194e6864d0e239c194803eabf8cf6,1,,0.99465,2025-11-29 13:18:23Z,2025-11-29 13:18:23Z,0x844e73ae672859374ca1859db23bbd5489e9dd60808d0f56ff08f6530bda106a
0x33059ba29875b924ebfee6a099815d9fc8d9eec7,1,,0.99405,2025-11-29 13:18:35Z,2025-11-29 13:18:35Z,0x25701b10d21bdf0af08ecc5f0b7862a9eeead3ad06d87bb87359787099525de9
0x30f9c0f1913bd24f4f74d51ef573a5b2dd917d45,1,,0.99435,2025-11-29 13:19:35Z,2025-11-29 13:19:35Z,0x35c14c38c1decf266f47d6f0a3d1886a36ef4201f1982fefd81fa183d3ce9d3c
0x9954f5db7a185e35adb26c022107da2db8256aa1,1,,0.99465,2025-11-29 13:20:23Z,2025-11-29 13:20:23Z,0x7bd6f11ff056b6e580e69b461f47d3ba18316a8ee1245231d4de51444fa7203d
0x2a3841c988273a85be85025f66afed5ccb99afbc,1,,0.99405,2025-11-29 13:21:23Z,2025-11-29 13:21:23Z,0x42735b3039a9521a3eeaf0f7916cba8e4b0f085cd1cca0f170347104db45a726
0xa4491be86164057812a7c6c16a17f71d81f8d76e,1,,0.99405,2025-11-29 13:22:23Z,2025-11-29 13:22:23Z,0x0456d512ee97305dafa0b101a3917465ba8508c6a0c33725a4cc7589b6b0d171
0x515dc129b16e00b6a4ce704efb9144eff5b56b5f,1,,0.99405,2025-11-29 13:23:47Z,2025-11-29 13:23:47Z,0xb96831afab79a03eb536ccd13babc02c1fb44b53dd88088b3fbbf5c13d4d500e
0xec5b8ca0cd4508244e2d1c9a8a49bf9932711e2a,1,,0.99465,2025-11-29 13:24:59Z,2025-11-29 13:24:59Z,0x08a941234e33f6b077d5dfdbcfadf6724bd27bca6478b3f4e1fa144078555773
0x2525a91aa70532779e55fd16b426f0a653acd33f,1,,0.99405,2025-11-29 13:25:11Z,2025-11-29 13:25:11Z,0x7c19c8ef08dd0b6beb56f4ae4f49c84b0ea9df73e49c8918d7fdb683fb3a0a17
0x626beaba9357b9cf4c018ed7ee4699edc5103f20,1,,0.99475,2025-11-29 13:25:35Z,2025-11-29 13:25:35Z,0x61fd372e1492945cd067bdcad8ad55df9341c517866cf547e481f5fa25a50c34
0xd602b727896903692657192062ae142776b825ca,1,,0.994727,2025-11-29 13:26:59Z,2025-11-29 13:26:59Z,0x93c48e45117dd1e1038b1e986c25807eb36de0e79dd7447fc672eadac7e0926f
0x75eebf5acedee7ecb56c69ae4785315c0f4f55e9,1,,0.99435,2025-11-29 13:26:59Z,2025-11-29 13:26:59Z,0xd133f0269a4de6dc610f65134ab3e2d6f6dbc69aa87fcc41a979c9cfd3b8cf25
0x133b6aaf6c5c893ee28661025ca23e808b11946d,1,,0.99435,2025-11-29 13:27:59Z,2025-11-29 13:27:59Z,0x210324ddc205edc2fbcfb9a5feb71f6e12f52528b81f4181870b2eed5b9ca789
0x4d2979398f8a4c584d8dc71f9d001fdf26a1a308,1,,0.99475,2025-11-29 13:29:47Z,2025-11-29 13:29:47Z,0x548a03776fafc75b4298c5fd947ce4b45224739eaeded7adb9b41790db008048
0xc7d103f5135615976645dcdd8a349a39cc441967,1,,0.99475,2025-11-29 13:31:11Z,2025-11-29 13:31:11Z,0x0015f0e936662539810d5cd314c1d4f0277fdf84c4efefd1f6e0f72aae813b46
0x125696193d715ab1bb66041fbde2872049c1f501,1,,0.99405,2025-11-29 13:32:11Z,2025-11-29 13:32:11Z,0xcff220d0683f8381ea541bdf9049245510e90d10cbea644959b6c711da03cd06
0xbb221ab29893f4a646f1a28981cabd348e6a5882,1,,0.99405,2025-11-29 13:32:59Z,2025-11-29 13:32:59Z,0xa24f63378dd5102e762832b808ec91b80d9c55234430fdfea05fcea9436eec1b
0xf4fd0f65b4c83a323eb9c3cdc31e7421caf88c98,1,,0.99475,2025-11-29 13:33:23Z,2025-11-29 13:33:23Z,0x9bbedf2ea1e66723e66fbf61cd0b3ad16f18933aef239245e8e748558658aa07
0x8b6d4123ce0281ad9be1f1df64467898889e2c76,1,,0.99405,2025-11-29 13:33:23Z,2025-11-29 13:33:23Z,0xb64200668acfeb39f7adce583f7f0411bf3ed59078f093ceae9f05e277fb602b
0x3e957fc249acfbd9b40c5542bda3adc42217263c,1,,0.99405,2025-11-29 13:34:23Z,2025-11-29 13:34:23Z,0x4386c9e7253a506ef9c5c045ef9fdc615a0c74517d00fa13b742fb6664d92aa4
0x787e97ab816ce070aa4e397890a37f7fd4c06811,1,,0.99405,2025-11-29 13:34:59Z,2025-11-29 13:34:59Z,0x17ac6bb1594d2d316c67570eb173ee976084b268553c913cab46c92ba4d498e1
0x80f8b93b9e502e2ad89319e5be5797e0b2c26885,1,,0.99405,2025-11-29 13:35:35Z,2025-11-29 13:35:35Z,0x1fc10b980c040fa9e754a05b96d490644aca110de7ca626e7b685853b9bac3df
0x2aff7a4363423458eaa2c8646d55de130994300a,1,,0.99405,2025-11-29 13:35:59Z,2025-11-29 13:35:59Z,0xbd03a2320a8e60716da140ed2542c25cc55528ad33a1b05f7ea7dbeeac9aad35
0x1c779401605101db1f09aca67cb8d0396cddbbed,1,,0.99405,2025-11-29 13:37:11Z,2025-11-29 13:37:11Z,0x58148d5f9b0817bb8c6e0e9c77f34161eb064c9bf1c046e51b3152366517a93b
0x413bc153286bf89d9c36b4f7d226e81aeb360f96,1,,0.99475,2025-11-29 13:38:11Z,2025-11-29 13:38:11Z,0x61ef932b54fcfb7c6caf4f67c4cf4f515deb7bad1d30b2268e35b8cfc162da24
0x956f0101462f2426491c5e04b32fe0a0ea517403,1,,0.99455,2025-11-29 13:39:11Z,2025-11-29 13:39:11Z,0x2c37eae2b864e9200c2378efac7ab3fd193e4d3a11e598daee30769574d69c38
0x4f91e5d4e13c310c9f1090e809d4c313f6fdfc2b,1,,0.99405,2025-11-29 13:39:35Z,2025-11-29 13:39:35Z,0x20c29fa3f64a146cde86bfdffc10dfd3bffa1843783fb86d1a464c05aef054f9
0xfc2b3eca190f49fbca768a871649830cd20108d2,1,,0.99475,2025-11-29 13:40:23Z,2025-11-29 13:40:23Z,0xb59bf4f0c888224fc864e16c25060acf7878a52cc4dfa8f382d7d40f11cf2862
0xa1faa9ced3f2bc550aca8d35b858fde8b10c8cab,1,,0.99405,2025-11-29 13:42:35Z,2025-11-29 13:42:35Z,0xab93b66b38a71afa61e04d6d37a5fdb10eca6b26508c9af52fbe01f7383eb85a
0x9fe41de9ffd1f7aa59e53b3b356a2b9cd4a534d3,1,,0.99405,2025-11-29 13:43:11Z,2025-11-29 13:43:11Z,0xcd4f35f38b440e241baf2368a70aae06200bb6d5070a0c0dbbde9138d2126272
0x8f3ce8ffdf03e22aba34755750455c60a2bc0ef5,1,,0.99405,2025-11-29 13:44:47Z,2025-11-29 13:44:47Z,0x5e03df57f4ae219b52e96c629c1e83983ed0b11936ce03dd7f44d14736dc814f
0x779bc851bf829b4fc378cde0be5c98b9c4532dcf,1,,0.99405,2025-11-29 13:44:59Z,2025-11-29 13:44:59Z,0x856d9717248de809ea0aa4faa9d2ba22bb6cf2c8c09c0e10ad6e1f457d6d4255
0xd083752ca93027f017c3448c15a8473623b53c17,1,,0.99405,2025-11-29 13:45:59Z,2025-11-29 13:45:59Z,0x119e4243cc89a601bc019c5a2358886472bca6c5bc9c6e172f832c348bf3230f
0x2e7a40f23f4afe10610c7cb529fa78c1fed37ead,1,,0.99465,2025-11-29 13:46:59Z,2025-11-29 13:46:59Z,0xd5ccba8bb09cac779dc4963828f39c388a8bf366be11f8853ccb2a85c903ac9b
0x7e66c70797f3f8209a68a52b11b0d08597778570,1,,0.99405,2025-11-29 13:48:11Z,2025-11-29 13:48:11Z,0x575566ba1b4bc2429cb3a732726b61c7bf26371d79b7b39f554a24b31c3693dd
0x055f6f78874e92e1a43663cc3efbcc638998ee89,1,,0.99435,2025-11-29 13:50:11Z,2025-11-29 13:50:11Z,0x713ff70fca3b5179cd6e80561fc8393aa05930e05e267c344af6947cb2450565
0x60165cb0636fc71038071046f1804c71c48b0945,1,,0.99475,2025-11-29 13:52:47Z,2025-11-29 13:52:47Z,0xba42ba4dc682b131e93acc3d329aabc2b98d6e7109fe30103d77e1ee768cb899
0x05a6051be34880a0014824b8ec7761aa79f2944a,1,,0.99405,2025-11-29 13:53:35Z,2025-11-29 13:53:35Z,0x411083281cbbac7cecac07d82837d9f15a421cc09633593da76275a50c3933ac
0x10976f4747f2d4645edcec2679dc01fc2af87544,1,,0.99435,2025-11-29 13:54:35Z,2025-11-29 13:54:35Z,0x58afe89b952fb7270836ba69df1a2b62cdf36cfc198a73d241932c2f10950465
0x663aa883b4b35684e137f91489402ffa6f2a0612,1,,0.99405,2025-11-29 13:58:11Z,2025-11-29 13:58:11Z,0xb1b1d4812c428eea95cdcf3066326b11a3d3590b09e1bfa31a09b6715cc75002
0x9b26434fc571663da3b94818e03ffc24d9301995,1,,0.99405,2025-11-29 14:01:47Z,2025-11-29 14:01:47Z,0xc532453eb9c3ed7c58a4bd1eed0402aac3efbc5528abc0f0162f8ce2d736571f
0x8b6b2d36e4d303e06a46b326328757115e127b2c,1,,0.99475,2025-11-29 14:03:59Z,2025-11-29 14:03:59Z,0x0f9c4e9dc351c6b357d29db90b5000f63557b4c5f33d88a310b3c244a22d25ae
0x970b57055402105561fc10406f3d7e4ea791d1db,1,,0.99465,2025-11-29 14:04:35Z,2025-11-29 14:04:35Z,0x933889e97b807ead0e3c5f10de6c4e6bfb99e296c6e527653f73884e0ed91451
0xbe5d98eff61dd614de5227506140d78d7d9fa594,1,,0.99405,2025-11-29 14:05:23Z,2025-11-29 14:05:23Z,0xd778cd26130557577cdfbebadc73694ea45d0201c69ff53dcbbd585200535023
0x13f9c873fce1a7f17b5adcf730db21ea7f2792cf,1,,0.99475,2025-11-29 14:08:11Z,2025-11-29 14:08:11Z,0x0bd05fadeb465511f7efca81b3114356b3285fc6d737a1809052272c1724fa89
0x24fc3116493aa95143b7079f1f90da75393fa6bb,1,,0.99475,2025-11-29 14:08:35Z,2025-11-29 14:08:35Z,0x82cb05b4ad63dadc8432de7167218b47f813ad411c821251f47414e89dcea4a0
0xac22697050a023e047c8e52eabd10045e95c9316,1,,0.99435,2025-11-29 14:10:23Z,2025-11-29 14:10:23Z,0x0cb20913eb20a800c10f4fff4f392114cbcbb05b57e5257cdaaa0c463fea5afc
0xcc4071b0e8aad53c19d7872bfae73e0f96735dfb,1,,0.99405,2025-11-29 14:12:11Z,2025-11-29 14:12:11Z,0x51278f4307d3f44b92fe12c9dc45087c3393dd71eaae212bcb7db7433d6dc504
0x7dfeb29865a4aeb30e60d47932f48071ae1abc78,1,,0.99435,2025-11-29 14:15:11Z,2025-11-29 14:15:11Z,0x259a9a673d04b66c0895fa0ef653168f2242cbfceb953d070f71d35ef0939cfc
0xcc9ab7ca7b330c43d06e5965f64a2d50163b2786,1,,0.99455,2025-11-29 14:15:23Z,2025-11-29 14:15:23Z,0x6b0121b633040f7d5a9eada41f08a64d2d8c0e25be3fd592066512123a7e6a24
0x7f9ad56d5357e82132bf796b548b0236ddadf66a,1,,0.99475,2025-11-29 14:46:47Z,2025-11-29 14:46:47Z,0x91605c8c1a2a35344b3af567de2659eb62999dda616e58b3ca50f730154fb6df
0x3cf38246592f6dc4d761b20000048627de32fa7d,1,,0.99405,2025-11-29 15:23:47Z,2025-11-29 15:23:47Z,0xc8c4694aa7bc5b69b5fe2f1be68926a61450565d34a6de087a729a44b6e102b1
0x0acd5eabb9b475ba7698f1247a22339c08d3e5a5,1,,0.99435,2025-11-29 15:24:11Z,2025-11-29 15:24:11Z,0x8e76478bd3b106ffad73e2c5308dd51a924933c8b1f3c45d6d20c083f0f392e8
0xd09e58ecb9ede0cb77e6a12fb7422e08adf8400a,1,,0.99405,2025-11-29 15:24:59Z,2025-11-29 15:24:59Z,0x9a9bead2f659baeb0ffa6a60b403e20b5f666c1836f50d92a8fbcf16acfdb496
0x460fe0588a05820b8e8da0b7c27783234a550ef2,1,,0.99405,2025-11-29 15:26:47Z,2025-11-29 15:26:47Z,0xc4d1184ec24d19111af977b777556101382d9191744381a43e013a02e1dc9fb0
0x0a060be7f56d94f20a563ea611441e3e488892be,1,,0.99435,2025-11-29 15:27:23Z,2025-11-29 15:27:23Z,0xf8a4f8d29b2cf912ba773401ba7184b323127c06e196ff668d79ce7ecbeb0890
0x178d6d7c1872416b72a5a2d9bc942da03ac67de0,1,,0.99405,2025-11-29 15:28:23Z,2025-11-29 15:28:23Z,0x8a398a080762190bb95ef083bfefa49ef06ef0312ebc7d0a50b2994357a290ea
0x90ce749bc0dc4e6f3760c5b9cc3d81b8630a0af0,1,,0.99405,2025-11-29 15:29:23Z,2025-11-29 15:29:23Z,0xaf4adbceb35c1e8874d806bc0f0d80d4f80cd2445365206b46e899c6953de678
0xff47a669c4b01d7e6f6e6f688cb20cd66d464647,1,,0.99405,2025-11-29 15:29:35Z,2025-11-29 15:29:35Z,0xe4bb230519f32a18d13e925fc0c1b1fab08a0e6bfd1629aef1900fa88ed9c60a
0xb818c0515169537c3e02bd1d3b659ff9064055bb,1,,0.99435,2025-11-29 15:30:59Z,2025-11-29 15:30:59Z,0xb9b984d64949a264dd57684bb78b2dbd0c1a2d79f2ecf811ac1d1da659d865cd
0xe25c767dbe870087b82d214a4fdda94fb15b316a,1,,0.99475,2025-11-29 15:31:35Z,2025-11-29 15:31:35Z,0x1aaa2844abc515b96cf3f410ea20527a7ac384dd8a3ea44a95cb5eb32a4974cf
0x4e3a10a02bd6093771734f226470b4ec9308a2be,1,,0.99435,2025-11-29 15:32:59Z,2025-11-29 15:32:59Z,0x3c549a6aa538f49de8326e9030b898656917db9f201da39af8622b704fc1f929
0x2a8882c34d165098e15df045053fc154be3e475b,1,,0.99475,2025-11-29 15:34:11Z,2025-11-29 15:34:11Z,0x09dc30dcec1c5854c10cfa163b4cc3b200914dfaa5253011b8448f5f2f93ead2
0x07fe0d0e9b96d680d9c6086bc99e11f6b1d7b296,1,,0.99435,2025-11-29 15:35:23Z,2025-11-29 15:35:23Z,0x8b0673d9034c4b582fe84722fcd1bb775afa931ced3896da55aaa05dcd47b73c
0x35a575b77c88f1f7d3c423206847681237c76140,1,,0.99455,2025-11-29 15:35:47Z,2025-11-29 15:35:47Z,0x98ed93c8ff40cb778c10bc0911f202ce566d76504640f7295b111a2588ff01e4
0x0663f1d700be6c40e5b178d60f0f850d5a9582a8,1,,0.99475,2025-11-29 15:36:47Z,2025-11-29 15:36:47Z,0x3f51749daf0b75974e1c16f584d92d52fdf1f2921066754452f210111fbe8e53
0xeff0dcc12aac30fa64f48896134c827cf5a7f3d6,1,,0.99405,2025-11-29 15:37:35Z,2025-11-29 15:37:35Z,0xa0ddee3f45c09e8b0d4bd5b46f76e9e6260561c8403b4355ede8c0af1ddb0e9c
0x5b99cfe5fef7350d49c29b7077ee82912701a8f2,1,,0.99405,2025-11-29 15:37:59Z,2025-11-29 15:37:59Z,0xefe8e82e3087db36e84b54f7d2dea684cf54da8879e8b0bdcff1271a3196f9a3
0xacdf78ec00a7a23a6ad7c6a9ecc21155e397def1,1,,0.99405,2025-11-29 15:38:35Z,2025-11-29 15:38:35Z,0x825aa469de1160ab4e025b5626d5b1f59305f1db9d268395d741a19f493e6534
0x61ff778376ae04b75b4f541d75fc54cb3ffdd4e7,1,,0.99435,2025-11-29 15:40:35Z,2025-11-29 15:40:35Z,0x04258630a7126b60de15557b5ff6e196418556d6523044df43b68fd343c3a5a9
0xfce15553be235119490f5ac04b27a5c8d4e06ab8,1,,0.99405,2025-11-29 15:42:59Z,2025-11-29 15:42:59Z,0xf85cbed64c6b120d694c6a0e1220dcf997cb260a2d0c18233824318e6c89ca26
0x6fe991c1ace87d58fda11b152dfb12f447a92430,1,,0.99405,2025-11-29 15:45:11Z,2025-11-29 15:45:11Z,0x26dbb030b7066a42608b5be0f0f2ce245bcc86f16ed0f637eaab89a6d7e46aa8
0x28fd7772207605c4fbe5da14b671d3677e431b88,1,,0.99465,2025-11-29 15:45:23Z,2025-11-29 15:45:23Z,0x1a713eb704e178900894c0375090e3bfb54fe6e87118186493cb001de6739d0f
0x3e2414f2bc9eb590e4d107961d1d7b6e9a4a2cc2,1,,0.99465,2025-11-29 15:46:35Z,2025-11-29 15:46:35Z,0x808b702f42fa9e4c5fe06cbed6fbbf6e3c8d0442522a8345fc6f6d74f6a80e94
0x81901d08c78ad31e2b9d1ad1c1a7acb840d82103,1,,0.99405,2025-11-29 15:46:47Z,2025-11-29 15:46:47Z,0xb9b57655cc18af6f04a5c77eb412de283a06e0b1c59aa6316285c59b5e9bf9d1
0x08c3e1aba5ceae41855d306e191612159daab8c6,1,,0.99435,2025-11-29 15:47:35Z,2025-11-29 15:47:35Z,0x40cc953b3b7fca57c7782ae39cd5f9743a67dff718b044138a7c77d6d914c2dc
0x886babe073e187e6ef377f098fde4821ade727a7,1,,0.99465,2025-11-29 15:47:35Z,2025-11-29 15:47:35Z,0x780aa9e48c4522bdc1049aaace6a1ff1564840eaffbd80b9b510799a1680060e
0x7509ce3af6aaf280f66de45d247d096fb0ed4b6a,1,,0.99405,2025-11-29 15:48:23Z,2025-11-29 15:48:23Z,0xce1febbbf94f540b0d0b490a893d8c15a9fa5ec0af98ee8aa5b96d98fed60053
0x83a7190868efd6af55068a35764e71ba99119292,1,,0.99405,2025-11-29 15:48:59Z,2025-11-29 15:48:59Z,0x680ce69ec074ec32cce11a1adff61c8c0cfc191144289b6932d351e296a9ec32
0x8d121e58c3eca9c2c5472d74394da0de1326987e,1,,0.99405,2025-11-29 15:49:47Z,2025-11-29 15:49:47Z,0x60637bbbcb1d5133e7455bbb86319432da5fa57b30b981b51abe2db6d22b2aa9
0xa0606e0fde587865477cb26ecb3f30627ca3b38e,1,,0.99465,2025-11-29 15:50:23Z,2025-11-29 15:50:23Z,0xcf48f8a0813ebf8c10d0ce485e20c7a6623cbd0fef6cf78cbe4210f9b2fb910f
0x23f80490c0ce6f9430cfd846a6b7bcdb7ce493a8,1,,0.99405,2025-11-29 15:51:47Z,2025-11-29 15:51:47Z,0x72411f15f0975f9453e33088ba84cc9944366c8ebcddfc9be9c12798d92c6ffb
0xbad860ab38fcede43a3609b52562f03a81309fa3,1,,0.99435,2025-11-29 15:53:23Z,2025-11-29 15:53:23Z,0x514da951a763bae5da21b0663041eca7ccb2455888f975c15dbf8e5d6ae41e25
0x26bfd237c759eb8790abf6872d186b2253fc2de4,1,,0.99405,2025-11-29 15:53:35Z,2025-11-29 15:53:35Z,0xcf81bc4b927f408c46a485d0cefd1dffd3224918924c6f7f6762e905dbd0f923
0x3901fdfbf45b6a3b8ca4e9410927b49fa12957d6,1,,0.99465,2025-11-29 15:53:59Z,2025-11-29 15:53:59Z,0x9a1a3d077b6755ff67dea46dec0d8a0cadd68869409b75d9dc82376828057637
0x521d667051e6422d7b04bbba7a0ae27189bd76da,1,,0.99405,2025-11-29 15:54:23Z,2025-11-29 15:54:23Z,0x012919140b67e2687dd8bf1d20f6032496bb48c822e9e9a91d4daf6404e73e85
0x8a9c3edb54f47998ebbf954f5452121385f1fa7f,1,,0.99475,2025-11-29 15:56:35Z,2025-11-29 15:56:35Z,0xb8d03a2b33556575d265b008c8022f2e26986d70c9a2a740045cb96b57715872
0x8ed0f940a89e4cfcd748f2d1d8af6cdee1a21964,1,,0.99475,2025-11-29 15:57:35Z,2025-11-29 15:57:35Z,0xc4e2862e760a64448c592754459c127c57f99e50cd44edd34b0215ad272ddac1
0x296ad264ee869b758e776433d6d9154600435186,1,,0.99405,2025-11-29 15:57:59Z,2025-11-29 15:57:59Z,0xffdaa692f86e3136c0fda7376e5e76d8bff1f45d0272ad83e8678210df423260
0x34baf8a8eb15518c5136fa4d1d0467861e2f830f,1,,0.99405,2025-11-29 15:59:23Z,2025-11-29 15:59:23Z,0x108e1178044edc4b12ed244cabece83af6ef577ba60b1fda6447b1f95e2f2177
0x7e80813fd550f2ff04fccdb6eea586bf6e4dbc73,1,,0.99405,2025-11-29 16:00:23Z,2025-11-29 16:00:23Z,0x1e6c5096d9b686f699d28ea55dd013bc6b46b1c4745d531cec1356b7a116bd02
0x384cdd00661002434c663627aba47d00d8cc427d,1,,0.99465,2025-11-29 16:02:23Z,2025-11-29 16:02:23Z,0x592d04fdc55b56a3c8e2cd5d9c04e062a907c06410480f88b123bedc4b95c693
0xe11281b476fb7c254e00c3988f0a778105459bc6,1,,0.99475,2025-11-29 16:03:47Z,2025-11-29 16:03:47Z,0x8944e412ebdeccbf81f3dd52cc69c58a2e5da9eaa63f10b0da764afd7201a87d
0x85a33441bfa540448899924c6a419dc006babda0,1,,0.99475,2025-11-29 16:04:11Z,2025-11-29 16:04:11Z,0xe6bb353d5177580356158ad917e7d18f3ea4281ba207ae684c32833a273b145c
0x10f9144b8be924a1d0763740ace8a110553e4f8b,1,,0.99455,2025-11-29 16:04:35Z,2025-11-29 16:04:35Z,0x61fc43eb973ebeb13f32d079479eadf5b8a04b04c744fb1803e4e0413f9ab62e
0xa2c65a81a8b654eccab61a3a0593f7da428acb21,1,,0.99405,2025-11-29 16:04:47Z,2025-11-29 16:04:47Z,0xc58f956d89911692dd38f56ec6685bd0e78eb102c746a12585f8ca5507eb2afb
0xaf558c37e4253d267be76203cd4ea72cc3917c43,1,,0.99475,2025-11-29 16:05:47Z,2025-11-29 16:05:47Z,0x38edb948d536bf949af76b1eeb07737413bc4f7710440088e91e2aca5154a44f
0x928fbb167746455cd21b4813d3ae6cbb10e6fe39,1,,0.99475,2025-11-29 16:06:47Z,2025-11-29 16:06:47Z,0xc9d408461f7f32e2096dd780fd51a39302b3c4bb4f1f5b25103fc336d8cf415f
0x245c5e3d368941fe33b4e38b8030a4bd89ce3da9,1,,0.99475,2025-11-29 16:07:59Z,2025-11-29 16:07:59Z,0x1b5a1e570e98722689e2042ae739a19a2605f6bb1f18deb39377ff9ceaa60da5
0x6cdfc57b26a5f9827c9b0f2d36e1a78601b76265,1,,0.99405,2025-11-29 16:08:23Z,2025-11-29 16:08:23Z,0x2db7e967b908a4e6d85666c523db6d3b61d6fa05a82c5e6c59731fab5854bc85
0x8e805f5d35a86d4101301a809e04065bcb52e1c0,1,,0.99475,2025-11-29 16:08:59Z,2025-11-29 16:08:59Z,0x1bda2c2f3bd58545493ef427e523b5d2408a1120f148ba4e6b711369fbde7a35
0x8944a92db8ba9705a941c821fa978484ef708f96,1,,0.99445,2025-11-29 16:09:11Z,2025-11-29 16:09:11Z,0x5198774f39c24a128cb073a151a93d5593db914f92ffb4db8932764b10a03936
0x7a385da4ed53f303029deaf811884924478ba592,1,,0.99405,2025-11-29 16:11:47Z,2025-11-29 16:11:47Z,0x319d4ea44471785e70d8eeeba8c6d291590b0dcbb92da65fa70b34d4c79890d3
0x0c3e849b7ed51c9911333a1e524965816bee10f6,1,,0.99475,2025-11-29 16:11:59Z,2025-11-29 16:11:59Z,0xf6c6643b4bd32516d3feb869756f30210ebe78fc4fef14b300bba983abe4d5be
0x04d3b73dc621c0a65bf01be78ea60f88d62346ea,1,,0.99475,2025-11-29 16:13:23Z,2025-11-29 16:13:23Z,0x3531842eb22c217938475c1a0e3dd99ce1a4c2428c361370b4bebf74c9f2e5c8
0x0d764777ded753638aeda53170eb7b262fb78395,1,,0.99435,2025-11-29 16:13:59Z,2025-11-29 16:13:59Z,0x84ccce2fbb90bd0139299a4ca0c9d5dfe060a347fe64301e7696c14a9826217f
0x2d15e810f5b6462b58f88b2eadfd51b125a4ab54,1,,0.99465,2025-11-29 16:16:35Z,2025-11-29 16:16:35Z,0x349910f746ad38954cc0172076b848ff40985557d42a7349f1da42ff621eb94e
0x74e248283313a5376e2bea04115fac1c343588d1,1,,0.99435,2025-11-29 17:13:11Z,2025-11-29 17:13:11Z,0x2488f828724c4723b634ccdffd7bf54256ffd77e4fbcae357eb915415b9a2b21
0x0faa6ecb640d13cb247e4644103e76edd4685812,1,,0.99465,2025-11-29 17:13:59Z,2025-11-29 17:13:59Z,0xa5d09063aad9f437ea9f91e96388b056eaeb9d569063117f3ebae25740a167d2
0xaa36401869ab6de8452c47b57a06f6adc8b1a509,1,,0.99475,2025-11-29 17:14:23Z,2025-11-29 17:14:23Z,0x5dfb809d901dc143e07819a538e179df602509f8aa755ddb61b1d84456e63806
0x3232def93f7e051652ce24da2ba18340dc69e9ab,1,,0.99465,2025-11-29 17:15:23Z,2025-11-29 17:15:23Z,0xdc2416cf3537aa6f57cc032781a67e12d001526bc8dc3ad751be43495806b39a
0x218fb3aa150a33a16b7769250041d33f1f81ac14,1,,0.994029,2025-11-29 19:47:11Z,2025-11-29 19:47:11Z,0x0aa297b44807d96786302b20cbc1367d7b8d260e7b8a6f86c269aef68f8bf61b
0x11c15f498c5574508e807bd014ab73775a844332,1,,0.994029,2025-11-29 23:07:11Z,2025-11-29 23:07:11Z,0x667f67b4d415ad6e706f8bb22f47ffdbea2f5664c5b70d4cee632da5434511c5
0x5abc410cc0e68b0c0a826a9912d6a5925a520c28,1,,0.994624,2025-11-30 19:54:59Z,2025-11-30 19:54:59Z,0xcbccc571a42e6e50761fe1d2380a0b74cea61d8b57354b1e98e418218f125503
0x47e2ca949c2760d55eeea6c358ebbd11546c08ca,1,,0.994625,2025-11-30 20:10:11Z,2025-11-30 20:10:11Z,0x6cb2e0bd47e15b8f5dcfa00e83de0ea9babefff1b2d731844df4a4649b8cf5c2
0x01505a2899cff2d67e2820982ac7e1e488e2bf3d,1,,0.994023,2025-11-30 21:12:59Z,2025-11-30 21:12:59Z,0x3b63759fc8504fab1364ea5079f3e866e167405bda73e7c0eaba124f52092375
0xf81fba208f808440fa5edf02b1f67b64669b2fe2,1,,0.994023,2025-11-30 22:49:23Z,2025-11-30 22:49:23Z,0x3fc538f3e6f6c2c31e1175cb323f0db606b980f31bed18fcec6567854a770b16
0x1d2eb67f869f9f3a1683cba4bde761030676b7b5,1,,0.99465,2025-12-01 00:56:23Z,2025-12-01 00:56:23Z,0xad5f1aa80992d01fa6650b85fb12f3d631d49530cb2d628b36f5684cbb9bd54b
0x7ff96bfd8671a8ea7d6d3a936734676c21c4f10f,1,,0.994324,2025-12-01 02:29:35Z,2025-12-01 02:29:35Z,0xa90d53713b6a8aef8be262649eecd202109264bb52a667746bd31786bbe5d248
0x6952cdb6f58dc42b6fa6c4e67fc91b6bf2bfbec0,1,,0.994521,2025-12-01 02:38:47Z,2025-12-01 02:38:47Z,0xadd9c0d5737c498ecc8dc05e10345ec0722dfc5c004af554be71683e138a6c09
0x60ef06a4afa2fe8ae6880d5b03b7d39ab650c7bf,1,,0.994422,2025-12-01 03:48:59Z,2025-12-01 03:48:59Z,0xe8740d9e37a521f8e5954632adf78ad07ea3d930bb1d8bd6dae97abc3a5ae7c5
0x02b411958a0a16b4046961084a5bf1a76d413321,1,,0.994022,2025-12-01 04:32:23Z,2025-12-01 04:32:23Z,0xc6f5b75bc9b9b47fe96a8950d443132a41aa3de18e29e8faf78ee85c7caed8ac
0x9bafc55c4f337e82c1dcfeaee014621fdda32689,1,,0.994625,2025-12-01 05:53:11Z,2025-12-01 05:53:11Z,0x96fa662e6dcde669791ad352b116baaaf2ea1b7ac794effb477f4a6740914c85
0xa6493dcb22de40c8e05c2994b0c223bd083e1cd2,1,,0.994327,2025-12-01 07:48:11Z,2025-12-01 07:48:11Z,0x9568dfdaaffc15058722de68dc29f92b0abd6cc18a86d3df84fcfe049b6e6f2e
0xec7d8c4f3fc0006b2f3ac372010c7bf6cfe4c095,1,,0.994329,2025-12-01 07:49:47Z,2025-12-01 07:49:47Z,0x285dbfc52f94c4847ec928994d5f6ebbabf03c97169af6e4375ea959a6f41e2d
0xec25e4aec9923e55ace3dcae50608332dc442f86,1,,0.994029,2025-12-01 11:59:47Z,2025-12-01 11:59:47Z,0x902ef4929c3dc2790d77d42b36916a2a1826da9843ae5da8b93af019aaf85a77
0x8f9bc16b063824b9d19bfadfa4f5cddd4efc9a46,1,,0.994028,2025-12-01 12:03:11Z,2025-12-01 12:03:11Z,0xbb8565c58a27363d797e0e786eab893fb51d4a9116d0beea40d43d6941f73aef
0xa142133eccca6038bb8797a4b504a289f1d01977,1,,0.99475,2025-12-01 12:12:47Z,2025-12-01 12:12:47Z,0x09727e6f29d9e57a2d263c95e08cb2b1529cd30c11e2188860367984c00b38f1
0xaa93455ffabb33d7876986e5fd1672b8267dc9f0,1,,0.99405,2025-12-01 12:17:35Z,2025-12-01 12:17:35Z,0x7d2d66e9d74fe63b4b3a1fcc378c16dc9f12e4ab725f3933fbfe7dbb2210497c
0xe096e2c0765b9ce79aa69de7ec6eb76abf8f1168,1,,0.99465,2025-12-01 12:29:47Z,2025-12-01 12:29:47Z,0xbca17b0cad09a157c069e72af7c7f8ecfd9e0af51ba15d51c6eb3c82e63341f1
0x53f529c7b83ab3a8c7121ed6623d724ab6c6af74,1,,0.99475,2025-12-01 12:34:47Z,2025-12-01 12:34:47Z,0xdf02c87d024dea77f14eafd360812513a46de5d90111ce7eaf2326bce283b4c9
0x8c6814aeb55d87eb3e0698ddf16b826d84003434,1,,0.99435,2025-12-01 13:06:59Z,2025-12-01 13:06:59Z,0x183ab8083510d03e1742fda7372dba6f9b72f906cbefa36b82c0bef4820952b6
0x46ec730ef5b6af232099dc93d3da3cbb1a13aefe,1,,0.99475,2025-12-01 13:11:23Z,2025-12-01 13:11:23Z,0x392eac5decba209f45b620fce328889d6ac7f8b4af5e03efe709f2eeef95ab34
0x42e2487f9db2f03d7e93ae4d1d156a81f6f0cec1,1,,0.99465,2025-12-01 13:20:47Z,2025-12-01 13:20:47Z,0xb897285660ca94d611dfac46b0f9c4dbf6948a60d4b63cc352d1da87ca2340bb
0x826e50454f8b643bd55a164d4a42114ff3ce5bf2,1,,0.994028,2025-12-01 22:57:35Z,2025-12-01 22:57:35Z,0x73ccca862286a366116effc10e01e0acb85a9ce4c0b793bd949bf12630d346b4
0xf69c5488025152efb9dbaf0b083570e3c96fe2d8,1,,0.994731,2025-12-02 00:36:23Z,2025-12-02 00:36:23Z,0x61f6ac1f85410097a1ea1a3875d325398d3900c1c537527e8ff180778ac07127
0xe6672401c53b9f18f86aa9d1f6f36d045382b813,1,,0.994732,2025-12-02 00:38:47Z,2025-12-02 00:38:47Z,0x8bd71d98413cc675c0c1173638db86a8cac08bc0eb42af705882b02c16d16460
0x7909e5504c0f328563d0f6d447b7ac97478d5ef3,1,,0.994529,2025-12-02 01:35:47Z,2025-12-02 01:35:47Z,0xcf0611325cd46d2adcdf660858415b5c405b77e6a82380580da741f1edec5a3d
0xa1372172a5a885de5aef3dc5473feed3d3f04278,1,,0.994631,2025-12-02 06:48:47Z,2025-12-02 06:48:47Z,0x46bc2b0a0b07051466d77cc08c86303530cae52f2d1cdfe632476e49e41c4905
0x6ced6ce10b1a870ebe75aafe6b254a6d070f26ea,1,,0.994633,2025-12-02 10:18:23Z,2025-12-02 10:18:23Z,0x219e077a4b65b23aab492bec1844a84216763938c82341f90ff1171e099a3719
0xc9b766166614fda498208ae7028d8c1a403c16c3,1,,0.994676,2025-12-02 14:23:59Z,2025-12-02 14:23:59Z,0xcf92d2d00dcce59175b6d697aa7f92fea8a14aa24fb5fc9c8e0442b2f6aa47e6
0x89738bc3dbb652342bd82f69b6858978c5db06e2,1,,0.994248,2025-12-02 17:01:11Z,2025-12-02 17:01:11Z,0x2c2d8df0221b537871fb4dbb24de1e45d9904f7ddecfc9b0f46c828251539704
0x23b6b6d2eb743bfff8c0310688f9cc0bb615fb54,1,,0.994021,2025-12-02 21:17:59Z,2025-12-02 21:17:59Z,0x0e941efb1327797906fa42f6cca0ced2a027d53314bc86e3c51d5f89dc1c61ff
0x0279fe6269b831120f07672ef0cd7a2a6f9f3e4d,1,,0.994024,2025-12-02 21:32:11Z,2025-12-02 21:32:11Z,0xf422184f8625f94579af807c8aaed64e0649e9fd267d696b8c41f6bd39e81606
0xdb8c5a0a715de1a83432b03e7f0e2b24d1a3c7eb,1,,0.99405,2025-12-02 22:41:23Z,2025-12-02 22:41:23Z,0x625482e49e64f36a5a707258c7920393bee334b480a1f6e6f423b0bf0a694ea9
0x701b2accdc190d0a3113a20d75a45878a4aa7ba0,1,,0.99405,2025-12-02 22:44:23Z,2025-12-02 22:44:23Z,0x428cdb33f7e9b727bcf9d75408d7a155080b1e53e23c7839cb73a9991c8e9f50
0x0f495acb81e773af2648d72ca72f2ccc68b0824e,1,,0.99405,2025-12-02 23:07:11Z,2025-12-02 23:07:11Z,0x041cb66a83f9a8129ebbccd131b560651aa2efd2825e63a995c86adf3fdefa3b
0x7062d8e13b44ec82686b41aa6729d6e18d7da7e8,1,,0.99475,2025-12-02 23:09:23Z,2025-12-02 23:09:23Z,0x2b189bda252ff234de46a8306305a6004fd6218fc5d13752b6f32600ef4410d4
0xa19b71372a6566a386b78b0598bc65df6c127b55,1,,0.994528,2025-12-03 00:30:23Z,2025-12-03 00:30:23Z,0xd6e4dc8483a3b23441138fc071ec053215f0e620480454061303f357ddb669d0
0xd8db3594dda4ffefbeb4af859a1d0d150b5a3c5d,1,,0.994532,2025-12-03 00:33:23Z,2025-12-03 00:33:23Z,0x79e9f082c625fee133781867773b46eca9518f02ca25d547d44a125758d62358
0x7303c14011b991851ce293883b9775da05a430ce,1,,0.99475,2025-12-03 00:47:11Z,2025-12-03 00:47:11Z,0xfb82293e503c1ba4f67d1572f1978060cdcfe3a81b5637733dfaf12757c65eab
0xc78730d4d04383b129646688feb6f51066fb1aed,1,,0.99435,2025-12-03 00:53:59Z,2025-12-03 00:53:59Z,0x0bc911abfa91d9303a95d9a1dfc2cf05afcbfa55247bd991901b16b7d86a2c00
0x3ef42f23da8782176a9fba1397281597240bfe49,1,,0.994731,2025-12-03 01:01:59Z,2025-12-03 01:01:59Z,0x451737c34716024c204bafbed7419ed7aa7aa7415658eb66a9b48adc36914c8f
0xab88953e60fdfc5c316e1fd9ba836cbdf75f6a31,1,,0.99405,2025-12-03 01:28:23Z,2025-12-03 01:28:23Z,0x42b169fd361d7f050bd620dcaa42630ad8ad84b12174e0e741ecea983e6684ff
0x4332e2bab9699cfde70cac5823f0d6bbb92612eb,1,,0.99435,2025-12-03 01:39:59Z,2025-12-03 01:39:59Z,0x15fcc857a08106a4366fdd269cb86b23dc3959da7b9bb5631c46cca84f1fad92
0x5168f6ddab95a90c43658fccd0c1c9a31868b2d9,1,,0.99435,2025-12-03 01:40:35Z,2025-12-03 01:40:35Z,0x65c5900ef97166685071b8922fa6a8d5ac595835de1e2e8d1faf23513e02b982
0x20a6e6bbddd1c0b9db728ca897bc2dd261991170,1,,0.99405,2025-12-03 01:52:47Z,2025-12-03 01:52:47Z,0x4c44aae7885ccf572d2b54d2aea46bbc1568a4146f84a185b40b5365263eea0b
0x7bcd4dae8918ede8471c85c14f0719cd05f16e3e,1,,0.99435,2025-12-03 03:10:11Z,2025-12-03 03:10:11Z,0xb2a0e83a71dafece2cba840a4615b831f8001012237e37402958d054c4b14e3e
0x718574e49263b62895fc1f9ed29a64d1464d4403,1,,0.99475,2025-12-03 03:21:23Z,2025-12-03 03:21:23Z,0xd76bee9234d42173378ae67091862f6e8df3a2933f79db5b560f1a31085a1c26
0x527d81ebb9bfb2dfa188b905cd02e54636f12eac,1,,0.99475,2025-12-03 03:34:47Z,2025-12-03 03:34:47Z,0xb845d10c8b727aadbb3f1d525576f3d7bea575ad1c740ae11c2ffa8ad454256b
0x4494b07a64efc25dd6e72e1ca28a4f5e9fd624d1,1,,0.99475,2025-12-03 03:37:59Z,2025-12-03 03:37:59Z,0x2c4a915589e53029a44c03c43f56cf4068bdbf7f0abefe35eaa859f373fb2ee1
0xc5a77a0ac6360ecf565a89deb841e54c3fe26120,1,,0.99405,2025-12-03 04:01:11Z,2025-12-03 04:01:11Z,0x586c891509a4140950d7ae975c336e1d3dc67c20546bec18e4200a18a5c0d575
0x7d20e5a860ee13b0bb1ec12976e0994de670c92c,1,,0.99405,2025-12-03 04:15:11Z,2025-12-03 04:15:11Z,0xa1f5a2bdba3499fe74f140fc7b6398444760240345c760b46859e352f50c9e8d
0x5f2172476d003ebc0ef92706dc9356bda42e0d07,1,,0.99475,2025-12-03 04:33:23Z,2025-12-03 04:33:23Z,0xd0a723cf13a2925b6150157bfb3ae970a7b43244e75121793dd469652db99f7a
0xc4cd1255b3e41c052901043ce38bb54bc1cbcd96,1,,0.994032,2025-12-03 04:33:59Z,2025-12-03 04:33:59Z,0xd45ea0c8491fe221aaeaa8872d8807ea3b9109bac8941cc54a266f4cf2f78697
0x7d24cf10cdfa0be4f342f866432609a104792b44,1,,0.99405,2025-12-03 04:35:35Z,2025-12-03 04:35:35Z,0x756789adb41632f3c692bd1002c626ba19dd0b06cbe4b3d7f4ebc427ad2836d3
0xbfca87d0f564370f8b3dc47b5f7d137d9ca2d08c,1,,0.994632,2025-12-03 05:33:35Z,2025-12-03 05:33:35Z,0xf3c3b64c0c6440a6da7d16d2ccfc9f4c1e5a59a78e107633d453b49f4a9200d6
0xb0e1310461fbfa2f5c3ef5e134436257c345ddfe,1,,0.99405,2025-12-03 06:12:11Z,2025-12-03 06:12:11Z,0xb6d08b6a14fc1edca2415685cec50c656593779c7f616acd358b083551461827
0x400083714a78b9afdb4a6f87303fefaea170669f,1,,0.99435,2025-12-03 06:16:35Z,2025-12-03 06:16:35Z,0xb753cb9e5fcddde7b17ebf4f234c1bec3546e943cd253fe7bae7070fa32bb8d3
0x99bc1970c92bbda2bc0ed3a7558f09f0dfdda899,1,,0.99405,2025-12-03 06:30:35Z,2025-12-03 06:30:35Z,0xf39dee242484eef62894b35e5a94d1aa556b5362fad5073af08f64793eca349d
0xb2a128c6d9dd741490e084d604a2e20a35d9cd71,1,,0.99435,2025-12-03 06:58:11Z,2025-12-03 06:58:11Z,0xcb59301af959b1c7149d758073790b8fd902941a8be68d34e57df828f9f560ae
0x9e268628c823ac3c339d716ee2d07518cb7a2805,1,,0.994728,2025-12-03 09:16:11Z,2025-12-03 09:16:11Z,0xeeda054a797d6e9463a8e3cb9df101e1c2bc08cb6b1d3aed3cc8f4b2661108a3
0xd58b29ef4322563a465767645bdf047fc5543481,1,,0.994324,2025-12-03 17:52:35Z,2025-12-03 17:52:35Z,0xfda46d0b194b53101ef4ec6500752a95f0b24c56b66a31a510a572adcc987201
0xc17a2ad6e92007d08eac3c444946dcd3a293b37b,1,,0.994043,2025-12-04 04:26:35Z,2025-12-04 04:26:35Z,0x693ebec224940192fe4495e703a51228a7ab2c1ff6a83f781590a1c595967552
0x7db4ae157e1e0b5bfdfd580d28cc3f8d1ac0b303,1,,0.994033,2025-12-04 06:25:47Z,2025-12-04 06:25:47Z,0x10409dab19b2be84af76ff691bbfd6216fe601c4063a8b2ab32b226f759e0f70
0x70aa32f803593c41c96742d4e35b854cd22517c0,1,,0.994737,2025-12-04 07:26:23Z,2025-12-04 07:26:23Z,0xa16bafc698ec3e12ed999e3b3261042dd35d8643425283ca1bf4e3a2a1ee5ebb
0x60f8134e7f70ae518ec9f0cb62922f0616ac0079,1,,0.994036,2025-12-04 07:41:35Z,2025-12-04 07:41:35Z,0x2fbdef9360bb7ab2be45b0f65442e965c837130d6180b5a52b2ca2adcced3d63
0x455b4f495e8e4dd76962b66c2602c7593d818242,1,,0.994717,2025-12-04 14:06:11Z,2025-12-04 14:06:11Z,0x0ab6c8e1f159b6cf323e1abde5799e184f897e6de0a201973d105a6f0ed5b5ec
0x845cdf3e93ec5dcb2bbcf370b128f69ea47bb0c1,1,,0.99465,2025-12-04 15:34:59Z,2025-12-04 15:34:59Z,0xab0eacbc9887b5e0a0896402d993edda06e96735c3b1e67e3d20aadf1e1376de
0xe08610e1922aba2c34046835bfb4a3997531e8bd,1,,0.99405,2025-12-04 15:37:11Z,2025-12-04 15:37:11Z,0x6f1af57131ffc8b6a9588b11a942904959eb94d47f009113c5a9c7e892c4027e
0x3e4ca4ee73d601b7b762855c8694ebbdc79e5564,1,,0.99405,2025-12-04 15:37:23Z,2025-12-04 15:37:23Z,0xf62c621745bb2ee4052028504946e84a79f034cb2d52b24f1d12d8c87cfdba24
0x232e7fb33673f11b705828622af2cda656e166ac,1,,0.994619,2025-12-04 17:00:23Z,2025-12-04 17:00:23Z,0xe276d5b6dde3adf1cbd5b637ffc13a188fac790e21406f7b3183de08bc3f652a
0xaaf3696bbe9ea596d724166ca28b5c776b71b9aa,1,,0.994022,2025-12-04 21:43:47Z,2025-12-04 21:43:47Z,0x11c6a42869b9d70130b47241672b3db4f66409ba0a6add23eb37e77d34f8ccc4
0x3b12b2f0a29b9a7ab19d46d402027c4306ad835d,1,,0.994335,2025-12-05 06:51:59Z,2025-12-05 06:51:59Z,0xe15ae54ebfeb4df4549d6ebf18b2af53a4fd4ba2b67d5b3dba6756499aa9fd3c
0x536bc085985f824d5e953566ce99b5248091fce9,1,,0.994034,2025-12-05 13:19:35Z,2025-12-05 13:19:35Z,0xdd520c937be69f8179d10dd69055c840e1bb3c9fd03fdab34d47ccd60b3392db
0x5a955c9be90a91ee5fac4c07c7ba62e0d71cee9c,1,,0.99435,2025-12-05 13:48:23Z,2025-12-05 13:48:23Z,0xb9e8cea62b1a209b3af0bc09d4b7e15c83ec2a1ee9b8294f797cb00d6d9975ee
0x0fd85977e1856656ca5db8b91d079ccf85596b6e,1,,0.994018,2025-12-05 18:22:11Z,2025-12-05 18:22:11Z,0x18b2cbec328310f626b753eef0c736c8b6753856d0323c0ebc3622a26740c603
0xd1768a603045057f35990e366fd986c73008094d,1,,0.994032,2025-12-05 18:49:59Z,2025-12-05 18:49:59Z,0x19fa9feb9776de55d93f316ee869bcd3f91bdddddf54d4d9335698651c47b3c4
0x89be25e6e2ab511c1c3332a8d836a74be07f86e3,1,,0.99405,2025-12-05 19:15:11Z,2025-12-05 19:15:11Z,0x8fd9ef79fe4a69369a24bb0d2ca9737531ff369f891073d311501fc8b7027180
0xd0b0cf5010541f03fed2c4477b527e7e7b280c1f,1,,0.99465,2025-12-05 19:27:11Z,2025-12-05 19:27:11Z,0x69de8e8989f11d619b04158011444ce46b2c29d68f3e4718eb4f32de866b9fe3
0xfac71dbbfa4fd11f51f28113845d26592eb77182,1,,0.99435,2025-12-05 19:56:59Z,2025-12-05 19:56:59Z,0xf8a86724ab0201efb3d188e56b99305aea3f408baa6bb99d8ba5e02ea90f6ef3
0x42d3b08221680f2e13854f34d8ff9b8738888baa,1,,0.99405,2025-12-05 19:57:47Z,2025-12-05 19:57:47Z,0x81b4e75e108168fd7309ff9f7623f0fe259021d55b7d50a61109cd62fd48610d
0x59f75ec3f9afc22fb0d788991140dd5d516f70ec,1,,0.99465,2025-12-05 20:06:47Z,2025-12-05 20:06:47Z,0x5165f49928bb54e1829ecfd67a7eb551803b75bb6c7ed5da0a8f96b93345f65a
0x6f2873329a33cabc3d73d9815f7623761d1dcf57,1,,0.99455,2025-12-05 20:12:47Z,2025-12-05 20:12:47Z,0xf839155bb56c8a955c03bb4e969490061981b344a412ec73319106cf22e0775d
0xc891976594272d02757e3489ab7b0c9b077d41f8,1,,0.99445,2025-12-05 20:53:35Z,2025-12-05 20:53:35Z,0x0e5966a196a5198c4b180287ccd2f03ec1fee2e925a48a0b7f3332eac2f66b00
0xc5014b694af90f1657098c98225c1935a5289dae,1,,0.99405,2025-12-05 20:54:11Z,2025-12-05 20:54:11Z,0xcf69cb81ffaabb3e8d54fd69dbd4fbe019cf94bafb331057263f76c40cb99f6a
0x4e0f8b0042b2724f1f23c0ccd971162c86859766,1,,0.99435,2025-12-05 20:54:35Z,2025-12-05 20:54:35Z,0x3dbac076287feed696422a4c2e8fcc7a5d8a359bd3e144ba1fc2bbf721ca3cd4
0xc2c6f63ee08676515e5b69b14c27c30a5c421596,1,,0.99475,2025-12-05 21:07:23Z,2025-12-05 21:07:23Z,0xfdccfb465c4c1b5526e7050e85c9980007d7f749290dc6ad420c680b3db3c257
0xf72860458da8e40bc49b117c58f13293f2343c02,1,,0.99475,2025-12-05 21:07:35Z,2025-12-05 21:07:35Z,0x5593fc3a2b24638f4fd8a94165d8cfb6d5c1504c36ad30e2425cef98cacee5ef
0x155354957ed06c74e941f8f9aa7cb4893b282678,1,,0.99475,2025-12-05 21:08:35Z,2025-12-05 21:08:35Z,0x331f6b8b5d4b7f2246fbfb172352e87494da146efb67a39b3e23f604c40848cb
0x4dac8e8224ec2c47d8daa4e73bed5e75373359bc,1,,0.99465,2025-12-05 21:08:59Z,2025-12-05 21:08:59Z,0x87a6f0a2db59d471fb54e667fca3227d9bfcb5c82d75ffc3ad362d6567fb3729
0x8a882f50c92474a098c152efc22648a496fb87d6,1,,0.99435,2025-12-05 21:09:59Z,2025-12-05 21:09:59Z,0xcca9997ea4a96602bf07c796d7bd40934d211a4f78d0803fa6b7fe7544954518
0x2ba5d22d1ed5161fcdf463ccb3b9d235c1b93ca0,1,,0.99475,2025-12-05 21:41:11Z,2025-12-05 21:41:11Z,0xc54be62f33cc4e1edcd3b0b45a214c6ff7e6f7a907eb2ea520f5c7ad642c68c4
0x5ec63437cdf2dc123596d547585dac284ad458a7,1,,0.99405,2025-12-05 21:42:35Z,2025-12-05 21:42:35Z,0x9e1166a1b39d0125daa6fba740b5fa5c94a1e48661a37733cbde319f597c2fa9
0xfbfd5342a7771d37236d547ad75d43892a777ea7,1,,0.99405,2025-12-05 21:43:11Z,2025-12-05 21:43:11Z,0x2f192dae3bc2627e70887b33a42eb30e89a8eaef952725d91b30a30aefbd26d3
0x677cc895b72a56b90de42f2923ffbdbca4142512,1,,0.99405,2025-12-05 21:46:23Z,2025-12-05 21:46:23Z,0xd639a9a1bab0d02f980dcb4b4ae0a7e8f279d1ad91b5b2d5c2c8bd12ebb96362
0xd27d55e4ae0ca94e4ea493aacd13eba5e1943564,1,,0.994338,2025-12-05 22:37:47Z,2025-12-05 22:37:47Z,0xd05fb6a3282bb00d108cf7c6befb9b952b3e098807397495fbd5008b78c36c11
0x82fff0827880972a9a0c5b966238a2b98513a4c5,1,,0.99475,2025-12-05 22:42:35Z,2025-12-05 22:42:35Z,0x82da36b3d859444ae8ac4482d01d7e39953581bcf631174b411cba8d87e3ca23
0xd0d102509a88a720f4203a181a56bd2c1ccead72,1,,0.99475,2025-12-05 22:44:47Z,2025-12-05 22:44:47Z,0x34337096f2ef4c3242d0348fd1903f51ea8fe8d0a5d96b5a22ef472e321cd576
0x0c296a42372069492b1f421f661b71a02be39f8d,1,,0.99435,2025-12-05 22:51:47Z,2025-12-05 22:51:47Z,0x06213bcbc7b9e7ce65f53d8f7283f626959cbfdef24001cf6f23f2e618dea4d0
0x6baa068839bf4d95413c6ef1175a139ee150285b,1,,0.99465,2025-12-05 22:53:35Z,2025-12-05 22:53:35Z,0xbf709bbcb447f7093537fdad1551b6f27d9f3af1e96f039c2f9bace7d40e626d
0x9b22eb4ffac3bdcb2f01918b6013110ea7dc4b88,1,,0.994038,2025-12-06 05:37:47Z,2025-12-06 05:37:47Z,0x91fbeb0bd2f3a2f5b2f2925bc464cec57912055426bea5b2a8d61b91b3036185
0xfe2ceb6a184f8c2ee4c4ddf99bf12bda215dc321,1,,0.994336,2025-12-06 07:10:11Z,2025-12-06 07:10:11Z,0xbd53a5ad70b035541601adeffd2354f39d161fa127dc4a05546f50ef93e13a4b
0x076fa68815de93b8f1d572e4413f90297c79044d,1,,0.994736,2025-12-06 11:39:23Z,2025-12-06 11:39:23Z,0x6dd5f120324d62cab13edbb2539e5db39b53eac6d8338d0e6e44a330b5e9cd67
0x550d10b6358ff52aa4d02e0ed329fc29a3f1a1a1,1,,0.994036,2025-12-06 11:57:11Z,2025-12-06 11:57:11Z,0xe5e1901baf900354c97646ca99e450943f6f27cf3b48cc074212bcf2a8e27e4f
0x51c99e6e5c9d2efb39f163c9c921f181a980da41,1,,0.994036,2025-12-06 17:15:47Z,2025-12-06 17:15:47Z,0x3333eb1137d636dc1bcbdaa6ed79aa85b0de44bfb3b670e8b3f3cb42c607b46d
0xa5f8568fb96d00b629b0607c532235ddb8bb7591,1,,0.994271,2025-12-07 01:11:23Z,2025-12-07 01:11:23Z,0x16c212c5ca852f555f13a16aa76f424d729523716f4663af39078f94d28f3b34
0xfdcde5c7ff38485e0546f75143c8286717391335,1,,0.994505,2025-12-07 16:48:47Z,2025-12-07 16:48:47Z,0xcf56971123d85166a7e0aa37584598a565d423df82b5d934e9693c1dd89ba283
0xec1842beb5ed4d1531c695ba0e581d64ef70cc76,1,,0.993847,2025-12-07 17:50:23Z,2025-12-07 17:50:23Z,0xa0c979d1e3877cc56c35f45cc53a19fc265764f337313f16376efb7711def91a
0x5b96d780198cf5e4a1677303af7814c7b14ac582,1,,0.994507,2025-12-07 17:56:11Z,2025-12-07 17:56:11Z,0x848a9fd94ca81f79b8ef63507dbf2324a05441828b8d4146422089d6a5e85e90
0x5c9658d4580c6f21eeb0d75a5a16d2ba1eac89be,1,,0.994542,2025-12-07 18:05:59Z,2025-12-07 18:05:59Z,0xbf05d521e78bec3ccc1cf599d8605b88e912c3e6fe49c8058e585ce837c5df39
0xccac514cd0882cce097d57ede74a5cb087ce6633,1,,0.994076,2025-12-07 19:31:35Z,2025-12-07 19:31:35Z,0x25d1cca721c77594b2ec84abbf230ddeecd093f523c7ef0c649f4a73230363d2
0xec211d6f90fe5111fe96fe1f1c6bd22ed9aac760,1,,0.99405,2025-12-07 22:14:59Z,2025-12-07 22:14:59Z,0x753e9a5930788a5ea10cd0e133e1561aab5cfa6225e6c713f60374e8aa96c83e
0x0e453fac4c6ef31bb5c7dc68c2de6aa8a37a0924,1,,0.99405,2025-12-07 23:05:35Z,2025-12-07 23:05:35Z,0x77632786bd8dbdfd7bce5b8d74e9ea0d159d005aaa93c4284396d5b18959c271
0x94fa4662ccfd6e59e1e4856ed50f1a599446fdfc,1,,0.99465,2025-12-07 23:06:35Z,2025-12-07 23:06:35Z,0xafce939341988ac7739197ff9787b64f65b72bb1be544de8666441f905d0f10d
0x8a776be4b29d114a95e0dbb09eb7fe1b89eaea8f,1,,0.99405,2025-12-07 23:14:59Z,2025-12-07 23:14:59Z,0xd70c00aaf58cafb20f70be9e55bd713a3bfc7bcfebd9ac71ec5a31237cc2075e
0x5686afa18d42c6a359dc4adbf09a06765608414b,1,,0.99435,2025-12-07 23:26:11Z,2025-12-07 23:26:11Z,0x38edeb1ae2bdf24dfe2660bc1023bedba45c86ce574e444dace5ff021cb5b471
0x97802a21c9c7c727cbd3702fffb1e4cb1c9ebc69,1,,0.99445,2025-12-07 23:43:11Z,2025-12-07 23:43:11Z,0x935a885bf68368ce1759a2c3d27fc629d905daa1c6105c1a5a08a09487a7e7b1
0xb85ba52bc6aa97dccae8563d4e1cc56793aef717,1,,0.99405,2025-12-07 23:51:11Z,2025-12-07 23:51:11Z,0xd9deac4e31db87ce65a5f845980ca146e0405381994f17c744c7114089936397
0xc908b0c69fe6f6f37b6ed1ea75ac3495e3e4199a,1,,0.99435,2025-12-07 23:52:35Z,2025-12-07 23:52:35Z,0xf812fed3da4a01c7a8d3803c1a166d120f52e91ad38484ffe113bfd024d2b5c0
0xa9ec7c40323f2537ea8d9641fec645e53d4af8d3,1,,0.99465,2025-12-08 00:23:11Z,2025-12-08 00:23:11Z,0xba24b2b92e6783b161a34f7a71e553b711275048464e83ca5ef5176babefbe01
0xf4b2660267fd3bfd653b7a8278aa86a925b2e08e,1,,0.99435,2025-12-08 02:08:35Z,2025-12-08 02:08:35Z,0xe165e5c82b436b7524d666b36403d2e3dae8945d85fb3adaadc5692b14099e80
0x4b03296f421110894d2fa500fccf07353be8548b,1,,0.99465,2025-12-08 02:15:11Z,2025-12-08 02:15:11Z,0xb98a24726237df9ccf1b84314285d47408bb847086c0c862a33b129f6ca90c45
0x2a4c16dcfdfc4bf5e89281a816e63e2437790d94,1,,0.99435,2025-12-08 02:34:59Z,2025-12-08 02:34:59Z,0x75afe680cd8c1d70a80368a2ef5c56ed82705e4c9e446cb61420b3345d4799a9
0xaabbdfddb6f0b3a319ad2b1a3a959c1823a9a4cf,1,,0.99405,2025-12-08 02:35:23Z,2025-12-08 02:35:23Z,0xfdbfb556944124742c72b41ed5227aac870a8f0a2dbd4054531c73932a1944d8
0xf1f38c97fbf00b43e178bb6deb96952afacaa70d,1,,0.99435,2025-12-08 02:45:11Z,2025-12-08 02:45:11Z,0x7eabeaac31d266c6a641d194f7310f3ea2adc8478c863c5cc3d4f4ec92faf427
0x5a3561555fa5a3cffaa9be76b8ec9434faa6a81a,1,,0.993912,2025-12-08 03:15:47Z,2025-12-08 03:15:47Z,0x17d3062a2b8ae253b9425957b34daf60d34838fae89cf92209df1fd3b43bce6e
0x11603c922ae937063f60b298bd499d31d2fbb780,1,,0.994502,2025-12-08 04:38:35Z,2025-12-08 04:38:35Z,0x1569f965578554af20caf8b7d73014d0080069965b65e13585f1ea967c778cdf
0x7ac22dd7a5b707a44889b6dc8ed270b65448a528,1,,0.994575,2025-12-08 06:17:23Z,2025-12-08 06:17:23Z,0x2ff5151d9adda0e94c610992a2ab1fb735bce075a5f71249f68381befce45531
0xa2b7fc3b996ea6ff7fa9ea3f5110a22273c7a1c7,1,,0.99465,2025-12-08 10:26:47Z,2025-12-08 10:26:47Z,0x7b2f71f873d60dfcd604a53f6785d38793c2cc0e05686c03271dce6008be6813
0x65a7a2b8526f864e67f4ff1c1f93eaa9990506a7,1,,0.99405,2025-12-08 10:40:11Z,2025-12-08 10:40:11Z,0x4316275d325f7ec6f1db8ea9b40c5568aee5d1bacf80adf501542b0986d64569
0x22ef27b11a5dcadf3c848446e202e52483f07369,1,,0.99435,2025-12-08 10:42:47Z,2025-12-08 10:42:47Z,0x6b322b3767dc9036658882be28f77742971e79d5aada3866c81344996e84833b
0x02a883c288cbdad2fd2cee9a2181d2272a39adf1,1,,0.993865,2025-12-08 11:13:59Z,2025-12-08 11:13:59Z,0xeea06d07e9d806494d159370cf249890e6d3eb63dfa96923124097b319e8f188
0xca6ebc61f533fefe32d709eee556234a6c7db3d8,1,,0.993854,2025-12-08 13:48:59Z,2025-12-08 13:48:59Z,0x1b73600e117940ff18954f3bbcfd7f52a633f12e2c7ba201bd29e26fdbbe815c
0xe1774effd1647314de18daedf107d86a7368697c,1,,0.994401,2025-12-08 19:07:59Z,2025-12-08 19:07:59Z,0xd959614d3d12e3361d4e99d895c4e8d0c0def7f6a27420b21f1bedbdfc78e6fe
0x411a8c62d55cde12d2571d02e08960966ea80406,1,,0.994477,2025-12-08 19:53:35Z,2025-12-08 19:53:35Z,0x9df60196b44cadfbd2239040d433b81c898e4643c6cf206da07a3ca5ac59b5f2
0xb327b81293a3456ddbbabae9d299c1c3bc75faf4,1,,0.993888,2025-12-09 03:47:47Z,2025-12-09 03:47:47Z,0x92397b52cd7b4d9622d047bad95f9392c61fd2409f2ceacb115d379a65fff9a0
0x7f29319d35bbf4c09a004a2d3567692ec65abb31,1,,0.994414,2025-12-09 05:13:59Z,2025-12-09 05:13:59Z,0x16d170d88e0c48782301c50cb3badb5539be9fe93e9cb5154a093365164edd02
0x70728258656749b5e31100feeb32a21be63a67b3,1,,0.994596,2025-12-09 05:27:59Z,2025-12-09 05:27:59Z,0x18c71775efa6671c332cf5818399ad4c4807baa972e84a5b36e3ecbe3f02d12e
0xe3f8c70b239f999ec6fdfd8e650987ae7963f31d,1,,0.993916,2025-12-09 07:09:11Z,2025-12-09 07:09:11Z,0xbc931ca532a5c7b310b92c5eb6ace4148cdffdd8ddd5f269e6889a9e9f626e3f
0x2bba7fea9805ea698e96e479f88f1acf9e330ddb,1,,0.994517,2025-12-09 11:26:23Z,2025-12-09 11:26:23Z,0x2abece47d53b1ce5ca920539466444eef136cb83e1feed256436d35e8163af3e
0xea16508a40a9b0ea2210226e21d374d51baeab59,1,,0.99405,2025-12-09 13:17:59Z,2025-12-09 13:17:59Z,0x740c1fd9f39947983c339b1e4145cb0dc1880d0c476e15fca907d7261d80c69c
0x2cc7dbc37434ea3cb92b6238708cf7c1b2a09cf7,1,,0.99475,2025-12-09 13:33:11Z,2025-12-09 13:33:11Z,0x0f3ccd5057115abfc7b7d80a44c0a8ab8bb22aaf454eccfe777278cef14aeddb
0xc796369e1fde93f4b866071cc1508ba4942b99cf,1,,0.99475,2025-12-09 13:44:35Z,2025-12-09 13:44:35Z,0xcc1663f7d1c86157210348386b4b14370f36324bdde50748c04778115eddb50b
0x41e04ef4486f5ba94ab83d93e870a8d982063881,1,,0.99465,2025-12-09 13:46:11Z,2025-12-09 13:46:11Z,0x9f6bc00d656e328b99fbd1ffbc05c7d207302795ea4f24c5d75894abc870373b
0x0c67dc441ddbbfb83c19386d11d114e5073d8565,1,,0.99405,2025-12-09 13:46:35Z,2025-12-09 13:46:35Z,0xfff2fb007739f3202c064a161d5070fa8b9c9ae6c5e8a334a71b62606c61331d
0xe18b33b451005fc0bc0182aa056b1ebb2fea1a83,1,,0.99452,2025-12-09 13:51:59Z,2025-12-09 13:51:59Z,0x3ea1602ad33bcdee73d2a5cd506541da172634077f0af6f69d3cf7c6dcdb7a04
0x1424236fe7fcb4a9e53d841ba3196628a92c9587,1,,0.99454,2025-12-09 14:02:23Z,2025-12-09 14:02:23Z,0x434cc8d7b61aebbd4625a83f037b802c516f9cda87b02b2b16c42c9b54876fd7
0x5767b4b1fbb88ddbf791724be771feb0cb52fc16,1,,0.99475,2025-12-09 14:22:23Z,2025-12-09 14:22:23Z,0x9c8359d69286ef3051aac1481e39323e1607423dac271187b59b20d201fcdff8
0x3041bff978a98feb0eaf4d1bed3f419b90044109,1,,0.99405,2025-12-09 14:28:35Z,2025-12-09 14:28:35Z,0xd8c57127199ddf2ae14d9e69637db8a92bb1952f1ce7c89d4f303a07610d0f50
0xfd364df09697daf5f3ed82d04da867f00153a397,1,,0.99435,2025-12-09 14:35:59Z,2025-12-09 14:35:59Z,0x1d56ab8e912718244dd607f184f361fe1c8f6d54fe3b59ccbf838ade8fcd4717
0xe976698574ee0497965d6528d1d4ead4455643a3,1,,0.99435,2025-12-09 14:39:59Z,2025-12-09 14:39:59Z,0xd066d016d36efcca4ad4d80d4e0249444b93af3d17f44e697e0bce5fd11a114c
0xac9495b57c4a14a811848bf9f63323f87a922d77,1,,0.99405,2025-12-09 15:17:23Z,2025-12-09 15:17:23Z,0xc63bfc55104fe65bca6ff9adc44eb2162476f186283bb90d3b908321c4b59976
0x5742d32296db291a58ae7000a0e4bac6a2ed134c,1,,0.99475,2025-12-09 15:42:59Z,2025-12-09 15:42:59Z,0xfee04d29680fdcf719c697d63be21a3d8d765e8e13a7080356067b6291edff49
0x837fdb209c79b2e8b9ba1574f41af54b130a5174,1,,0.99465,2025-12-09 15:43:59Z,2025-12-09 15:43:59Z,0x6dbf6a813a8702611d276318d5c685ecedba2dd421fce1e2e1b5ded3a325fcb0
0xb761adde9966da3351a6ad3eae0fc307e0203806,1,,0.994499,2025-12-09 16:04:11Z,2025-12-09 16:04:11Z,0x0b523e6b3577ed5cc1cfc490eaef4da1cbb284cc73e0095d8091566640841ef6
0x9cd1d34b51259d97203e6cc391db57e495662151,1,,0.993965,2025-12-09 16:14:11Z,2025-12-09 16:14:11Z,0x533f549544eccbddf6835151ef4f096c0fe24696aa286dbd3ce1abccae5e809f
0x3fc469be64a66b711633dbb80dbcdb46b36c3703,1,,0.99405,2025-12-09 17:19:35Z,2025-12-09 17:19:35Z,0xc1b1d45f583f1d3faa2008cc0b1255fb97aaecd54356c528d62b11cef82ed787
0xef6bc22a0fc9f165642537fa55c091b2fdd6bca6,1,,0.99475,2025-12-09 17:31:35Z,2025-12-09 17:31:35Z,0x885972be726f94711f041d382795d2678b4c3a2930958a2ec3c1d3f61b56a2f4
0xe0abf5bc863888aa386cef89fcd0c1a293040d61,1,,0.99435,2025-12-09 17:32:23Z,2025-12-09 17:32:23Z,0xda06f0bbbdee536ed8f765ff9186e9bd0be37004914421a897d93534ce2011a2
0x54330d702f0bc4e0d710ce76fc26dd93a165dbb7,1,,0.99475,2025-12-09 17:56:35Z,2025-12-09 17:56:35Z,0x1025b408889d1ba6e9dc114d0f2cf912fee41c4822703c344ac0680a84a6a670
0x217e919e6217f34f4639f3912803ff19a748f476,1,,0.99475,2025-12-09 17:56:47Z,2025-12-09 17:56:47Z,0xc770722b9be2450c8afcac91e5139adaa07b8dd60b4732d00454503a7ce7c893
0xe1964f78291c1eca85bdbd996dd90b8b8f4387d3,1,,0.99475,2025-12-09 17:57:35Z,2025-12-09 17:57:35Z,0x75ed4c2fb6fb8cb5fdf4ab0762794c07d100444c516b8062b2f0a20c8a356db4
0x877d5dfec0e2dacba289c5ac4acf1b1abbf4b005,1,,0.99405,2025-12-09 17:59:59Z,2025-12-09 17:59:59Z,0x65f9a6cd4b303cc0a51f1734666359314826a8c4d042578db437065c7b691229
0xde51918b84630c2506454aa74c179a7b05156261,1,,0.99475,2025-12-09 18:00:23Z,2025-12-09 18:00:23Z,0x5a7380b6d9dff8123b84e331283ce20c65e55fd18f44fbc7ed74fbfc7be35b9f
0x142b222ca5df270326a94101d85c54b90f507d6c,1,,0.99455,2025-12-09 18:00:59Z,2025-12-09 18:00:59Z,0x7111f2f21247e9f712774fe3d5387a9dfd9ad93747f11acbce65a673c237e333
0x2b995c6ad1b70404b4a42cf7a4e9d72f4db40359,1,,0.99475,2025-12-09 18:01:23Z,2025-12-09 18:01:23Z,0xe4be609fb8652c3d096c78766f89f9aea749566dd0a98352f1896bf98a81fbc0
0xc89551c24f92eb3aba9f2b147a53cc089f3c8220,1,,0.99475,2025-12-09 18:02:23Z,2025-12-09 18:02:23Z,0x2e8ae717c8ad8b31430db85740ee44b574fad9b922d61ab7271f61aa8118db04
0x4047f5592a10292df553839d2b835f8a12cbd9e7,1,,0.99475,2025-12-09 18:30:47Z,2025-12-09 18:30:47Z,0xdf4b3054eb4aff26aaebe62e5a0189140943a53b0da70225987b9c37e74220c9
0x786cec529da90103210c0efa658180f6cce303b2,1,,0.99405,2025-12-09 18:30:59Z,2025-12-09 18:30:59Z,0x3b0e6f1d414f13f79835faf22d3b34c77770b0973958842a926c72b2e28b0714
0x5f0c726f1df96ad0c2c3b31ae8b7e9f1fa284f75,1,,0.99455,2025-12-09 18:31:35Z,2025-12-09 18:31:35Z,0x052f179cbb4809345e77e4417da68ec7d77c420958913cfc301426391cbb2ecb
0xd1ca6503f7d6f3abf52149ea6a8724b6e52d16d3,1,,0.99465,2025-12-09 18:31:59Z,2025-12-09 18:31:59Z,0x76d165f12e4eff84df718d227e1cd8a65acb8ab3f9ad57d1b79221ade607c3e5
0x3905969ec6d4a64be64fe21926c12287fbf53839,1,,0.99435,2025-12-09 18:32:23Z,2025-12-09 18:32:23Z,0xb7a632c5dfe3b7535f0893465168b9887aa85c7def45b5d14af71a7d36a66efd
0x7d40eba3c15e2e54604383592acf6ba198757463,1,,0.99475,2025-12-09 18:32:47Z,2025-12-09 18:32:47Z,0x52163014eab98380b168afeab8ed1561e0c4b0b81c2238d34e1f5b06d98f7099
0xb0d730fb9b0b6233f4ba4978a57fa122f815c319,1,,0.99405,2025-12-09 18:33:11Z,2025-12-09 18:33:11Z,0xf7dacf664d06d65a062e86432cfc4804c8d14e88c58c8155ad0d08cddcff68a1
0xc5a6eddd1e2fb7c9221fa66f1cf7cb38ef5d0e56,1,,0.99435,2025-12-09 18:34:35Z,2025-12-09 18:34:35Z,0xeec38d5ad5fc3274844a4f7b5465e51916e38c19469e579e943cb128658ce911
0x6df63d7acdf70191c2acbdebe83c095b8abeb3e0,1,,0.99405,2025-12-09 18:35:23Z,2025-12-09 18:35:23Z,0x2df15f5a70aa3c9151a6c5fa8e3915e552f5603cc01df87eb18782c974c5c709
0x2a7c8435a57e6d8ffe03f824177b33804b7d86c7,1,,0.99405,2025-12-09 18:36:23Z,2025-12-09 18:36:23Z,0xdfdf965cc186ab869e984a597b04ff6ed7ab6bed786c621a874a01cd6f28d980
0xcff64f85e5fc1b8a8c37cc0295dc66c4671a6ee3,1,,0.99435,2025-12-09 18:37:11Z,2025-12-09 18:37:11Z,0x66f596211a5b9c3fcbc9d977fe7b3b143ea9af04725bb16e1e9bf8f3d2f8ab44
0x7fd9f85d42beabaf2d675de5c8fec0d9cb4c90c6,1,,0.99405,2025-12-09 18:38:47Z,2025-12-09 18:38:47Z,0xc9fce2c121cb6e3cd52d3a4677d8f456a1fd9a63ac800e0ba7fa238aee904eb3
0x3ac909e2eb8820122420eea1c9580e405e05bb7b,1,,0.99405,2025-12-09 18:39:11Z,2025-12-09 18:39:11Z,0x6fc72a679ddf45778627159283a6e1195a9f084ee07829284f06a114ea3c72a7
0x4f3372613228cb5768880004013fd889d604b91f,1,,0.99445,2025-12-09 18:42:23Z,2025-12-09 18:42:23Z,0x8c7a8e52c19612cdb922d8e9e60956e8ea399c419c7a137e95ed7eff1816ff22
0xeab02b52686e68c172942d93b82670f72b431386,1,,0.99405,2025-12-09 18:43:47Z,2025-12-09 18:43:47Z,0xd9206bbed13955f3b83e10308f80498693d8cd3e0c2997fa192ccc29b60a1ed3
0xcc471a410d0aa1af9d5fa9ab7b69325bf18722ea,1,,0.99405,2025-12-09 18:44:11Z,2025-12-09 18:44:11Z,0x0232b9291db974c94ec89c2714116c57fd57f689dbc14bf5336d6e0bf0992717
0xad335fdde5dd765e6bcc5ac4d194183cf3acf207,1,,0.99405,2025-12-09 18:46:23Z,2025-12-09 18:46:23Z,0xce30eca1792b11cb618e1b9efbb0d6f330120985b24142f02823b83de6d671a8
0x3f48139b19acf5a98fe8071d082a4ec4998dc148,1,,0.99435,2025-12-09 18:46:47Z,2025-12-09 18:46:47Z,0x05bf4eabc20aabbb561dff86700d2848b33cd9bc0d482f9fc9315cb7f1f60eef
0xfb340401db86979d8b9bc57b7068c84a7fd5ba0a,1,,0.99435,2025-12-09 18:46:59Z,2025-12-09 18:46:59Z,0x83a80a8e5aa793249cb5f563e52d8eb3efcbf30f01c89a57f84a4f1c312b8f47
0x594be0ae0a49e33e7384f3f46124182312a8455d,1,,0.99405,2025-12-09 18:47:47Z,2025-12-09 18:47:47Z,0xe1a51380a6d841d5f97d8882459ec5aab98242ee33deaf979a272f35940c0a67
0xc4bffccee60c817ec7e05cc3088edcbf5696a3a7,1,,0.99405,2025-12-09 18:48:23Z,2025-12-09 18:48:23Z,0x848370486eefc8a35bcd26a9ddad844d6af918254657a3d81e7c314d3e8a609b
0xd3a0c6673ab35209c13e23d509d31c5a115e89c0,1,,0.99455,2025-12-09 18:52:35Z,2025-12-09 18:52:35Z,0xa0f2f9f5eb1513015faca9c7a01ea728839c8b6f8591c3189c52ac52c738c36e
0x20bafa245ef6152166eb75fa9d68219d5732ed4d,1,,0.99405,2025-12-09 18:53:47Z,2025-12-09 18:53:47Z,0x3feec57aa280798c98bea3fc676ad15b25b247a598086700ae2ab9b10615f7d9
0xf67a2edc3db07b83cd020df57dc5435a593bb715,1,,0.99405,2025-12-09 18:54:11Z,2025-12-09 18:54:11Z,0xa2727c438862d9346cc78343c6a5490ebe9bc99571a4229130daabf62d83b372
0x63d6e2034e76ba2725da73c585427d3258838940,1,,0.99465,2025-12-09 18:54:35Z,2025-12-09 18:54:35Z,0xbebfab7ab0976675373d625ecc54e3b61290c6ab2934372e8419dd3c289c472d
0x37d759c77f1016b56cd30eee94822bfc5ead0090,1,,0.99405,2025-12-09 18:55:23Z,2025-12-09 18:55:23Z,0xf8ce5e1acbc2e94e37b0779f4cda17d94645cf2bf866b107f3ea73e859d82868
0x9c2136b9d4160261bb31370cb594756a7022a4b4,1,,0.99405,2025-12-09 19:01:23Z,2025-12-09 19:01:23Z,0x53a9d4a7df16b45f5b7b84d02f56d28e68fc73d6b88d676eddb9088c9d7b636c
0xbfabd61f287c432bcea418510d571c2c38e2670e,1,,0.99405,2025-12-09 19:01:59Z,2025-12-09 19:01:59Z,0xfbf6ae485d4587d1b1c687ee2f0b296c4094685fae215a8b04e0468f6f99a241
0x64e4e684721ad01cb748a8966d0a468cc4ebbacf,1,,0.99455,2025-12-09 19:02:23Z,2025-12-09 19:02:23Z,0x3ce32af43fc90ba96129071b5e448994713f8252640a26a5fb2c25a0617ac7ae
0x1ab893a225d302bff1f5f3f7acd0d679a90c53d0,1,,0.99405,2025-12-09 19:02:47Z,2025-12-09 19:02:47Z,0x7a90dd426d4fdd442b3f53c4875bedeac806173ad74175b8173d40f86b31f842
0x428010f8ecda75add8452936f187492760f98bbb,1,,0.99455,2025-12-09 19:04:11Z,2025-12-09 19:04:11Z,0x6f22b2e92d1ce9c54e1b557112cff6d20efd56c11caea81e5adf6d1c64c33084
0xc6562e98e8529c26fcee11ee025b40c7ce823f58,1,,0.99465,2025-12-09 19:04:11Z,2025-12-09 19:04:11Z,0xd7d5fa1c49a13529a188967e869f100216125d3d260b9bc68588a3c523a59280
0x0364eeea30a7c8a2e521ed41ffc5c0a80f0d7ca2,1,,0.99435,2025-12-09 19:04:35Z,2025-12-09 19:04:35Z,0x1e78bd20a8ed486c35f52928a3025d0508f1e0d938ebcb0b8021c935a2f022f7
0xec71e0f842f2757a26a3d9848a4d1491c0b26b3f,1,,0.99405,2025-12-09 19:04:47Z,2025-12-09 19:04:47Z,0x1177c32e18bf020677019ba27b1f518425b2461fa13447089a3753b9e014d671
0x35d8b0aa9f0455a856febbc2cbc0f6ff6fa3067c,1,,0.99405,2025-12-09 19:05:23Z,2025-12-09 19:05:23Z,0x2773da832fea0c199fd415459fc7cadf2aee881c10badcc2e8bd6fbf3a572e66
0xcda710edd95a0b6459938526ef486478a17a9d08,1,,0.99435,2025-12-09 19:05:47Z,2025-12-09 19:05:47Z,0x424331b043fa71348b55cee87b4e44f7c279bfba7df132aa829ce5734cd1028d
0x589d65c167311bd5c455b5d482a2e12b65895f52,1,,0.99405,2025-12-09 19:05:59Z,2025-12-09 19:05:59Z,0x74cd070a031901275f16185c9944d0dc7f3a41ec418ffe5b9e070b296c021250
0x8e6ca69f5d91607e4395fc2e0572e5bcf9d5f585,1,,0.99465,2025-12-09 19:07:35Z,2025-12-09 19:07:35Z,0x51a2c82cdc70e868d091919eaa7faacffea7196a423f8590fc38adae81cde722
0x4ca279056d67017619b641f31da1cb6372d45c23,1,,0.99405,2025-12-09 19:08:11Z,2025-12-09 19:08:11Z,0xd4e20d824b761c83f8e5231268b380f97507630c9f0c1b826f5504375e2ea45b
0x83f89e04d8e3457d84a295d78d9d3c2cb4e4c59f,1,,0.99475,2025-12-09 19:08:35Z,2025-12-09 19:08:35Z,0xc933fe0e252881c66bf67e8ccd6ac5ed5ca72f4e810fe97830bedae3ac9247aa
0xacdfe2c35d790f8014a0e7acc906496e82f09eb2,1,,0.99465,2025-12-09 19:08:35Z,2025-12-09 19:08:35Z,0x19ca83c8a24417ea809815ae1eed396826734910bb73db219af5c1fe1ae9f442
0xb35c65d91bc07a6cafc53c5af4ae2294aa49f7ff,1,,0.99435,2025-12-09 19:08:59Z,2025-12-09 19:08:59Z,0xab914940184f9860af80e3c3cb70e66d6b7b0609ac14c00dc1befdc2e1021224
0x0f5b6024b2a956763025ebf943c4a5c681915424,1,,0.99465,2025-12-09 19:09:59Z,2025-12-09 19:09:59Z,0xa32f531042a0535d51466cc6c3d172dfe04c921842428e7e844038ac852ae22f
0x1aaf6d619498cafb73c508c8bbea93a6aa8ef074,1,,0.99465,2025-12-09 19:12:35Z,2025-12-09 19:12:35Z,0xf8fe730b8387de4fa154ba8a944774bcc98a8c14cb2177cf368416b90b28fc17
0xe23f5b886475b3917f7b42a480a416cd9a75b325,1,,0.99475,2025-12-09 19:13:23Z,2025-12-09 19:13:23Z,0x6ee07c5b036385d47c0ef195f674d5b8f8fcabc8402619f0fb145a48c6d00e68
0xf446cc298484d6c39e316356f9864e4e8b82abd4,1,,0.99405,2025-12-09 19:14:35Z,2025-12-09 19:14:35Z,0x44200b93ef75ba6af177e951e21387e53ff15940a59364439f0030f52e395fee
0x9275b39cc79db0c7efd4e71bfd1798e4d9eb4608,1,,0.99435,2025-12-09 19:16:35Z,2025-12-09 19:16:35Z,0xbefd33d30ab37f9a93a0450e83fb2e958116b4a9e1a5ef4b0da9e3db81459762
0x5356d9e94af81897265eec8e7923f90bc5a2c39c,1,,0.99475,2025-12-09 19:17:35Z,2025-12-09 19:17:35Z,0x0c709d03015d2e7284683c93f7fe06d8cfbd49f2ba3326e8d1749af77e6c9f95
0xc3e9e367279931b2c1fdbcc88f818218f66865e7,1,,0.99475,2025-12-09 19:18:35Z,2025-12-09 19:18:35Z,0x81d3431967e85c659b263282b577b2f63e044755d25b3c63f169a4477af07688
0xd8d0a2645ce3d96fce23786d96b9cdd7a4369149,1,,0.99405,2025-12-09 19:19:11Z,2025-12-09 19:19:11Z,0x7848e2fb8b6e00c3268316e9d0a009a3c5a6503518fc80faf7692df053d554fb
0x213eaf02b62f7bf39f01bc56e177513e6a4d1d8d,1,,0.99405,2025-12-09 19:19:35Z,2025-12-09 19:19:35Z,0xa265199e0baddc91a369a5e3a33866297f5471fe9f0b43fe30e5b46818bddd48
0xecac464bc84e5987955aecd794525c654114d613,1,,0.99435,2025-12-09 19:21:23Z,2025-12-09 19:21:23Z,0x318c6e36a0e1e4ae302ce0dc70cfb61be22c84fbb3c54d67e0df1453b51cd570
0xd568cdd0d5eedd209aeafe3f7dfeb90393f56625,1,,0.99435,2025-12-09 20:38:35Z,2025-12-09 20:38:35Z,0xe1c37952c2b52a0d736ad0a26ff747f4dc6d820c993e46511f088d2da01ecf21
0x9c379d607ac2bb0a8a7cb3a4d7e03802b99abd01,1,,0.99475,2025-12-09 20:54:47Z,2025-12-09 20:54:47Z,0xd9bd418b62b167f09ebbbe30066b2b3161ea2ed5f128c86f99ab6f7058efdace
0x448574325e89852615497b02c7c7c697ea7f1b60,1,,0.99465,2025-12-09 21:30:11Z,2025-12-09 21:30:11Z,0x49ae18ff1a283a5355988421fcac5199b0d187a6372d0129131d103d755ed8a8
0xd2a8cff290791c471c087003d29cc5691b1b4362,1,,0.99455,2025-12-09 21:38:23Z,2025-12-09 21:38:23Z,0x81e13377729203fa22e0c0199502dee1db9c9402fd75170dc6c70adef6894a7e
0xf998d798cf80f00d0a784665ba9c5e742e582a8a,1,,0.99405,2025-12-09 22:15:11Z,2025-12-09 22:15:11Z,0x8624489e444f6f67861c3af4a2169804f49549665e7fb9ea7e7afad2e6028917
0x0900e55d06a9f4408d71367e042a1a16e0b0f3ad,1,,0.99405,2025-12-09 22:52:35Z,2025-12-09 22:52:35Z,0x81173c2dd10f82937dcf14b32b73229c8f1e27ebaeb5562b686860634b0fdb41
0x017e1730ed4ff483783c89d0d42416efc49c9f39,1,,0.99435,2025-12-09 22:58:11Z,2025-12-09 22:58:11Z,0x705f5db4882cc324293f71f2db880a471dfeeec7ee781af973e28dc52869f894
0x693b95cee2819d9b3148808c3231bbc34b572bff,1,,0.99435,2025-12-09 23:01:35Z,2025-12-09 23:01:35Z,0x6c4df089a43cbea53f9cd65d5e6b2cfff553c736ef0e386ab6e0e1f98e9d19c9
0xd09d1c86281e1f6b2d0310d455cc7568351364ed,1,,0.99405,2025-12-09 23:02:47Z,2025-12-09 23:02:47Z,0x291df813150f34562ae95484fe2270b4119a1cf245522e4fc10c2de265099168
0x4bf996adb9a6f8f41f28e67cb27d48e6dd28f8a6,1,,0.99405,2025-12-09 23:06:11Z,2025-12-09 23:06:11Z,0x73f9634e6da5d920bd8feac5bdddc8bebb4c974d9e7e735c4712e9d9f3a2b19b
0xb6fee7091b99c91dac688b27c9b310adb1d48633,1,,0.99405,2025-12-09 23:42:23Z,2025-12-09 23:42:23Z,0xc4335aab85ec92534709454d0b7d23b291513bfc5477d0557f35173fa7ad6fa5
0x0d4e617868c8223d05cdffac858b1fb70f4cbeda,1,,0.99405,2025-12-09 23:42:59Z,2025-12-09 23:42:59Z,0x02d58257c8d963885f936d98ce03cb82b37c7375a56d7f047268281152003f21
0x3c6599a252048964bc16cbbf60e4f1c6f3334da9,1,,0.99405,2025-12-09 23:57:59Z,2025-12-09 23:57:59Z,0x0027a50df44fc6756e8ead9685f7a51a9857f8193ffbcbfdca875e2777f6485e
0xcbffefd1b049d5be9a9beeef51c6a360acf19585,1,,0.99405,2025-12-10 00:23:47Z,2025-12-10 00:23:47Z,0x073e4077117eecdd6eb01d0552c0eb5231c50eb1740cc2929d2c9a55c2e3783e
0x5096bf837ba5bec0d6362805983565b1a6845323,1,,0.99475,2025-12-10 00:33:11Z,2025-12-10 00:33:11Z,0xeaf601042cb02ff4367160e1b5c95860846c381260e54b3dc098361f6cf0f8d6
0x01b4974efbf0d210d61887276b76e6dce4521c14,1,,0.99405,2025-12-10 00:35:47Z,2025-12-10 00:35:47Z,0x8549640c8c18e4f1c46f5aefd7e32a76f94ede47860e7a43c62dcf1c44226941
0x1eb8eefc68789eb1007059d109d7c8107f4cd1af,1,,0.99405,2025-12-10 00:36:47Z,2025-12-10 00:36:47Z,0x8cee05698bf3a11a8dae45dd09f7d082678ed6da769859b8923c3c4e8f05a1db
0xbde19fd59505f83d804a183c7abad6149108f713,1,,0.99405,2025-12-10 00:40:11Z,2025-12-10 00:40:11Z,0xbdadbaeb4312d8fe98282ca904c4765bb67e31535b4edd4527be44eae1582e40
0x265681d5149b63ada5d2d46b602cf5d294d983ef,1,,0.99405,2025-12-10 01:08:23Z,2025-12-10 01:08:23Z,0xdbfea27623d97ed8c878673e0c8c756c56ce00603f916421acc0070dd8bc540a
0x187ba584d5d5eb4745b1fc9f83875a5a074765c8,1,,0.99455,2025-12-10 01:15:59Z,2025-12-10 01:15:59Z,0x8d768b5caba9dfc8a74beb64b60a3226d8bde29af3abd0d63f4b7d81ca9325b4
0x084e0290e37fbb7673158b3bccaff6a92cbaecb5,1,,0.99465,2025-12-10 01:17:59Z,2025-12-10 01:17:59Z,0x614fbd2402e5075e3c403e3c0191fe54328031a02d20476ca7d2c45a23bd30db
0x8f99170d977a378078f89909a59846833c6194bf,1,,0.99405,2025-12-10 01:18:35Z,2025-12-10 01:18:35Z,0xc55c70364d04f38465e4d00237bfd4f855139647dedc17014aabaefa5018721d
0x014087969f1a01ac72ba23ca1a6bfde048f8b8b4,1,,0.99435,2025-12-10 02:49:47Z,2025-12-10 02:49:47Z,0x1b24f45c9b5ad8081a562395cea0420110e29ae69b53c1751d258307f47a5071
0x4ff005457b5ec8e1b158577bde41cecda2192331,1,,0.99475,2025-12-10 03:19:59Z,2025-12-10 03:19:59Z,0xbac0f7fa214baa475c9f2133686216980aca2f2f5dbf91b4d68e97941dd1e492
0x213235b93725b3297fb44dc1a3e0c9dd5e3951e8,1,,0.99475,2025-12-10 03:29:35Z,2025-12-10 03:29:35Z,0x683e92b867abf8811e5653da3d8494b81a3059fd15009d1e7e0e12ac48a3927b
0x921df6f4c8eb600ebaf3f811b2e451625367f55f,1,,0.99475,2025-12-10 03:33:59Z,2025-12-10 03:33:59Z,0xfe364955cff02f49b984bc20765e0beb63c67c38618286d36165c07ef80bda5e
0x50eff1b9e1ea6583a678a1283a11b1f21912c717,1,,0.99405,2025-12-10 03:37:23Z,2025-12-10 03:37:23Z,0x83c75a4e8a698c79b2e6ea6c669593e0d11ef7bcc5f65ba7325f9537829d8d38
0x9cb4dd6a5a7b5d421a7a5e6e11e559cb63e8257f,1,,0.99455,2025-12-10 03:42:47Z,2025-12-10 03:42:47Z,0x34e18ff03fcc2cfd1314db72e980257a0eae1480a37d67990c77651245ca3b57
0x7d74d5c2863338b67da797237d1e3bd5f2a17a58,1,,0.994253,2025-12-10 05:20:11Z,2025-12-10 05:20:11Z,0xe450652637e204efad80fac4ada9e3c90e99c00f483f38130bcaa162e7dbd038
0x371e24d5f8d90ac034c3667bf055e9171c210674,1,,0.99475,2025-12-10 05:27:11Z,2025-12-10 05:27:11Z,0x821892b8fc8fd8253c7ce79f562df6b56a049d3776dc2178be69e35782536038
0xf20e112d2fa0690ef5ab77bc95c503f26516c6e4,1,,0.99475,2025-12-10 05:28:47Z,2025-12-10 05:28:47Z,0x17d875bc9b40f778001c714d32c5bf0f2b449f8ae179015cd6dba6e7bc21dcee
0x59d7074e5565519b775ddf36bcb28222c4b38ba4,1,,0.99465,2025-12-10 05:37:59Z,2025-12-10 05:37:59Z,0x8ea5a6bdc2edaae77e060760a84660dbca5ea7684ac1a18a4cb4ccf93650f651
0x46081c1ca879e08472e4b6a5f9fd0ad35e5f1262,1,,0.99455,2025-12-10 05:51:59Z,2025-12-10 05:51:59Z,0xfd691de84d85cf921fea3f0c0e9e6cf921b2bc463feed0e1b66c2bd08568dcde
0xf8c97a1c703b9042cf9a938a2e4ba866c4c0b286,1,,0.99405,2025-12-10 05:54:35Z,2025-12-10 05:54:35Z,0x974407e9c8fff525e34d841854c185b579b9ae983e2fe7042cba8be23422217c
0xff274e6d7283dca9aa25d82f9b0b0740f412e48b,1,,0.99475,2025-12-10 06:12:47Z,2025-12-10 06:12:47Z,0xe73311998c5155fae7bd15f708bfef48be173cc7cf7bee34c96eaae80c8cb5c9
0xa4a2c0f367e4389460408dc2176b5d135e20064a,1,,0.99405,2025-12-10 07:15:11Z,2025-12-10 07:15:11Z,0x5fb9590a393bf1310183c42a7e0eb377f0531fc95de805b5a7a795510dc1efa5
0x22353e430cb3921cb2586bfe7c18aac1688ace98,1,,0.99405,2025-12-10 07:18:11Z,2025-12-10 07:18:11Z,0x38b616da904f3edcefcbab5c8f46b7e1a0ccf8c2db381304697d2d203b0178e5
0xec60ecf0e176e8558d76860186285c9c7c95a3a9,1,,0.99405,2025-12-10 07:20:23Z,2025-12-10 07:20:23Z,0xd537af657384d7ecd39c35f0227d1a862f27aad008bb1c5d870fb7a670b9ab35
0x6e3cb97753f0c2a25d00fc9c39f959c6886e21db,1,,0.993955,2025-12-10 07:24:11Z,2025-12-10 07:24:11Z,0xcfda9fba543d1976a0f5ad2bebd0bac04c28d64450c9cb69a64c58ca613c1376
0x5de6af88fedfe8cac7c61a8b42965ce3f7b75dfc,1,,0.993825,2025-12-10 08:30:59Z,2025-12-10 08:30:59Z,0xc57e28306e39d8fa9fe8e0ae78404cd27d0a166140d8149d0e670bf24fe4a13f
0x5610acd92e6f7648d6970384b01821fd6e31f036,1,,0.99465,2025-12-10 08:46:47Z,2025-12-10 08:46:47Z,0xc758208258cd900e000f0aa5a058086e201cb52b3d037e4cc51a7766039a2733
0xae5c15a0ae9805127b810807d3b12627dd98d1c1,1,,0.99465,2025-12-10 08:52:59Z,2025-12-10 08:52:59Z,0xc542935557b2cdad8de417a2aba5e28da2989e9ac72e24d1184fdbc5a65d130d
0xafc0880f8b41e2b5aa14b19d52697a6fb96ba171,1,,0.99405,2025-12-10 08:53:11Z,2025-12-10 08:53:11Z,0x903b7f74ea9ce902ddf1ae7f7e42068b8bf3629e4b93819a342996a8ab935dab
0xc0a54908768c8599c793f479f378356ad2ab4831,1,,0.99435,2025-12-10 09:05:59Z,2025-12-10 09:05:59Z,0x0fb527fbaf72a1336bbc6367e1a668bfbc1ebceb3cf8c0a08476bc2c7ed3c2b5
0x11229c448653156ff5f7345d59059fa82f33e9b3,1,,0.99405,2025-12-10 09:20:47Z,2025-12-10 09:20:47Z,0x586d1ed5fb84d430b5e174715d3dfa6ea76b7d53c8bf98c056db8e9a22c78b24
0x28e7909fd61ccd74314908a1e8eb3508a79e1547,1,,0.99405,2025-12-10 09:34:23Z,2025-12-10 09:34:23Z,0x7dfcebde9adaa40d6f40323f88bfae6d264102680552b0037e045018683d3f76
0x2793ed80f7407ca6c88c5adb04f1cd102a24624b,1,,0.994546,2025-12-10 09:36:47Z,2025-12-10 09:36:47Z,0x8cb6021d7236f0edd5aff3f9a3220b0260aab5f2013db1339dd0bab089ff26de
0x23e418b8d1140345153ae1f5b7b3d2ca8960b6c3,1,,0.99405,2025-12-10 11:18:11Z,2025-12-10 11:18:11Z,0xb71e3fbe4ec8233e5f3361d497c8e49933749f3ef0937d47cc9ddeac87d56c90
0xa7858e92bf0506960b93b3cf805805f65b05f2d4,1,,0.99405,2025-12-10 11:18:47Z,2025-12-10 11:18:47Z,0x805f56e76ade690e0e9398732d0ed36bb483a53354a8fd1912b83d5fc7372518
0xb6b2c15bd4adedc4ededf476ce7b106445bc2187,1,,0.994563,2025-12-10 17:05:47Z,2025-12-10 17:05:47Z,0x2c02335f21864aa6f3aec0b029efbb766d390704f3915a627e670cdb60d2f032
0xb7ed8a8732d56206cd87713ad93b22db3bb2bddc,1,,0.994665,2025-12-10 17:11:47Z,2025-12-10 17:11:47Z,0x948073d452dfb0fa7605ba2795ac8b99875c17c4aa410b29a84d0b322fb5a490
0xe970355dae29e7e67de015f436c9e95afd0114ae,1,,0.99426,2025-12-10 17:20:59Z,2025-12-10 17:20:59Z,0xe0453437a4165928d1f1828405be2c07b2e16dc183312187ec8da369aa31f69a
0x94b40f435aff40a817a77bcacf4e2def22e20170,1,,0.994351,2025-12-10 17:25:59Z,2025-12-10 17:25:59Z,0x043abf7e95c65376e3a417e94e2d0017e70c6558dbe7820a7fc332348f9f70e8
0x8fa46f81db1a9a573272dabf8cac5addbdef8fb0,1,,0.994562,2025-12-10 17:37:59Z,2025-12-10 17:37:59Z,0x2b8a237cb2ff7bc6a1b247919829a0a933286b555b42f7879f05934e8a75cfb6
0x21c73ad68c103756f5cce9c5a06bd49ccb920480,1,,0.993983,2025-12-10 18:06:47Z,2025-12-10 18:06:47Z,0x88f66903d190205e4ff13a44ca7ce2ee272a0d0e0dde0d45dc68a5681fd0eea5
0xfb58b27b95dffbae6989115b906df9584bb164e1,1,,0.994569,2025-12-11 01:39:35Z,2025-12-11 01:39:35Z,0x00dff669b6e130901aac799a3d7ea2af864d7c7f75b281c9a1822b06dfe7a9c8
0x3fc8335c819965c8e71d99694eac54357096e560,1,,0.994272,2025-12-11 04:48:59Z,2025-12-11 04:48:59Z,0xb8dad00af79def390159372b2b9308bdfc252a4f40a3d1ced4f4e61154578b46
0x5cfeb1fac85399d4f9b4b057b77ef56e61a41262,1,,0.994279,2025-12-11 07:17:23Z,2025-12-11 07:17:23Z,0x64a2ef69ef2fad5d1dd466445b1e43ce9af5938ffb5985605631d356ddfefd31
0xb4540dbe12ff75713d1debc1b56460d7c42abc8d,1,,0.993866,2025-12-11 08:27:23Z,2025-12-11 08:27:23Z,0x61de780d34444829e36b2255789bf096b55b51f8b6ba0a69405f079e87c85f7f
0x4c28ec5c17fca5072c3e633fb42fc2dc2dc51598,1,,0.993987,2025-12-11 11:45:11Z,2025-12-11 11:45:11Z,0x4b8b408e07407b3bd04fad9627f9389aa05bf4df95e5aa6f0ad2bc739e540440
0x9b461b4a22e06300b1eee0d6db739b0dfa9e2dbc,1,,0.994283,2025-12-11 11:49:23Z,2025-12-11 11:49:23Z,0x3b0472253d6d5e3fd4845c1fe5e5b9a6cdd53c370a56bea4ef3e062c4dc19781
0x67950cf04c625c8100f6dc82fcdaf571927d2ce5,1,,0.994688,2025-12-11 11:51:23Z,2025-12-11 11:51:23Z,0x862b620ca22949935ff82d3369c10a4d45d1515058e5c22ebe2aa5d96c7ba9f3
0x0c44da443f2beeb8fc93bbae4cf3b5a60cf7ae59,1,,0.994658,2025-12-11 13:14:11Z,2025-12-11 13:14:11Z,0xfc98f6dbd5dae9f1abaf7ca52dd5980a977b7d34177dde5e4dfa574e99e29c4b
0x7d02ae975b106a857b64a4f5c8bbecb8d9a72a26,1,,0.994463,2025-12-11 15:30:23Z,2025-12-11 15:30:23Z,0x0528d002da115e380d69579f043d8d7116446c6e0124f937c85e4c7bd1ae95a2
0x44d33c3baa8406d303d3b5dea68e9d084600e0b5,1,,0.993986,2025-12-11 18:28:35Z,2025-12-11 18:28:35Z,0x38f3b9d8e7e408899f5705770a0d93346d4471a6fe37c2a95d4351f5abb5e7af
0x5025849cb09d9f61eeb0b1bf31b582a8bbbefaff,1,,0.994687,2025-12-11 18:57:47Z,2025-12-11 18:57:47Z,0xd1f630a1672c4c08b5e5871c6d708b98616c1a5d7d15c6b5b16bd86505870281
0xe6aa5e9463f2ad072e338ec7123337c0e2f6a059,1,,0.994688,2025-12-11 19:22:47Z,2025-12-11 19:22:47Z,0x68e3005f878ff2885ec023f67063ba7dcc4ca87eb09a0f89f109320d8092e021
0xa1e3bfcbf744b499e7aff345ffaacf3585353eb5,1,,0.993984,2025-12-11 22:17:11Z,2025-12-11 22:17:11Z,0x03a7440cfe9d1c639b3d7e97e8af773bb6bb067287811f48c05b09c1f99d49d2
0x5b885841e0dba4c9f9edae9c2d508c6239cac33d,1,,0.994486,2025-12-11 22:25:47Z,2025-12-11 22:25:47Z,0x03bc37b468f3c5a30ac8c5919d52e42177de856bc52ffac2ca98eea0f3dc8a03
0xd9011152ccecdea050602e861a06927ae79b183a,1,,0.9937,2025-12-12 02:07:47Z,2025-12-12 02:07:47Z,0xf60a420c52a61feff192ca4837d7d9333221ee9fe2e659a43c01797be0a62498
0x16b79257deeed94d1e8fddbeda19096e1758b907,1,,0.993991,2025-12-12 05:14:47Z,2025-12-12 05:14:47Z,0xcf991bbec774ce445084647d5bb773af834f573afe8b30bacd91f5eb9fae216c
0x46c3009e1dc908b59116979ad5a0cf160797f257,1,,0.994001,2025-12-12 06:21:59Z,2025-12-12 06:21:59Z,0xdbac36007b5fe5213175754b8da220fd8a06c7dc46c6b2f303f15faf684c7e26
0xc09e142011bc6e09eb53ae16c1b2e230e182266c,1,,0.994003,2025-12-12 12:11:59Z,2025-12-12 12:11:59Z,0x0893fc7499827ff4e768c37bcfdc79bd03205754013ba00eb77a311c1064f73a
0xe16ac5899c46913d8fd88ce4396344e329223592,1,,0.994537,2025-12-12 19:30:47Z,2025-12-12 19:30:47Z,0x8907486e607b857c26b36f97b5dc1e5ea90507d73b717a73fb552672c13f6f83
0xa7f74e0763fc5a9f3fe3a8ac7f1872bef2bad9b8,1,,0.994036,2025-12-12 20:05:35Z,2025-12-12 20:05:35Z,0xa1b389278c5fc90d87f9bd3709dd15881aa333366ee5caba2d02f95468149fe9
0x6952d1df842a5e92abb2731f52b35b81fefc116f,1,,0.99475,2025-12-12 21:57:11Z,2025-12-12 21:57:11Z,0x158e692d0a1d329d7591f20492dd39477adec3a04330365557a17f2f4d5a1eef
0x3bbc62667e4383108e28c70dd76c9983699625fb,1,,0.994009,2025-12-12 22:34:47Z,2025-12-12 22:34:47Z,0x3cd995fe1a8cb4f04fc1cbef07528749b59f8160c93bfbe386338cdbf9f48c49
0x56f34e9bfc2cbb239c379fbb4c7646a2f8bd0277,1,,0.99443,2025-12-12 22:52:47Z,2025-12-12 22:52:47Z,0x305c4352d878c34de854ba9e0a898cd491d5534e7693b7a212b36c3040ac97cf
0xf30de1a5f97ef3b536059f12476c94e43f1044cf,1,,0.994028,2025-12-13 01:52:23Z,2025-12-13 01:52:23Z,0x0c56001a30925723b88ff9e2190f6ad8ecd8c7186afd8d30cb933c79da6178c7
0x61a8dee46843d5685a992a583c16344a01c6cc18,1,,0.99433,2025-12-13 07:18:59Z,2025-12-13 07:18:59Z,0x9f15903bd9ef5862f090700ff9bb2138f3c8678f19079d1d778faa42be724fc7
0xa37c5696f1411c6dfa122f008675901e0724c45f,1,,0.99403,2025-12-13 12:13:23Z,2025-12-13 12:13:23Z,0xbe1f090cd07a2d2d3684488c451b3602f3866bc368ea2c49a25e6b400cb76352
0x9396327fa0a07c6b9cdc2deeb498b31554b62c89,1,,0.9809,2025-12-13 19:12:11Z,2025-12-13 19:12:11Z,0x9a5f5ee0e4e3a64273509a22bf8fcad4cdca49c52f071c39f4d74e7d8e36bb6a
0x8645eba0928b87a22221b58905a46fe3a5f49d9e,1,,0.994435,2025-12-13 23:24:23Z,2025-12-13 23:24:23Z,0x66863ec2e54d46a1eb3b9fc2df039fb7fc85ae23a21046822df7e8a86d560ead
0x8e9f43c700d8e681ac6db43b2f32f0a6ec9f1be0,1,,0.994324,2025-12-14 06:44:47Z,2025-12-14 06:44:47Z,0x429cbe28497d148108638f3f1112d27016ed72b355db7a5b67f839f497d3abc7
0xd36a7f93de4f720d7a01aa506483ea658b12d77f,1,,0.994524,2025-12-14 10:07:35Z,2025-12-14 10:07:35Z,0x82c5d18683b16bf1c60ded1af0774b303ecf8afeaa3c06449d4c8aaba961e9b4
0x31ee9a5d8d0a52b77dea0b3fde71028e390de26e,1,,0.994724,2025-12-14 12:49:59Z,2025-12-14 12:49:59Z,0xcb7edc8a076d4ae0469e173a0cb075550bbdc3a4d010eeb3d66b57672a04a68e
0x3a0902759578550894a08d47eb5cdb9ae24bcec4,1,,0.994724,2025-12-14 21:14:59Z,2025-12-14 21:14:59Z,0x668f3c1d4432743d3094521f6cfeeaedc5f7b4ad88dc8ca940c1d6cb3a9cb7b6
0xf79d7ea0e7742db927139f67332ded17e6bf4e02,1,,0.994526,2025-12-14 21:22:59Z,2025-12-14 21:22:59Z,0x11a2c6dbe67630b76bdf88ad066b63e07410fe0e0132840d1d75ae600b928bcf
0x807f5d055c25efe6e6a223313c3f56a46ea065a7,1,,0.994524,2025-12-14 23:36:23Z,2025-12-14 23:36:23Z,0x2afe77a53010c37f8c408201292c1ada669b85363eb453bb3244bb044bb3767e
0x07b9f99cb0c2077edc7f6310336ec9183b39d043,1,,0.994528,2025-12-14 23:38:59Z,2025-12-14 23:38:59Z,0x8a58df4180a8447440838f207f921839b07511e9779451717f7cb4b55c211cd4
0xa6ef1d3d44009d0e5d2ba12e2469f014be4c6ac4,1,,0.994725,2025-12-15 03:16:47Z,2025-12-15 03:16:47Z,0x45499cf758779bdd758555ecf543b3524fe10f8ceb07c3e69f54946e60c8c75e
0xc93c591788c2cd9277672d6cdae8fe0b795c4696,1,,0.994727,2025-12-15 03:18:59Z,2025-12-15 03:18:59Z,0x5f8cf932fd320cb13e51271c38a7da315c80ac27850bfa2d84b7c081b8fde8cf
0xae2f0039a9327163b8a114ada6ff9616330fc47e,1,,0.994727,2025-12-15 03:23:35Z,2025-12-15 03:23:35Z,0x3c86b3aac386b88dfbcf35e989c5e8c22678dc6c0ef63aebaba5235929e73dcb
0x49817be59032b8a309cef3c66e6f82146163c43e,1,,0.994026,2025-12-15 06:52:11Z,2025-12-15 06:52:11Z,0xf6619502972772f22eeb911983684642eff7fbbd874706c0d8df793225100e30
0x02446e651a89789cee3d59097e0274d3c65d1390,1,,0.994028,2025-12-15 06:55:35Z,2025-12-15 06:55:35Z,0x2d6d9e85e6691b1aee699e4c991697432670e17e96669b09d342a8b2c9d1a705
0x3b20ee02391bce3113e765956779dc7dcc9d0d57,1,,0.994027,2025-12-15 06:58:35Z,2025-12-15 06:58:35Z,0xf9d5f310e0079aa8e8f7f5e247612d8382845c8401acdae5fe6ec9b4f66ee556
0xfb47d8356b0109ca796eedbd7a667ed7fe6602da,1,,0.990359,2025-12-15 08:57:23Z,2025-12-15 08:57:23Z,0x09fd88d4f8ab1e7327d3cfe977c858532acd755c7f920f1452639ca3505f3fef
0x4d131ebe6fe5a7c3ad0fbc2bb7e95959c4e6c5b8,1,,0.994298,2025-12-15 16:19:59Z,2025-12-15 16:19:59Z,0xd9a9bbb351b4b105e12a5aa48b7811932e6e051f77f6e1839fc5e051054097e8
0x3a24fce0e307a104fd30803387a1c45c7d086d06,1,,0.993912,2025-12-15 17:05:23Z,2025-12-15 17:05:23Z,0x869b8290b75143e002146c5a742aa89963a3201f2efaaf019aba0e056181b59c
0x635a62fa6d2f8ba86d86047de24e0bac59a55e43,1,,0.993973,2025-12-15 19:09:47Z,2025-12-15 19:09:47Z,0x3edeeba00486303472adb7987fbd5a0ad3b83caaef496385726b43b41774d0bd
0x8156a6cc397797566074dcf8b24b6aa9dfa125ec,1,,0.994682,2025-12-15 19:14:47Z,2025-12-15 19:14:47Z,0xd2fdc9d9de62533b4634acb6e7f8d19a5f446a759e39d25ec24eebc196b58e9b
0xd06cb2df82f1a3f319755418c35ed46f82afc905,1,,0.994497,2025-12-15 19:19:23Z,2025-12-15 19:19:23Z,0x6256c65b8348a8f80e3b569035e400b9224dc4dee345bcbc71baad752d78f19a
0xf8dbc3c98bab8ccc4f0ebde2b5f39093723d8525,1,,0.994018,2025-12-15 19:52:11Z,2025-12-15 19:52:11Z,0x896fab73d89d57ae65856d3b1429acae088f883c4777a3ec3dec7f9931a0d905
0xfb8dc9a47aff3577d95d668547bd4a62275d01d9,1,,0.994728,2025-12-15 23:51:47Z,2025-12-15 23:51:47Z,0x4a682e55d8f22381c5db7c313a384406b3cb8ad794872f84c25114039f08888f
0x91ff3cad470f2df3a1874654083cadf0eb59df89,1,,0.994731,2025-12-16 01:59:35Z,2025-12-16 01:59:35Z,0x37f04e827bf84f699b4cf746a4a6f77ad800f9f57bc2ec598578b6c813beb583
0xcab029bcb78222af96b6cade43a82fbf0b09dbdf,1,,0.994528,2025-12-16 02:07:23Z,2025-12-16 02:07:23Z,0x8670d920ba7c6ce3c235aeef4d003f303c7b0b46ac697c1cf5a44308f7c08d32
0x19732a42bf501da877ec1404b2725e91edfc2e0d,1,,0.994327,2025-12-16 04:01:35Z,2025-12-16 04:01:35Z,0x767a1e64fe15dffef8dd632ba647314aa684dba1dd26cbeaaf17b62febd19b65
0xbf52de3f55a7632db4e7a5092430d2fabfb9a814,1,,0.99403,2025-12-16 04:10:59Z,2025-12-16 04:10:59Z,0xee62c189a77dbcf7966e87ef4b09867fbeb8ae650ad030165f5de204aac1a858
0xf9deb06cef2d0b59d0de4e89d2c3d6a6465aa5e3,1,,0.994329,2025-12-16 05:12:23Z,2025-12-16 05:12:23Z,0x750673d47e31b5c4d327fd7930763c0d7c563a341e66875216a0a543ead35094
0x63f4a0fa7787dd5743dd6f642505a298180881ce,1,,0.99453,2025-12-16 06:16:23Z,2025-12-16 06:16:23Z,0xa032516c4cc12533cf6f7442c2262bec7252e97eaac922965be2df47582e1c53
0x4eb8b9763757751edd89d4b4a0ec9859dc313631,1,,0.994029,2025-12-16 06:28:47Z,2025-12-16 06:28:47Z,0xd531da97c2eaec9959d7ed2f97e6abbee6f6fcb0cd85fac53b0075f7a7ab07e9
0xacb6b972deea2fa4eadab0ee60cf14db50abb73d,1,,0.994029,2025-12-16 08:45:59Z,2025-12-16 08:45:59Z,0xe88a3dd8c571df788fc36fbbe81d6a055cffec146712c61345bafeb973376b04
0xcaa4988aff2d12b2a63d0407b8f64e2b168ab4ff,1,,0.99403,2025-12-16 09:20:35Z,2025-12-16 09:20:35Z,0x9e5e6f2fe861ea667d70760aacfef695d8ed45069debef5d3297c6736f61fc90
0xddec677c628b050f299078f1778703a2e3d9f611,1,,0.99453,2025-12-16 09:34:59Z,2025-12-16 09:34:59Z,0x3a63c5b152028927a01b75678031b925a1156d04e988f4cccd902664a00e7672
0xd12febcad93c6df024857e9a6261ce1893e84c7b,1,,0.994732,2025-12-16 13:03:23Z,2025-12-16 13:03:23Z,0x07acf1016d258a6655c6fe0a9b344c0fef8cc98fbc339934fbbf0140c063b2a3
0x24968c02a5fc15e0341b38587b6d799cb0516e36,1,,0.994301,2025-12-16 15:34:35Z,2025-12-16 15:34:35Z,0xe62c5b078f856000a65fb88f469d0d858bd3236b74ccaa6d3e9c5d70a05e1097
0x10bb04a112e38a2f55a048cc9911f27cae44a260,1,,0.994492,2025-12-16 15:34:47Z,2025-12-16 15:34:47Z,0xd04541fd9a35c1f203a9244d822a687ba4b36c62923f5afcb5b739c906bf663d
0x92b14bda5600758a7fe743625630296df82c2a63,1,,0.994033,2025-12-17 03:01:59Z,2025-12-17 03:01:59Z,0x168e801963496e07b9cf76d531399e49159bb07f40c814b33395ed2c8be13188
0xa9c9fe1279c58e3291224c37166d87531daac889,1,,0.994734,2025-12-17 03:18:59Z,2025-12-17 03:18:59Z,0x7b9f86a2e2a4d18b93c744372d13f91be14e444f26ef502e2743814b92a1fff8
0x195dc6d1a8e64aa997e9847757a968d0f2280128,1,,0.994732,2025-12-17 07:50:59Z,2025-12-17 07:50:59Z,0x27930b173910122c1ac3c0ccaf542944ee1129912d3023306e85bcf39a246a20
0xe7fd079e499867127d833deba7261b6e57341ccc,1,,0.994028,2025-12-17 13:00:35Z,2025-12-17 13:00:35Z,0xd76345dd9af91e396a4ad88804d406dd4b5a03eb19d158f5bab1dd3fc8b34822
0xa5c58a0f46a9a430622821951b28543247d4865d,1,,0.994331,2025-12-17 13:35:59Z,2025-12-17 13:35:59Z,0x5113ed9bffc55e5a1f4620b3dd1255052b8843bbafce0c7b6b43cc4e4cf7190e
0xa7fa99bc0ac212a3f667fc0ccf12d5c512b7f8b3,1,,0.994733,2025-12-17 13:38:47Z,2025-12-17 13:38:47Z,0x9c44e4d4b166c3513f2a3e91c14f1943a5e8a4907ddfe25c49e58bfa0f13be59
0xc4e78164ece13dc8415af4a1046971b6d5ee9523,1,,0.994445,2025-12-17 19:20:59Z,2025-12-17 19:20:59Z,0xa1bcf58301e5f368bcfbca3e3191e9a969fe9aea7389c8ac058c473ba6bde4ac
0x3f053cc29d32e08d015bd3e3b0850ae43a40b9d5,1,,0.994732,2025-12-17 21:03:35Z,2025-12-17 21:03:35Z,0x1a3a4acd37e673ba946b32b15d79cd7b7529991c4ee27cb70c3de75a7ba46a9f
0x94016e4db03288b7fa865205638ea08e799bdeab,1,,0.994734,2025-12-18 05:22:47Z,2025-12-18 05:22:47Z,0xf13385411f133466f00ca0b5c745cd21c93729370594c5a433540f39b9725380
0x3282ec110c0bca3b1e5fb2282406d62a68e7846f,1,,0.994734,2025-12-18 06:03:59Z,2025-12-18 06:03:59Z,0x051ca55291f928786836b9ee2a90ea92ed87bcd287b5914edae9ceda26b665e8
0x7b1c3e266e1009971bf538722234360cfba23621,1,,0.994036,2025-12-18 06:26:23Z,2025-12-18 06:26:23Z,0xefd5bde15752830d411ca5b16b2a33e526978853b37a59ec4ce4f933248f225c
0xcfeb92853253de7caf6d245dd383d382a9a005f6,1,,0.993847,2025-12-18 14:18:35Z,2025-12-18 14:18:35Z,0x10e64c88da2e5538dbda7e6437abe24d6fcdda056f0975471f715d7421b2e9c1
0x2c66afe2e1941dd02d803baf5c195385d7920107,1,,0.993844,2025-12-18 14:19:35Z,2025-12-18 14:19:35Z,0x9ddbd2bfb4a3e20cb1bc7680796d0dfc8f1cd10909623e3331d5851cba0bc891
0x07870826c1f71f6463e0c44974dc25032cd6e141,1,,0.993946,2025-12-18 14:38:23Z,2025-12-18 14:38:23Z,0xc9e9463065d1af4050c7baf29e98592be971dc45024507be6b8e69ce93c38194
0x88db2b658aa71286e50e9321377c741869b44b4c,1,,0.994019,2025-12-18 16:28:23Z,2025-12-18 16:28:23Z,0x7ac18232289733c0094e8712067b9799e9a7a6236a19c1f6798e1309bcebcb73
0x453782cb5f5947d1815e4cd0067b390f4c59cd62,1,,0.994723,2025-12-18 16:43:35Z,2025-12-18 16:43:35Z,0x86550876d91e9737a1a204ea9ad388163f315fb2583648c332103fe6cde6ee07
0x763a747fe45f5512676218a1806a90643ffbed99,1,,0.994332,2025-12-18 16:52:59Z,2025-12-18 16:52:59Z,0xdd075612577cf6fad0fb7270f6c0dec25a45db7396de3e49d9e09a263aca2e21
0xc4d8713924642147fd691b67fc2dc49466ade691,1,,0.994334,2025-12-18 16:58:47Z,2025-12-18 16:58:47Z,0xa77c5f49c8c069865878b93dd967b85f41d7e096701c0b00b62ab7d7f38a104f
0xdc64f1650979bfb332908b3c44fb4bc275dc88f6,1,,0.994385,2025-12-18 17:14:11Z,2025-12-18 17:14:11Z,0x771738761c225c7dd2faaaa2e18f8ac401bd82bcedfcc9e30ecbebdc1aefbef9
0x23cff13a287a47eded0deebec2d681c4fd00b4dd,1,,0.994357,2025-12-18 17:15:59Z,2025-12-18 17:15:59Z,0xb1baf55a9e3e20d9d086ff129f583e59415f49eb78e5b9beb8e58730dd535bf3
0x3d551b04311493d4df8497a839747052e9b2c3fc,1,,0.994277,2025-12-18 17:17:35Z,2025-12-18 17:17:35Z,0xb3b5b3a119b20a70256ebddb7cbfaf6b8171edbf8dd305e95f8c1ffa86cff7c1
0x5713c88deac8e0d9dbe3203122d97177d6de5184,1,,0.99473,2025-12-18 18:15:35Z,2025-12-18 18:15:35Z,0xaf6b43051af638f0fefded2987542584b0af2c61c58737b73d0c1337eedf431b
0xec3534e866d53ee690f33464c39b93ebfd18238b,1,,0.99475,2025-12-18 18:38:59Z,2025-12-18 18:38:59Z,0xbc1ddaa6c01197873b4c90ae68d1de1852c2a46e83b66bb8ff6efa0d74a0920b
0x785d31f77d3e16a27b66a0661b976559e685a86b,1,,0.99455,2025-12-18 18:39:59Z,2025-12-18 18:39:59Z,0x23aeb3845b0592dc30f28dddb731dbd283e1aaf4c43f2ff4470870b2ad04a344
0x5018b5c2f5e7b1ddbfff956ce41ca06f954f2fbc,1,,0.994323,2025-12-18 19:11:11Z,2025-12-18 19:11:11Z,0xd9f7f3b9e1b05d83e2c736aa02395582810cc9cb51240ecac2af8eeb02fb08ab
0xdd66f9fd44fe2fdf7363ff0d1ee1bb54da8df161,1,,0.994681,2025-12-18 19:52:11Z,2025-12-18 19:52:11Z,0x874f5108d35881cebc3d2054d324117121055c2ad0f33f88815eee350e28a6f5
0x7c19dcdc0089e1224309e0b1e2af839fb63e3da0,1,,0.994027,2025-12-18 20:39:35Z,2025-12-18 20:39:35Z,0x5edcd061b5f0ac8d772650a9c84d47d588df63f2c1f541746b544d53d4eed533
0xdd9f71800b647001c38f6c44f9314f9a4c44b462,1,,0.994734,2025-12-18 20:49:47Z,2025-12-18 20:49:47Z,0x1611bdd199d6e9810eebe0c8c6397f005e684d9adc88ef989b95a297d7b40146
0xcea25a95fca83f630d8aa0427dd8b6a70e7513ab,1,,0.994034,2025-12-18 21:25:23Z,2025-12-18 21:25:23Z,0x3c6b65b1dced213e609f06be1dce7f7870f947e5a53addb10b2cbb42c3e23092
0x15679d220260aa2e23ac7ce2e82e3d960b6d0ba4,1,,0.994435,2025-12-18 22:33:47Z,2025-12-18 22:33:47Z,0x5d6faf2a04fcaa986feec4cada22de4c3e0edaa43567f1398f08670e746a63c3
0x27033b835f2f26335fa099deae988492a9502f51,1,,0.994534,2025-12-19 09:13:47Z,2025-12-19 09:13:47Z,0x5610367ebfbc18ddbba1d03751502abc311aafcfd1849b112772930dff666130
0xeb510ddd3de405485db12a67482a9b673643417e,1,,0.994709,2025-12-19 12:04:35Z,2025-12-19 12:04:35Z,0xb6d22c47f98e32e0dcc94c95556dae4bd66ea6cb59775df0c8845d25f029095b
0xf04a3176206cdc992f03b23cb1bcf18a15b8c43a,1,,0.994514,2025-12-19 12:07:47Z,2025-12-19 12:07:47Z,0x15dd35997db65486e311348af67410be5d800a490dea75c4bd12b628e9f94b53
0x471cc0076176e545d049709feb32648c507860ca,1,,0.994399,2025-12-19 12:12:11Z,2025-12-19 12:12:11Z,0x5bdb4749fd97bbdd657abf7d089c95f6e970119c2218f0cc7e2c9cc02f741611
0x4b1a592076a36bce1332519aa917349f56b76b6f,1,,0.993778,2025-12-19 16:32:11Z,2025-12-19 16:32:11Z,0x37155a65c3afe4ec6e4b3fbcdd2dd47078b32a8d9a948f2eb231bc481ba3c2f5
0x1dfce789116b2e07d96fda1b0722448d1705f361,1,,0.994337,2025-12-20 01:19:59Z,2025-12-20 01:19:59Z,0x4c16044868a1c2a8b7f96ca81220d8c047c997c42a7b7bae6c84ddc11f6f048f
0x76d8c722b53a570559732013bf085579a493a677,1,,0.994037,2025-12-20 03:26:23Z,2025-12-20 03:26:23Z,0x05007fe414b9bf15989d4c4e29fc811539613b264fdc9bd00d491609dd291735
0x642448ba45d2e43c7be4375ba1a77b2be3cab236,1,,0.994534,2025-12-20 03:49:59Z,2025-12-20 03:49:59Z,0x3e8551ded515d578e7a1db7161c5bfc1bf4528d10f1eed4fb13d2290419da14c
0x9d0656d96e9b36da13e29308f042e30eafbc3326,1,,0.994536,2025-12-20 03:53:23Z,2025-12-20 03:53:23Z,0xf4ddc0bb8a166da996c888ec52582097d1bf6c0fec663dc38e2b0da4a39f87a4
0x3697cf08e7cc161b3d7b0f88e3ea089ac51b2843,1,,0.994733,2025-12-20 04:35:23Z,2025-12-20 04:35:23Z,0xbd5c51103fff90f8a282bc30f40f2aa34f4a4c7ae66b11c6b9ff9f3e11319b32
0x26191c88ab1af834f4f12d6b7eceddebe51f333f,1,,0.994537,2025-12-20 07:45:11Z,2025-12-20 07:45:11Z,0x447638904edaa94c95fac5a3ac4175226fda23ce8298042984cc0684eb9aa602
0xcd06fe4e2a957b94cbe4dbc863decbbca3b63c4f,1,,0.994735,2025-12-20 17:13:23Z,2025-12-20 17:13:23Z,0x8e958463f4328dfd21742ee984a7381dc79a6db1c38bc77980f3c38c77539be0
0x38ba70884d56c07c8ec50688c408ec07530552d0,1,,0.994736,2025-12-20 17:19:11Z,2025-12-20 17:19:11Z,0xaade74006877f008fce405e61765cb6c365d46ffbcd237c87583cfa1b2e6cc5c
0x1d49f92d62d4f10f4639be942885527ac6db4672,1,,0.994736,2025-12-20 17:24:35Z,2025-12-20 17:24:35Z,0x1a8a7d3783f08bf0478e1e6264866ee0f4b11aa4f40af4f80b259b33db1efc5b
0x4fa4a965c2b0464d35c982710b93aa290f001034,1,,0.994736,2025-12-20 17:29:47Z,2025-12-20 17:29:47Z,0xccd8e200f3cb386cf088c27d7a39b4db906554241c003340cb1bd0bb2ec1922a
0xaa3d64b578086f3fb967a82fde115b5b51c0b2a5,1,,0.994733,2025-12-20 17:34:47Z,2025-12-20 17:34:47Z,0x1f0c83ecefb74cc0dd796e41180a1fc58e7e909623bb611e1acbf341de68674b
0x5d73d63398796d1067531b12885cf8646883cea1,1,,0.994735,2025-12-20 17:42:59Z,2025-12-20 17:42:59Z,0xde26b49a4aa99c8df3781fb9cd4d72b3f074d8655248f91b7b68293572f3cbf2
0x8a1e8a3b2b663d3f70073ca9c78c4525ec5c234e,1,,0.994735,2025-12-20 17:48:47Z,2025-12-20 17:48:47Z,0x9a7ccc054143a5d5beee81a823731b03de29f4f8809366f542c1cf5489f69756
0xb9ad42e8985d8b3c1c0201e3f3f04dca87deb1bc,1,,0.994533,2025-12-20 17:51:23Z,2025-12-20 17:51:23Z,0x7bacab3a17eac8ebfccde3d7838a78efc0e8d3653a6b96b4b36b1cfab6fe6c91
0x2335f3c2d63e4050f29fe92be8e7cc537940ef3c,1,,0.99405,2025-12-20 22:44:47Z,2025-12-20 22:44:47Z,0x92609bb06a5bc3eb99bf8c2b4a4ae63a75de42edb348748d0bc01a5f048da8f6
0xcd45b90620f2092ae3f03662f488a42d018fa37f,1,,0.99405,2025-12-20 22:56:47Z,2025-12-20 22:56:47Z,0x2cad6bb8cf73bc925272419bf9bf6d187761f3f4b89e84e46da1ffb0cbeae04f
0xdbe7b80f6326e6bbb541d996efaf9f5b89506ecc,1,,0.994737,2025-12-21 00:56:47Z,2025-12-21 00:56:47Z,0x9177556379dd894d7e628066880d002b7630ef40a3ef7f643a5964b11898df68
0x70c23c2e1f81a85c0178976b8cb3229847664251,1,,0.994035,2025-12-21 03:10:59Z,2025-12-21 03:10:59Z,0x71d239e3f2271e0345181f1d4606a9cb59d263b4d55b6bd192eb6b831eaf20bf
0x9ac699fb81f1c39a2742ea213d956509cdc10dc9,1,,0.99435,2025-12-21 11:25:35Z,2025-12-21 11:25:35Z,0xd46c980f4c561dbfe72c514dd2efe919897a0dd67c5d5f3ead500d816dddb072
0xed21c6590405ed8577dd14c4f79985ccf401b4b1,1,,0.994028,2025-12-21 13:21:23Z,2025-12-21 13:21:23Z,0x6b5c072b9daae5c9f7a384ab2324f571a11d5beba88da94e92a25c2d36995c9f
0xb88576e7bce067d835107f6cdf309f85a24836e5,1,,0.994528,2025-12-21 13:31:35Z,2025-12-21 13:31:35Z,0xa4aee64479fad95c81955df3a452cf2fb3930e417b195d943d9715d3a0546c2f
0xae370f0ffc2501bb536f92c5a587fd17d761b14c,1,,0.99403,2025-12-21 13:34:59Z,2025-12-21 13:34:59Z,0xa0b1a5c181b362c0b61999f91d6adbc0993f155bcbb130dc6ba7e329e46ee2d1
0x5e65f3fc21fa7db070714a232f26e20b673d4b50,1,,0.994534,2025-12-21 15:03:35Z,2025-12-21 15:03:35Z,0x07e4c926aa4f5a61e8d1be55d0856845c078aba62c4de517cf53221837f286ea
0x5961d07d653b6d928413c86b8e70682f54ce1329,1,,0.99405,2025-12-21 15:49:35Z,2025-12-21 15:49:35Z,0xa2b92cbc7380732c32d4d1e0c4920b5bc377c86258120fe76be068846abdb4dc
0xf8b9a1929c4f774641646a74e4d1f0f7fa2a19ca,1,,0.99435,2025-12-21 16:02:35Z,2025-12-21 16:02:35Z,0xa6123e6fa9f854f49df6388d4298d656d57e81112c5239e30634edc20059a9a5
0x05da1983ab5451ecd305a91b208f0006e912b22e,1,,0.994033,2025-12-21 16:24:47Z,2025-12-21 16:24:47Z,0x0c08bca1135c9880e22dd510505a0fcbc67b086fab768d45a1af349a3fd344ea
0x143f2952b35794bac8f2fc98b3febeb824efef29,1,,0.99405,2025-12-21 17:17:11Z,2025-12-21 17:17:11Z,0x9e99cbc294da7017b588071dba18de97d6bbbde9bef5434c01e63f479646cbdf
0xcb8c090c68d7324d782279f504ecdb50c75188e5,1,,0.99475,2025-12-21 17:22:59Z,2025-12-21 17:22:59Z,0x552914e3a8808874e922dc44ad20f063028683d8991ccbf63873ff0cf668a720
0xf09f79578450f3b9dd96c75a45aac9f095d11921,1,,0.99475,2025-12-21 17:30:59Z,2025-12-21 17:30:59Z,0x3a7ddadf60e54e2c129dccbd6b71fba5c242934a679485cd7b23dcdd357aefa8
0x7b391959ce2f08fda760b24e160dc497eb65ead7,1,,0.994036,2025-12-21 17:33:23Z,2025-12-21 17:33:23Z,0x082f9c1642ea813e286d9abe9febc689479cb47703972f34cb99b18e7242d613
0xf228c5d315d6b6df4b6acb7bba22c25e6766a2a3,1,,0.99405,2025-12-21 17:36:35Z,2025-12-21 17:36:35Z,0x324e553a2523b986b57f08c2f737fc79bf9ff9c8a777aeeb7dfbdee01c820373
0xa20706b1f8794cce123bbad1a82e7c8c1da22761,1,,0.99455,2025-12-21 19:28:23Z,2025-12-21 19:28:23Z,0x6bb98677262fce25dc86d97100efe9acbe8f3ff7fb750d0711083c85b1d73114
0x914b6c232c9fccff747374850aa3aa8bc6f171fe,1,,0.99405,2025-12-21 19:28:47Z,2025-12-21 19:28:47Z,0x7fb80dc44faf3a2b8cda6ed56abe47e19504314d410198b29ad2cd3b840d98af
0x4bb820c8828bb841bf12b2a2b815b095789ddd33,1,,0.99435,2025-12-21 19:38:35Z,2025-12-21 19:38:35Z,0x8a73884b6d80c3c5c8a271d06f19e7a5892399a1631407f7bf6ef08be04ea0f2
0x0c7a597358e77c5628b5a332a11a749db00eff84,1,,0.99455,2025-12-21 19:50:35Z,2025-12-21 19:50:35Z,0x9289a06341a32e75b17daefbf1b213cba80ca3839a61c370f82499cbf2349fe1
0x338598a8270607926e91741690a1bf11dcf19e09,1,,0.99405,2025-12-21 20:23:11Z,2025-12-21 20:23:11Z,0x85e46deefd2c6a20b2a853aabd47713cc5cac56998a0b0561b0169281d9f14dd
0xfd5068d8c5d251b458f269e6361d362675d8c3f5,1,,0.99405,2025-12-21 20:24:11Z,2025-12-21 20:24:11Z,0x505dc3c5ac478b477674b0647b2b4990c0638717071ef1755ffc487805795e60
0x86065fbc3d0357d2439eba8de6918ad8c205c500,1,,0.99455,2025-12-21 20:29:35Z,2025-12-21 20:29:35Z,0xaee79d842909a3f7fd1e7e8f062e97715e72de317ff14859fe2be94b9093e83f
0xda0c30a382b278f7b5e1216bface216a2622304d,1,,0.99455,2025-12-21 20:33:11Z,2025-12-21 20:33:11Z,0x54295982b826f10b1f1d7f1be76af5719f3d40c72e7118a04dc2e47108f35b5e
0xcaee69c801adf3d443da67801758a47853fda2d9,1,,0.9945,2025-12-21 21:19:11Z,2025-12-21 21:19:11Z,0x719e271c95f49087e7f8ff7c3e4cc3fbf6676c1c6d5b4465db19e70e79fd4ec2
0x608937173f511a9adfa1a02e74f8d5407d7982e4,1,,0.99455,2025-12-21 22:26:47Z,2025-12-21 22:26:47Z,0xc9c5dbd46c980bee150c4709d3a40bf198b4f06c3ec68a39f8654951391933c1
0x731e99290ddbb7330a998cd94a9693241ded7bab,1,,0.99455,2025-12-21 22:34:35Z,2025-12-21 22:34:35Z,0x397a9276109e4fc5af9f1765b40d2e94750d846fc04bc1e3462c4fb7236a0bf8
0xe3ab7f99893f5f5b9ba171bb8d44a21332bec1d9,1,,0.99455,2025-12-21 22:56:35Z,2025-12-21 22:56:35Z,0x79a444207af42e0596190e69a7e7ed2b5c6cfc80f4c307a41a87dce57dd20b26
0x63e7d4e75fb6e463c8457f66c09f59ad1198f973,1,,0.99405,2025-12-21 23:40:23Z,2025-12-21 23:40:23Z,0x607e7f48cf7a3d0856164108e3ed6e64149001b07ca93aa2d95742e12e2d39b2
0x26696ac05a11504717ab62c4a2139c7586a4ceea,1,,0.99475,2025-12-21 23:54:23Z,2025-12-21 23:54:23Z,0x92750cb7f5b261a7678c02345981bc57151a5f8f3d1db4f647f574ded07fb310
0xdb37bab3e497b568dd6a97caf766405551c38316,1,,0.99435,2025-12-22 00:17:11Z,2025-12-22 00:17:11Z,0x06763f79b3e0db08165090f224101cee69e8e7f5e65e74bd177fdc56fde34a07
0x34df79696ea50e66ff94a0e39e221771a23ea4a7,1,,0.99475,2025-12-22 00:19:35Z,2025-12-22 00:19:35Z,0xef25b7345508c337c8d6a5d3cf8f1a1004a2dc2ac770cf6984d4f5b1558539da
0x7471084410901ebf5508e9e55ca64659f3dd90c3,1,,0.99455,2025-12-22 00:19:59Z,2025-12-22 00:19:59Z,0xc9284b36ea6191d5bc0da5c019b0f3c8d05a12bf850af4e53fabcecde3d09947
0xa476539b6ca73dcdffb6fb97a9231a0b7912da89,1,,0.99405,2025-12-22 00:31:23Z,2025-12-22 00:31:23Z,0x2e948d828cd3ee611c134160067c7208e5f62613639c7bf1971d8f821947aea5
0x910a74c26b5489dfd4b68ec947e9ca7e29dd9f78,1,,0.99455,2025-12-22 01:57:23Z,2025-12-22 01:57:23Z,0xda1529a4e14619b890bb1037600c913c7b5fd1c6726620d50a719799b7bbbf2e
0x4402d6dfe228a59af30d4d8bc5e192b76e5d5a81,1,,0.99435,2025-12-22 02:08:47Z,2025-12-22 02:08:47Z,0x29ca324a4181c8dea848bf459febf2e3d977bea5c0108331b12efabc9fae0e03
0x5b2a988c32e6019277d8543862184386483c4751,1,,0.99405,2025-12-22 02:16:35Z,2025-12-22 02:16:35Z,0x1db662e609cbce84ed95ec5f9b9acf22698ecee03e49822b6b877a2ddedb0738
0xffba73e11460f6f1b85d10d8be05c825293a1359,1,,0.99405,2025-12-22 02:20:11Z,2025-12-22 02:20:11Z,0x13643fc440fa9f7f6d227f56254f9a7a016cca6f4f555ad701724be9a5420167
0xd80a3eaf25bc1bba8864aba2e77a435cd3e4853c,1,,0.99405,2025-12-22 02:42:35Z,2025-12-22 02:42:35Z,0xb06e27f1b2f35368255afbcd5fe05b5774b6d458eff745f04970f66b1bf0dbc4
0x1b0f9142a8fc187d5a7f8089e90dbba1bc4eccc8,1,,0.99435,2025-12-22 02:49:11Z,2025-12-22 02:49:11Z,0x20410c1e2ac971f44491f8269273ad9d6d11f81d762ce9db607e641c915abb51
0x13470ff5232b6abb520ee36b8b6718995f32a0ff,1,,0.99455,2025-12-22 04:32:11Z,2025-12-22 04:32:11Z,0x56ab4c92e45ed54b9e7b8770c5428710abf9c799d5145833ef85fa7b17b6d86c
0xf75b99e3aa4b4bfa2359fce619ab7acf670fcef0,1,,0.99475,2025-12-22 04:35:35Z,2025-12-22 04:35:35Z,0xe2a20b4c59dfc5f065531d7a3063fa36728a95074b0b110106e35ca85f95c04c
0xacdca62725a959c1756119771c2bd1055e199a8d,1,,0.99435,2025-12-22 05:08:59Z,2025-12-22 05:08:59Z,0xe9b7f2bad95478d5af4bcaa1fb6d17710ba7b50d95d516e6f012e882dcc97e54
0x186e50d5faa7662c911288a7c56578650f2681ca,1,,0.99405,2025-12-22 05:10:23Z,2025-12-22 05:10:23Z,0x7669f4e45b97f53cd5b3d4ff1df02e3de176b5f9a77b5224c8a2d3b5cb7c1c5e
0x09d5fc90a54533923efbadcfb214ddbe449db713,1,,0.99405,2025-12-22 05:22:23Z,2025-12-22 05:22:23Z,0xf510e462fd2bee6fdd6290bf2ce18effbabc02177de2f4de73187b55ca71ed93
0xcce6c8246b13cecd614e41ed55f872375fc06925,1,,0.99455,2025-12-22 05:42:47Z,2025-12-22 05:42:47Z,0xa3f2dc2d7a8782e9c15da174677b2f287ea3474342d5b238a7343a69f1a644f1
0xc3b995ff77001fc4ca7374f91517da3d81830fd0,1,,0.99455,2025-12-22 05:54:47Z,2025-12-22 05:54:47Z,0x0f5038ed87ec53d3cb5447a33e7da1aede81da1bacda9aa7945932eede31fffa
0xc1b7d31292e8ebc4e94a847ab64234f4d329def3,1,,0.99475,2025-12-22 05:55:11Z,2025-12-22 05:55:11Z,0xab02fffc7e1842065e4ba068e91c2215e6a6514545d0006cd8b52037a151be95
0x4da82918c9b7174c6c30b3c6f8bf57d24efbe8b4,1,,0.99455,2025-12-22 06:58:59Z,2025-12-22 06:58:59Z,0x74a0f267d0c94a84999311d8cc654ebf293961a06d773a2f3667ec757549ab82
0xb86d231938674bb2a512b2ff1aef3e7d702fe11b,1,,0.99435,2025-12-22 07:00:35Z,2025-12-22 07:00:35Z,0x22c2cb5666d6d871746729a6ce883a51e3da97fa278fbbb688e602611160f4bf
0x7012b4cd3f817a484a00a8332e17e8894b4c69a2,1,,0.99405,2025-12-22 07:02:23Z,2025-12-22 07:02:23Z,0xe8defb90816d00b2d11f921ae10bc10af1d166bb9eabeeaf69d48079beca5fe1
0x4e1597db7f46ac80eaaf9fc9bc1749978b5ffd90,1,,0.99445,2025-12-22 07:06:23Z,2025-12-22 07:06:23Z,0xaf0821c0b8ea9e3c3874d59a7dd4671b8a69ff3acb75dc3154c6dfffe54fc30f
0x660b0a9f45850d6c6d10128ac1000db24c82c7e5,1,,0.99475,2025-12-22 07:21:11Z,2025-12-22 07:21:11Z,0x4ac23a13c0418f853f3ffc616d97090cd6690732120f28bc8b1e6a0043def0ab
0xa72f4534bed54005a17de1caeb692085ab5c78f9,1,,0.994733,2025-12-22 08:18:59Z,2025-12-22 08:18:59Z,0xbb83383ffb2955d5bf983bf88025789860f91258c7cfce8ef10c9e47ba11b000
0xa888a72436738e434f09eb8d1c242f4228426e65,1,,0.99405,2025-12-22 08:28:11Z,2025-12-22 08:28:11Z,0xa92a186917b2ccd0b8d5402b359a8736ce0000e2004ac698f66884c76a8af442
0x1ad66456750b5eb2a504357449a00fbb608f8085,1,,0.99405,2025-12-22 08:39:59Z,2025-12-22 08:39:59Z,0xc046dd16c6696aedcab0be35026df396acee2179ca1ef4b86e48f116b9ea79c8
0x2958c06d9d0d7c8801b23c6c612fc8be93fbe43c,1,,0.99475,2025-12-22 08:42:35Z,2025-12-22 08:42:35Z,0x7aeee7ded444a4e0ccaf38dbda5d2e4ab641bfda9c0e927fc85a9b313591a0bf
0xe376e820e684dda769aa390baad0bdc24f40d05a,1,,0.99455,2025-12-22 08:49:35Z,2025-12-22 08:49:35Z,0x7c8144d9ee0a91a2d471bf4f570b67a2c315dd0226e2c450d4ca1d0595442dca
0x92bd8f24d2520dbbe83e9dd5a897d133bae81028,1,,0.99405,2025-12-22 09:03:11Z,2025-12-22 09:03:11Z,0x0b02fac6612be5bc00fe8cdede9fb667e02c4f5ea1f0e2b6d92c84c0ea911bdc
0x023c64ed9914b0be86184c718671e4d92eddb2a9,1,,0.99455,2025-12-22 10:25:23Z,2025-12-22 10:25:23Z,0x271ac2a14e22b69a7c1ffdd4063f387ba0426160a33a055bcd69b4367e16c509
0xe88e9a465c22ba86a75d185920af89e9abb25e97,1,,0.99405,2025-12-22 10:32:59Z,2025-12-22 10:32:59Z,0x24981379990f26a1f0c30f4784700bfebf30e14dd552df3a9b73c34034138a43
0xa41821aa4e8b2861133710259c4abf974ee53d1c,1,,0.99455,2025-12-22 10:36:35Z,2025-12-22 10:36:35Z,0xabc1950fbe0b426c7b8dba3e7d23284862db8fd9413748af185e792556c4a913
0xce56935e9e4edcce430ef8443c4a380b0425d9ed,1,,0.99405,2025-12-22 10:45:35Z,2025-12-22 10:45:35Z,0xdd23de43d31a8dd8eef5c6d4fddc404abccc92ff5d4dd62f661cb8cbc475db37
0x930743a63ef38decdb99a07b1b291229d73424ed,1,,0.99455,2025-12-22 10:49:35Z,2025-12-22 10:49:35Z,0x9bf41c882bf6fef877b58ce2da36f8375e367df13a8233c657971e6a5feefef2
0x3ce7f2a43f4dd204f0771d5c56ef8a60ae77e266,1,,0.99405,2025-12-22 11:03:11Z,2025-12-22 11:03:11Z,0x48f30c8a9b7de9bdd87d9e8b1e079bb9fc0b7aa78b5380a3f4d9a05ef41c8dc6
0xf980bbecdcb7e0aa3f5d632558a7dc539024f343,1,,0.99405,2025-12-22 11:09:59Z,2025-12-22 11:09:59Z,0xe67d57075d9ac73daacc897bf932ba65587d8cbbbe92c8f37ae4044b494847fe
0x094f76178ecdcd9bd7acba76f2b8c7813e3ff510,1,,0.99405,2025-12-22 11:26:47Z,2025-12-22 11:26:47Z,0x12cb278a705cb4e3bce4cbe9da13e759a286dcd283fd054a8a00414de4ab6fcf
0x111f808b9ef0e577ed5a84681a6e0405be48b729,1,,0.99475,2025-12-22 12:10:11Z,2025-12-22 12:10:11Z,0x51b524d198160068e75476f909e78d03052f07d39fa7cf94d7fe85ceb761f9a8
0x7cc7929c33d4c6fd9088683ae6f375da09db740d,1,,0.99435,2025-12-22 12:11:35Z,2025-12-22 12:11:35Z,0x6dfe4d821360b14b8b286d7f2231eaf815d94d8343d5d7b65f5dd3fe3990fadf
0xf0734843c7baba7141324d253b3d1bae35c69d88,1,,0.99475,2025-12-22 12:20:35Z,2025-12-22 12:20:35Z,0xd461ea918dcf84597607ae683d77fd5629799485d3bdba9bdbd6e276a308939c
0x6bc026be3708ebbf7837461640654f8bd625bb5d,1,,0.99475,2025-12-22 12:22:23Z,2025-12-22 12:22:23Z,0xd99f6c8910c9552d8865b80cbba8c9c694d4c253bba165db66ea271dea4372de
0x5e6191aa5b7b2b02f3736051f24ec67149dc51ec,1,,0.99405,2025-12-22 12:38:23Z,2025-12-22 12:38:23Z,0x85c7d0fb13babab27cc4c6da1c67f6969464054ababd7a3014fe3b406d26bed8
0x95287987b8c293104b654ce17475b250808dac2e,1,,0.99405,2025-12-22 12:41:23Z,2025-12-22 12:41:23Z,0x52953802c73a6c193202eb0364a42d391cb0dae059e546d66bb5d93e8aece4dc
0x6f1548aac1a07f27ae2fac546b3b88421079cb1a,1,,0.99475,2025-12-22 13:28:23Z,2025-12-22 13:28:23Z,0xa63f8809708714dbe4025cd4d38da6d2ac5190d40cc1889ca45efef5a01f3c6b
0x834652ebe788477f9bf2021520452a5438f34c5d,1,,0.99405,2025-12-22 13:39:59Z,2025-12-22 13:39:59Z,0x2b485ab5f0ddf5215ace84af916b076059c404381646f4fa3e7fae48ceadce4a
0x7bef2b8a68f6ce2742434f5519bc2e8dd868092f,1,,0.99435,2025-12-22 13:48:59Z,2025-12-22 13:48:59Z,0x59c48621ac2030d9982ba864b9a4a9117ee14ceef9f13c84497db58109367de6
0x26780108d9941549cf8a117bad1ea5f9bccfda97,1,,0.99435,2025-12-22 13:54:35Z,2025-12-22 13:54:35Z,0xb257ee736eaeebe893ddd86f1ca03a3a1d35671a09e2fe6590fcf2de9edba9c6
0xa9ae7c9acae323e552c57ce66cbd2a3cc1cb619f,1,,0.99405,2025-12-22 13:55:47Z,2025-12-22 13:55:47Z,0x3fd77fc63a7007f364f39301f00bc81f8926a41bac228b76db21a9a2852d750a
0xb0cc5fb34157cf2a1ce7da2ea7fb4efb9b527de5,1,,0.99435,2025-12-22 14:32:47Z,2025-12-22 14:32:47Z,0x550321f0487a8aa9d6b74b9a11bffb7c97eada4cc174d6cf8b86c7549ecaa64b
0x3262e5c1f7ccca4fea0779aefe61fc1d7715ece8,1,,0.994514,2025-12-22 14:58:23Z,2025-12-22 14:58:23Z,0x05b0a9908cb40ece830a0e30bd6e377c078deaf1fa2a329423bf5a3f44e335ae
0xdb7d3a0dee0a1bc255e151bef854d4c58c08acef,1,,0.99405,2025-12-22 15:11:47Z,2025-12-22 15:11:47Z,0xcbc9bab22d1a5e0ead4850c4a0ed6c3b59c5fb9b039089c6efaa6e814b803438
0xbbb87e58894e28bca5bc03801c11e3c19b4df384,1,,0.994718,2025-12-22 15:12:23Z,2025-12-22 15:12:23Z,0xe201cf81f896a94ae6649e0dfb5a4ce84fc298f0ddf8b7c451bea29298db1821
0xe991b75a11969d28f6c29d5202b0933ca46870b1,1,,0.99475,2025-12-22 15:12:23Z,2025-12-22 15:12:23Z,0xe1dab28a58d043a13caba20ea8fb490247056ab731660fd06a340fcb9ab3d27e
0xd81f8bdaf8d18e74cfe654c550bd24fad351a0e8,1,,0.99475,2025-12-22 15:16:47Z,2025-12-22 15:16:47Z,0x8833ba6b6501c177cfd07ce85a528d512ab59c530bd868593f9eb825f2843c36
0xd4e6d03c870f81632a449a4720c8f2fa0ec75d6f,1,,0.99405,2025-12-22 15:24:47Z,2025-12-22 15:24:47Z,0x9dd4f7f4985699db28ae826bf93617596a47d7950a0d297a85536e3d1f659474
0x5f50948831059e63a144d6d1c5d58b783db34f36,1,,0.99475,2025-12-22 15:25:35Z,2025-12-22 15:25:35Z,0xd99b9dc978a116bd33b85ae36befe77bde60e96359dccdc0c618a646a2fa9747
0x44478aeddc01d2a9d28a41657a226283db1612fb,1,,0.99455,2025-12-22 15:50:23Z,2025-12-22 15:50:23Z,0x7fa0ddfb0a90be0df317c238841d864faec2c932904a4e9d57174729972b97e6
0x699301e32694095685a69dccb0bfc79df18c233a,1,,0.99435,2025-12-22 16:39:59Z,2025-12-22 16:39:59Z,0x4aea253545f6ffed42da852b07dffad0aff248155a3af93c1e95c31aea88bb51
0x9d43ec6df9e50277fb4d5f9d6af9d5aeb0e48170,1,,0.99475,2025-12-22 16:50:23Z,2025-12-22 16:50:23Z,0x7e3f7e8b874755f18e392008cc6853cb7be718109b3ce09034c7fbb9b966cc12
0x83c27845bcbb5847bee5bc8bc6a199842f6381f9,1,,0.99405,2025-12-22 16:52:23Z,2025-12-22 16:52:23Z,0xfdc514d83640ff6cfd33a1be9593b55c1ece5baa737256870ee6f2d3599ca319
0x9e919d7f80e58aa02b3e6a005a83fecefb12d1c9,1,,0.99435,2025-12-22 16:54:23Z,2025-12-22 16:54:23Z,0x424a8442982d6d23226132d2fc79054324144861a89404094377d015fa1a8ab1
0xe07328319e5fab57c1e30c18dd8c9ae720058912,1,,0.99405,2025-12-22 17:05:23Z,2025-12-22 17:05:23Z,0x91bb7352fda8e7004fe3e8285b68e31abc171a12e642c410b31dc958709f6537
0x16f76b8b5a636076afd2b51e532df6f840a44e72,1,,0.99455,2025-12-22 17:16:23Z,2025-12-22 17:16:23Z,0xce6409b637dd84140b7d170870f53770c20dad2a76654cc775d6003cf64b8465
0xeffc5de09139e7f86535ef3e6a2f55b1e293e009,1,,0.99435,2025-12-22 17:47:47Z,2025-12-22 17:47:47Z,0xbdaa1be43768483944cf0626cdb3b51bc136e036aa4c2c461e59a2e13c4310b0
0x1f0410d4997962468ebea477add8cacc1a6063d6,1,,0.99405,2025-12-22 17:53:23Z,2025-12-22 17:53:23Z,0xcbf72544188c527804ba9bf4c1f26d5cf1d388c9bc5aa9433e7832ea0c601a73
0xef16114aa41fb80ba1a25849665b2e5dafb21f03,1,,0.99475,2025-12-22 18:05:11Z,2025-12-22 18:05:11Z,0xfd10b2a92d1e6259af9693ccea2da154e803a3380359fd0774314105509e1d45
0x2ef10e05908d522ef766662d96fc0e0306d4b1c7,1,,0.99445,2025-12-22 18:09:47Z,2025-12-22 18:09:47Z,0xcb83883d91230aaeb08f9c0ab6e944e873be81544dfceb3efb6d76b6051b2841
0xb072f2dc9d2197758c310349e205a1b56e1c6b4d,1,,0.99455,2025-12-22 18:14:59Z,2025-12-22 18:14:59Z,0x9cfef4e97dfa0788d35d8409603c5fad6bbe3e55d19520e9cdfeecee2fc7b987
0x2203e7d946256e3ec42b50a4d274c6d936f96d98,1,,0.99455,2025-12-22 18:31:11Z,2025-12-22 18:31:11Z,0x2c41c9edf05fff3d0a4f47e399fde08b213087fc729981431e9e1fdb81275b49
0x785fef2f5478ac0ed1e5074f66a8a1d2ed0e40ba,1,,0.99435,2025-12-22 18:33:11Z,2025-12-22 18:33:11Z,0x3ef74a14d4868f73dbe5bcad01e5b74635a1d60fe4ad22bc5fa6be6f12d12a33
0x06847757a1cea4ced031b9ee0f10b78f1b3acb9f,1,,0.99475,2025-12-22 18:45:35Z,2025-12-22 18:45:35Z,0xb7bb0361ef665d44c781fe813ebced2896e85433bb27b8d18724b2158bb2dcb3
0x22d8d1aa3b830c8bc90704ec73678a0cf779f4eb,1,,0.99455,2025-12-22 18:46:23Z,2025-12-22 18:46:23Z,0xf69c96a6d1cba9961234c39fdf1da666f749b59210a453b9403816222b2673da
0x22c7a507aaaa6f10a59292e2d861d33b3ff7de0b,1,,0.99405,2025-12-22 18:51:47Z,2025-12-22 18:51:47Z,0xb5f5496003277609b2e1ae853b1cb6cbd5b2bb9b98017c7e439b3c73bd6b499c
0x111811142ae08e70a306e5605459e1840511d0f6,1,,0.99455,2025-12-22 19:05:23Z,2025-12-22 19:05:23Z,0x62c0e99e226db566f5c379a65b0512901ff64d31634083753b15cff8df7efa35
0xaf9d55b281de4722a06b2bbe65e777edda0f681b,1,,0.99435,2025-12-22 19:17:35Z,2025-12-22 19:17:35Z,0x04f37742c0fbd08e0ec7a94a29b2c0b8340faea2a8d86998a319edc05bffa183
0x8856daa29ad683405f2c733bf41ea78f62918067,1,,0.99405,2025-12-22 19:33:59Z,2025-12-22 19:33:59Z,0xc5cc3e332caa0eff28c7dfc92ead1b75d69f50aa5ce62e174a5e9e4634b4f972
0xc5822d5885c1abbee4fe8efd81b179e1444b6d57,1,,0.99475,2025-12-22 20:10:47Z,2025-12-22 20:10:47Z,0xfdf01834f476404b8987c8d47ad118bbcf491f0b8cbe9d717d23d5dca33a9623
0x3ec676b359b9ed29d60997208a4f7daf3dce2fe9,1,,0.99405,2025-12-22 20:11:23Z,2025-12-22 20:11:23Z,0x58c01a5126ac94f22875721cf494f8c8b370116909a89fec5c5b90dc0ef007c7
0x891375b51197a5f707724baf49a00fe41d2ff571,1,,0.99475,2025-12-22 20:14:35Z,2025-12-22 20:14:35Z,0xda977a976d511d721be5c6d3d57266349c9e0aba8102fa6a31274f62c4796542
0xadd2d4cfffe09c494d2af93ccf1bcd30475a919f,1,,0.99475,2025-12-22 20:21:35Z,2025-12-22 20:21:35Z,0x4fa1eccef04208b4af9dc18d452d2fdc761786112619bc5d54a26b82d5682730
0xb0c7d4815631806180501feb404f329bf34ba52a,1,,0.99435,2025-12-22 20:26:23Z,2025-12-22 20:26:23Z,0xfe29e5d5c912546fa761c5693f4d8ae5051f14847f53f67e14ff52bd0df0109c
0x92d100bbd0fcdcd98843167e6ab8e96323713b91,1,,0.99405,2025-12-22 21:39:11Z,2025-12-22 21:39:11Z,0x415033d7c870d3382ea678b99fd55c6b109ac854d82406642a914a50ccb5178c
0x5f5e78f8496fe7c25a3ca186f5dab799d744d505,1,,0.99405,2025-12-22 21:49:23Z,2025-12-22 21:49:23Z,0x44b87d5a56a11ea6d9b64ea3e514a2043bb0df31604bbbfbb6c9cf7a0470217b
0x640233d9a00953e9b27c031a7cc3783ae405ce24,1,,0.99405,2025-12-22 21:50:23Z,2025-12-22 21:50:23Z,0x01ad013e3d7ec9fdce403b54a42ed1b9b3c15fc8bb6267cdb3bc34e9e2e15bee
0x1bdec7923f9e8e472a30a5aaf82f78855b182458,1,,0.99475,2025-12-22 21:53:11Z,2025-12-22 21:53:11Z,0x331638f2b4b16721df40efa84ef165e9aeb75a2e8a255c3a464599439f2e8ae4
0x8aedc1a25cdd9331bbf14e2df202ab2847daa613,1,,0.99475,2025-12-22 22:00:35Z,2025-12-22 22:00:35Z,0xcdea90168b004dfdb2aa3dae7f412e263f051a8937232ce76788d95462d4ce0c
0xee3a7ca32e21c011340f80887199ab38fe2a9cd1,1,,0.99405,2025-12-22 23:23:59Z,2025-12-22 23:23:59Z,0xaa5ca0bfd9bb736bd40645fbaa1482b5bbb296a0880003aee3afe3e491a09a3e
0xd61bfc72cc9fe3db3e3b21e832b400aefe36f093,1,,0.99455,2025-12-22 23:33:59Z,2025-12-22 23:33:59Z,0x1ed9407ff33a0655af59c48bd5ac493185a911da099f766d584d6f796c57d384
0x91f3c4c3a4e04b94e51ea63742812d7fa1f8bdce,1,,0.99475,2025-12-22 23:37:35Z,2025-12-22 23:37:35Z,0x8058a2266fb0752de82017ddb9cb222df69b2fbffbed60b53b18ad3a05d8e5fb
0x50dc70bae41759de687a0957f9683c0ccd2be3c4,1,,0.99405,2025-12-22 23:42:47Z,2025-12-22 23:42:47Z,0x3e8e5671286005111d2e85c52fb016fde5b39b3e43e1ec809b1e8448a2d083d9
0x6da13acaa42b410312e1215628e9dbca2ba5981e,1,,0.99435,2025-12-22 23:43:59Z,2025-12-22 23:43:59Z,0x7142977363f6b26108f133375018bce953f0acf8b2ff137956b19bb81b7726f7
0x61fe7a89414ad25da6335bb577eae18f153d94ec,1,,0.99405,2025-12-23 00:02:11Z,2025-12-23 00:02:11Z,0xc4f9086c2b0ae37a0dbab89428195702643dff955740e9b4e039e9714e242049
0xb9ccdbfed6df26b047dcfc03934309608334ed04,1,,0.99435,2025-12-23 00:16:47Z,2025-12-23 00:16:47Z,0x3fe3c2be99ca7f18fb0c0391ca073e7916dfc88de9f1d5841f2e0ce1046da734
0xaa44cc09ef1bca8d7557280a8d417a1509185dc2,1,,0.99405,2025-12-23 00:24:47Z,2025-12-23 00:24:47Z,0x18902a7097371a3bd2982af672fe9d7a460b9a0504c44eb789505883e826126c
0x5d07b7e87b11d38367639edd0de9f1ae39991179,1,,0.99405,2025-12-23 00:27:23Z,2025-12-23 00:27:23Z,0x3b01fbc29b31f714fafa293f398c912fa38ea58618f20d7b377ef412719360ef
0x08b289aff76be027466213c36d34824bdf83a59c,1,,0.99475,2025-12-23 00:34:47Z,2025-12-23 00:34:47Z,0xb8f4c77fb63a4133959047e0f7d4666decb51c40b3242bedcf73a91fe633a167
0x2cabad433c0f8b9673cfb46fb9ffbec3adea8312,1,,0.99475,2025-12-23 00:40:47Z,2025-12-23 00:40:47Z,0x086fd8127150a086bca19894822eb640e573b2bd976baa1c5af704dc86370d1b
0x37a472e064a04cdb053d23fdc5493199c952deb6,1,,0.99405,2025-12-23 01:19:11Z,2025-12-23 01:19:11Z,0xfe8373eee80b6c5c4e1ba1ad2341deec536b3133acf0de643320c51fd3d2d4f8
0x2a86d9bb622b1d16d5cd75cbc625a1e547f409f6,1,,0.99405,2025-12-23 01:27:35Z,2025-12-23 01:27:35Z,0x72378168a80771790a999afe5b1d200fa5e25cf680e643883244eca677fc64f0
0x25fa6e449f5f3370af77e2297c57257b9bd059ab,1,,0.99435,2025-12-23 01:34:23Z,2025-12-23 01:34:23Z,0xb6c2f5f933a5709fe7be09f55c109c2f2f940aa06b1bb9e687df825675bb036d
0x719334f16849d5da69d3463268771fa639ec9153,1,,0.99455,2025-12-23 01:34:47Z,2025-12-23 01:34:47Z,0x062c750133dcdc1947b6e542b14b534bb95bc34104552b9255f20dfa2b3593e3
